Name,Team,G,PA,HR,R,RBI,SB,BB%,K%,ISO,BABIP,AVG,OBP,SLG,wOBA,xwOBA,wRC+,BsR,Off,Def,WAR,NameASCII,PlayerId,MLBAMID
Pete Crow-Armstrong,CHC,162.0,726.0,45.0,119.0,107.0,41.0,0.114325068,0.257575757,0.290734824,0.326633165,0.279552715,0.372413793,0.570287539,0.3995905319296218,0.3740200750332331,156.52204415678392,8.262670413125306,57.68931648188543,23.19341218471527,10.638353974341502,Pete Crow-Armstrong,27769,691718
Bobby Witt Jr.,KCR,143.0,632.0,18.0,94.0,54.0,45.0,0.106012658,0.172468354,0.159498208,0.319540229,0.281362007,0.359177215,0.440860215,0.3454217464693131,0.3781414000968623,118.7864529132254,9.267568849492818,23.077100562215733,23.03029155731201,6.974863769522285,Bobby Witt Jr.,25764,677951
Yordan Alvarez,HOU,158.0,692.0,42.0,105.0,106.0,1.0,0.15751445,0.173410404,0.285714285,0.334146341,0.315696649,0.432080924,0.601410934,0.428580151794532,0.4415214817698409,180.82117553210745,-4.948807277251035,60.10134873329764,-17.949302434921265,6.788654495990739,Yordan Alvarez,19556,670541
Elly De La Cruz,CIN,143.0,636.0,30.0,99.0,79.0,30.0,0.113207547,0.275157232,0.23255814,0.358543417,0.282647584,0.364779874,0.515205724,0.3797069967262388,0.37644585557639026,139.23092359220092,3.915743828751147,33.96905369512418,8.374974727630615,6.41663242584957,Elly De La Cruz,26668,682829
Brice Turang,MIL,151.0,680.0,21.0,102.0,100.0,19.0,0.132352941,0.251470588,0.182130584,0.344387755,0.268041237,0.365925925,0.450171821,0.35793255925888107,0.3441972718288724,127.49870861898793,1.7007926465012133,24.22387749166173,11.321586608886719,5.870099455743832,Brice Turang,22186,668930
Otto Lopez,MIA,157.0,687.0,11.0,94.0,71.0,34.0,0.058224163,0.129548762,0.132376395,0.33457249,0.304625199,0.349344978,0.437001594,0.34225357117527777,0.32700731045679676,114.86310041940636,5.7272969600744545,18.026382160066678,16.79349184036255,5.8193968442659125,Otto Lopez,19608,672640
Randy Arozarena,SEA,154.0,670.0,26.0,113.0,79.0,26.0,0.101492537,0.21641791,0.202797203,0.333333333,0.281468531,0.380597014,0.484265734,0.3785094535047876,0.3484325037188437,151.48033012748755,2.321866452693939,42.439306388026445,-11.605868816375732,5.5568759143494475,Randy Arozarena,19290,668227
Alex Bregman,CHC,155.0,702.0,28.0,92.0,93.0,3.0,0.108262108,0.145299145,0.199013158,0.274793388,0.264802631,0.354700854,0.463815789,0.3569275595460619,0.3269537405906317,127.90798041121408,0.014047268778085709,23.6118834861521,8.0822913646698,5.5508122392957215,Alex Bregman,17678,608324
Fernando Tatis Jr.,SDP,159.0,704.0,25.0,96.0,83.0,38.0,0.09090909,0.18465909,0.180511182,0.327044025,0.28913738,0.358463726,0.469648562,0.35823518721923936,0.37895305529557477,130.69829400271448,3.0563632091507316,29.087525583496515,1.478281021118164,5.442549136527381,Fernando Tatis Jr.,19709,665487
Gabriel Moreno,ARI,130.0,549.0,16.0,72.0,83.0,6.0,0.111111111,0.145719489,0.175475687,0.338501291,0.310782241,0.387978142,0.486257928,0.3799447170806496,0.36329377003205127,140.99468445058287,-2.040514014195651,25.068052519515632,9.952165365219116,5.382960476760135,Gabriel Moreno,22664,672515
Kevin McGonigle,DET,156.0,707.0,18.0,97.0,72.0,12.0,0.134370579,0.141442715,0.152066116,0.305498981,0.27768595,0.376237623,0.429752066,0.3571510916897663,0.3553349704607159,129.27035481309335,2.5438526654616,26.6132095200893,0.9751279354095459,5.359987667464674,Kevin McGonigle,33572,805808
Junior Caminero,TBR,162.0,702.0,42.0,100.0,101.0,3.0,0.112535612,0.183760683,0.248376624,0.285714285,0.275974025,0.36039886,0.524350649,0.37543127347910127,0.36370401215135006,142.13845436055738,-2.6424457388930023,31.76344444847392,-4.555692195892334,5.303196945129161,Junior Caminero,28163,691406
Miguel Vargas,CHW,159.0,704.0,33.0,106.0,93.0,22.0,0.143465909,0.178977272,0.224489795,0.261467889,0.25,0.362731152,0.474489795,0.3631108945454431,0.37827980655363236,134.49644415654066,2.929332063999027,31.175795171040125,-4.284741699695587,5.278169218878076,Miguel Vargas,20178,678246
Pete Alonso,BAL,161.0,700.0,43.0,100.0,113.0,5.0,0.115714285,0.241428571,0.254152824,0.298734177,0.26744186,0.362857142,0.521594684,0.37922751328100046,0.4018555569510929,147.51413362096656,-3.9566666376776993,34.727918150123884,-10.316473245620728,5.011276502834296,Pete Alonso,19251,624413
Geraldo Perdomo,ARI,157.0,680.0,9.0,75.0,59.0,21.0,0.14117647,0.126470588,0.115658363,0.290526315,0.261565836,0.369597615,0.377224199,0.33640721808957985,0.33276572769987367,111.79407554192615,-1.001518969424069,8.658533354546192,18.11342477798462,4.976832133812271,Geraldo Perdomo,22799,672695
Brandon Lowe,PIT,150.0,656.0,35.0,94.0,96.0,2.0,0.094512195,0.288109756,0.232876712,0.318801089,0.260273972,0.330792682,0.493150684,0.35438669310271287,0.3313992934854023,121.15947606900599,-0.2564785568974912,16.46271825790583,10.566569805145264,4.923582540996109,Brandon Lowe,18882,664040
Dillon Dingler,DET,145.0,607.0,27.0,72.0,91.0,0.0,0.056013179,0.228995057,0.203266788,0.274358974,0.243194192,0.302479338,0.44646098,0.32510423532202226,0.3435274443618496,107.01146805428998,0.045389863196760416,4.995498563973716,21.71023178100586,4.909290713295459,Dillon Dingler,27464,693307
Jackson Chourio,MIL,127.0,573.0,25.0,96.0,75.0,23.0,0.082024432,0.233856893,0.195402299,0.347945205,0.291187739,0.35078534,0.486590038,0.36106774085004567,0.34405638893585744,129.60147551241917,1.4251201525330544,21.855415374136935,4.856024742126465,4.616458504569584,Jackson Chourio,28806,694192
Seiya Suzuki,CHC,143.0,634.0,26.0,96.0,86.0,3.0,0.127760252,0.244479495,0.203669725,0.329700272,0.26972477,0.367507886,0.473394495,0.36605022218492295,0.3398181084419093,134.02655198965124,-3.3551905411295593,22.629279386291707,1.7440862655639648,4.580343333596929,Seiya Suzuki,30116,673548
JJ Wetherholt,STL,139.0,619.0,17.0,89.0,51.0,14.0,0.103392568,0.168012924,0.122905028,0.270334928,0.242085661,0.339256865,0.364990689,0.31757962819629587,0.34682796907658286,101.1499697210202,3.2295988276600838,4.086999294009177,20.40996217727661,4.543271247651897,JJ Wetherholt,34985,802139
Isaac Paredes,HOU,155.0,659.0,25.0,69.0,94.0,0.0,0.107738998,0.13353566,0.185053381,0.267543859,0.261565836,0.359635811,0.446619217,0.3550621347108994,0.323206389822611,129.75753302633402,-2.3149005882441998,20.493741165988613,0.37880082428455353,4.503023637994011,Isaac Paredes,20036,670623
Michael Harris II,ATL,155.0,621.0,26.0,79.0,87.0,12.0,0.037037037,0.191626409,0.196277496,0.32962138,0.294416243,0.321486268,0.490693739,0.34937057313795616,0.3419410544817413,120.6998702126469,-0.5937515660189092,14.889632391701614,8.875852823257446,4.4754173776565205,Michael Harris II,25931,671739
Chase Meidroth,CHW,154.0,643.0,16.0,90.0,63.0,4.0,0.094867807,0.219284603,0.139575972,0.33898305,0.275618374,0.350078492,0.415194346,0.3389032035832128,0.30080578941116215,117.68243139856091,-0.5793277248740196,12.644891492017303,8.447326183319092,4.467656132392536,Chase Meidroth,31580,805367
Andy Pages,LAD,134.0,574.0,23.0,75.0,85.0,13.0,0.085365853,0.196864111,0.193737769,0.307086614,0.273972602,0.343205574,0.467710371,0.351991151015796,0.34325125329781575,122.75878162831391,-0.7269502826966345,15.00807924069446,9.619155406951904,4.407567225257359,Andy Pages,24816,681624
Ezequiel Duran,TEX,153.0,597.0,17.0,71.0,83.0,12.0,0.077051926,0.236180904,0.159554731,0.317829457,0.259740259,0.320469798,0.41929499,0.3237140799728816,0.2998740339359586,108.82582626983334,0.9499545046128333,7.078350084357549,14.822864532470703,4.384039377377236,Ezequiel Duran,23733,677649
Carson Benge,NYM,156.0,654.0,20.0,86.0,65.0,22.0,0.076452599,0.217125382,0.147899159,0.341013824,0.282352941,0.345565749,0.4302521,0.3415832330585439,0.3414180620425655,117.59406532951047,3.577099619433284,17.43669684836029,3.443965435028076,4.290944459118702,Carson Benge,35177,701807
Ben Rice,NYY,154.0,667.0,41.0,105.0,97.0,3.0,0.127436281,0.24287856,0.270506108,0.294906166,0.263525305,0.36281859,0.534031413,0.3840135536402419,0.3782029396817763,148.7167639596223,-1.3904049904085696,36.40346383061804,-18.679933547973633,4.211276393738834,Ben Rice,29576,700250
Corbin Carroll,ARI,156.0,671.0,22.0,91.0,78.0,21.0,0.108792846,0.225037257,0.228522336,0.280575539,0.238831615,0.327868852,0.467353951,0.3410602992978589,0.3406806784454069,114.91489799916116,8.430656678974628,20.485164102445445,-1.0286498069763184,4.202222677319896,Corbin Carroll,25878,682998
Jackson Merrill,SDP,158.0,664.0,26.0,86.0,87.0,27.0,0.061746987,0.240963855,0.185970636,0.302325581,0.254486133,0.303030303,0.440456769,0.320427883507275,0.34682810543147663,105.34092816481177,6.474940110463649,10.746548955211424,8.7639319896698,4.184544497430425,Jackson Merrill,29490,701538
Max Muncy,LAD,149.0,561.0,29.0,81.0,76.0,3.0,0.115864527,0.249554367,0.237704918,0.29375,0.25204918,0.347593582,0.489754098,0.36120610110622514,0.34865649655568515,128.93925041818645,1.1415337356738746,20.69648779853935,1.856844700872898,4.153379469900194,Max Muncy,13301,571970
Luis Arraez,- - -,151.0,655.0,6.0,67.0,64.0,10.0,0.051908396,0.042748091,0.109060403,0.310763888,0.310402684,0.345146379,0.419463087,0.33086571462394654,0.30736817943957423,109.52250103709517,1.436484676785767,8.949235583310857,9.99358320236206,4.096954903958312,Luis Arraez,18568,650333
Ceddanne Rafaela,BOS,138.0,576.0,16.0,67.0,70.0,17.0,0.038194444,0.203125,0.15896488,0.333333333,0.282809611,0.318815331,0.441774491,0.3302418007068401,0.28479636783968587,108.59418280865889,0.20988471107557416,5.967520058926627,13.507925271987915,4.061286307772598,Ceddanne Rafaela,24262,678882
James Wood,WSN,135.0,623.0,30.0,106.0,77.0,21.0,0.163723916,0.287319422,0.237816764,0.344155844,0.265107212,0.388443017,0.502923976,0.3830844078328442,0.4031989153693704,141.5566121484599,1.6201673005707562,32.804384209017414,-13.224399089813232,4.055894900358553,James Wood,29518,695578
Zach Neto,LAA,157.0,704.0,27.0,102.0,77.0,24.0,0.099431818,0.305397727,0.197092084,0.32010582,0.239095315,0.329545454,0.436187399,0.3363585430561733,0.31750210058315526,116.33368043292666,-0.45410439744591713,12.920279920463088,1.714975357055664,4.030355167045153,Zach Neto,31347,687263
Willson Contreras,BOS,130.0,535.0,27.0,68.0,81.0,3.0,0.110280373,0.252336448,0.241071429,0.33217993,0.274553571,0.38576779,0.515625,0.3909702949730077,0.37573625096734964,150.7745658512788,-3.490671230945736,28.10423609171353,-7.564617991447449,4.021691822320207,Willson Contreras,11609,575929
Matt Olson,ATL,162.0,698.0,41.0,99.0,93.0,4.0,0.091690544,0.244985673,0.2512,0.276849642,0.2512,0.320916905,0.5024,0.3510596650675434,0.3509297894604633,121.8327444932013,-0.31250665336847305,18.0431707242095,-2.032656669616699,3.9407515935971764,Matt Olson,14344,621566
Steven Kwan,CLE,151.0,637.0,3.0,80.0,32.0,10.0,0.13343799,0.09733124,0.066790353,0.312368972,0.28200371,0.381933438,0.348794063,0.3337363494767083,0.3286588869917507,114.12069278288497,0.3836668240837753,10.845613975166419,3.588829278945923,3.76815018240202,Steven Kwan,24610,680757
Bryson Stott,PHI,155.0,608.0,10.0,71.0,67.0,27.0,0.101973684,0.164473684,0.145522388,0.296037296,0.255597014,0.334437086,0.401119402,0.3255209907988049,0.33027777980216105,101.57420485238077,8.175851040519774,9.328697544664696,7.804412126541138,3.7571123883275352,Bryson Stott,26294,681082
Carter Jensen,KCR,149.0,603.0,27.0,80.0,81.0,2.0,0.107794361,0.281923714,0.227703984,0.293768545,0.239089184,0.323383084,0.466793168,0.3413023342721882,0.3178062248547343,115.92521970655963,-0.47504923213273287,10.694093217176833,4.803659796714783,3.753726282740804,Carter Jensen,29478,695600
Shohei Ohtani,LAD,139.0,618.0,30.0,89.0,81.0,11.0,0.131067961,0.245954692,0.23709369,0.329479768,0.275334608,0.376623376,0.512428298,0.3765303885936737,0.3969678430749266,139.21725296988544,1.5012480709701777,30.693816415616578,-14.475308418273926,3.697096896934994,Shohei Ohtani,19755,660271
Mookie Betts,LAD,123.0,528.0,23.0,71.0,69.0,2.0,0.089015151,0.109848484,0.19665272,0.251256281,0.257322175,0.325757575,0.453974895,0.33830291112264,0.3394183640252976,113.57807651133172,-0.3299885527230799,8.305339383574756,10.480712890625,3.6605739556503494,Mookie Betts,13611,605141
CJ Abrams,WSN,152.0,654.0,33.0,93.0,106.0,34.0,0.087155963,0.241590214,0.236614853,0.299492385,0.260794473,0.336391437,0.497409326,0.3575067200110509,0.3327797065346928,124.40165202948073,4.499914358835667,23.72213858701191,-9.121437549591064,3.651555350081954,CJ Abrams,25768,682928
Gunnar Henderson,BAL,158.0,702.0,24.0,88.0,60.0,10.0,0.095441595,0.222222222,0.178170145,0.262921348,0.226324237,0.31054131,0.404494382,0.31411139835444984,0.3217960079340464,102.28622696793872,3.0510100023820996,4.917705760352856,5.863487049937248,3.6307402539210614,Gunnar Henderson,26289,683002
Jake Bauers,MIL,144.0,578.0,26.0,93.0,86.0,11.0,0.162629757,0.269896193,0.21802935,0.338926174,0.266247379,0.389273356,0.484276729,0.3806986069430042,0.3706836666918388,142.7679011593373,1.6546218735165894,31.42966759790554,-15.016879081726074,3.5844616940187173,Jake Bauers,15194,641343
Nolan Arenado,ARI,152.0,599.0,30.0,80.0,86.0,4.0,0.086811352,0.200333889,0.219512195,0.274611398,0.255159474,0.331103678,0.474671669,0.34903293047975376,0.29989295767134977,120.26214325923513,-3.113713650032878,11.505326705182394,4.112238764762878,3.5730149613510536,Nolan Arenado,9777,571448
Tristan Peters,CHW,156.0,491.0,12.0,63.0,56.0,8.0,0.075356415,0.183299389,0.171624714,0.308605341,0.265446224,0.336755646,0.437070938,0.33953043592049603,0.31358860740976885,118.1180901541916,0.1924860212020576,10.539403694578482,7.104344189167023,3.5680837537253223,Tristan Peters,30063,671976
Brayan Rocchio,CLE,153.0,592.0,15.0,66.0,73.0,20.0,0.064189189,0.143581081,0.138576779,0.273972602,0.252808988,0.313458262,0.391385767,0.31141381745037877,0.29444811969842144,98.6160608513752,-0.7175905732437968,-1.670509134992865,15.603186130523682,3.554687496433191,Brayan Rocchio,23690,677587
Ty France,SDP,133.0,500.0,21.0,59.0,72.0,1.0,0.074,0.216,0.206818182,0.341692789,0.295454545,0.36272545,0.502272727,0.37294187363850545,0.3267836081429986,140.56207139974245,-3.3762608733959496,21.05223856169226,-2.4563751220703125,3.5485190349447437,Ty France,17982,664034
Cody Bellinger,NYY,132.0,562.0,17.0,73.0,73.0,12.0,0.104982206,0.158362989,0.16532258,0.287153652,0.264112903,0.338078291,0.429435483,0.3361309182389351,0.3353228628742034,115.45876988743215,0.13255559420213103,10.237369811864058,4.443822383880615,3.5226464479770137,Cody Bellinger,15998,641355
Chase DeLauter,CLE,133.0,559.0,16.0,62.0,67.0,11.0,0.107334525,0.146690518,0.16969697,0.315,0.286868686,0.363148479,0.456565656,0.35864366831318023,0.3462419285696626,131.42064829441733,0.38375660171732306,20.812612005511355,-6.349693298339844,3.4895980605409567,Chase DeLauter,32127,800050
Jazz Chisholm Jr.,NYY,137.0,532.0,19.0,69.0,55.0,41.0,0.105263157,0.295112781,0.167728238,0.301003344,0.231422505,0.312030075,0.399150743,0.31160664558410645,0.294027756375505,98.42486797824851,5.839113018941134,4.864469771997677,10.250699281692505,3.4585809359065123,Jazz Chisholm Jr.,20454,665862
Rafael Devers,SFG,148.0,633.0,37.0,88.0,98.0,0.0,0.109004739,0.254344391,0.267025089,0.293956043,0.258064516,0.339652448,0.525089605,0.3672359774287897,0.3419778774946164,135.50417434590076,-0.5716942986473441,26.498401237557015,-13.258937656879425,3.4434438234439493,Rafael Devers,17350,646240
Jeremy Pena,HOU,112.0,483.0,22.0,82.0,56.0,12.0,0.04968944,0.240165631,0.199105146,0.326923076,0.277404921,0.325051759,0.476510067,0.34712743574047683,0.3264421103657156,124.24630397406413,2.5820263950154185,16.203050498220477,0.2135934829711914,3.414280372515553,Jeremy Pena,21636,665161
Dansby Swanson,CHC,126.0,486.0,19.0,82.0,69.0,17.0,0.104938271,0.236625514,0.184579439,0.241610738,0.212616822,0.296907216,0.397196261,0.30546607541054793,0.3012900767979286,93.39275314911488,4.664755738340318,0.7969606030472471,16.620854377746582,3.3822314961253546,Dansby Swanson,18314,621020
Drake Baldwin,ATL,138.0,615.0,25.0,85.0,79.0,3.0,0.089430894,0.214634146,0.174863388,0.332487309,0.284153005,0.357723577,0.459016393,0.35759111543658506,0.3699724156938214,126.2133895061775,-2.0330987256020308,17.384921874287464,-4.666708886623383,3.3307860497362296,Drake Baldwin,31539,686948
Bryce Harper,PHI,162.0,693.0,29.0,93.0,87.0,7.0,0.154401154,0.213564213,0.216637781,0.308823529,0.268630849,0.379509379,0.48526863,0.3752581486667412,0.3794734163104363,134.93292615668966,-3.584171885624528,25.574978209201852,-15.448756694793701,3.3250952053194798,Bryce Harper,11579,547180
Mike Trout,LAA,142.0,634.0,22.0,86.0,54.0,11.0,0.168769716,0.260252365,0.179337232,0.310975609,0.241715399,0.382306477,0.421052631,0.3540789917855255,0.3808126126044401,128.6418287597261,-1.7144387876614928,19.406201834778628,-9.2733074426651,3.319366458280126,Mike Trout,10155,545361
Oneil Cruz,PIT,97.0,419.0,20.0,65.0,67.0,30.0,0.112171837,0.331742243,0.206521739,0.397129186,0.279891304,0.367541766,0.486413043,0.37117392741716826,0.3521769426871037,132.4186773376627,2.9201017301529646,19.28133270976342,-0.8008734285831451,3.268627432703192,Oneil Cruz,21711,665833
Wilyer Abreu,BOS,157.0,681.0,24.0,81.0,76.0,8.0,0.104258443,0.207048458,0.197654942,0.282460136,0.247906197,0.327433628,0.445561139,0.33504730657294945,0.3463689651262866,111.93195827296798,-1.430896668229252,8.020063285700344,-0.5509829521179199,3.2177448785336527,Wilyer Abreu,23772,677800
Riley Greene,DET,140.0,592.0,21.0,79.0,75.0,3.0,0.119932432,0.265202702,0.193737769,0.360946745,0.279843444,0.369932432,0.473581213,0.36624050059286106,0.36941658071920175,135.5836144088797,-2.047531843185425,22.453752550740003,-12.017832279205322,3.198668075499696,Riley Greene,25976,682985
Alec Burleson,STL,160.0,670.0,26.0,89.0,116.0,4.0,0.082089552,0.180597014,0.19338843,0.309523809,0.279338842,0.343283582,0.472727272,0.35284845222223993,0.37368184713492714,124.80477674751177,-0.6041860477998853,19.413634249933317,-9.874505758285522,3.1891817742265394,Alec Burleson,27615,676475
Josh Jung,TEX,104.0,444.0,12.0,54.0,42.0,1.0,0.078828828,0.18018018,0.163316583,0.346278317,0.298994974,0.364864864,0.462311557,0.3622421551126618,0.34832035099063907,135.5863937254988,-2.4064596900716424,15.970938890152443,-0.4172670841217041,3.1856919041493446,Josh Jung,26299,673962
Juan Soto,NYM,111.0,482.0,27.0,63.0,68.0,9.0,0.161825726,0.134854771,0.24,0.267741935,0.275,0.392931392,0.515,0.3850309106925015,0.41144663712074014,146.7344310367556,-0.5746271898970008,26.557925744493843,-11.484617948532104,3.1302858464981647,Juan Soto,20123,665742
Garrett Mitchell,MIL,145.0,531.0,11.0,74.0,65.0,14.0,0.11299435,0.314500941,0.154013015,0.387323943,0.262472885,0.354166666,0.4164859,0.34017088628950576,0.352825927734375,115.58595115791806,1.279933784622699,11.248541201466425,1.5616024257615209,3.0620728914751303,Garrett Mitchell,27555,669003
Caleb Durbin,BOS,153.0,586.0,13.0,74.0,64.0,20.0,0.087030716,0.134812286,0.129921259,0.269047619,0.248031496,0.33217993,0.377952755,0.317262171975868,0.29150064219599187,99.57888087767708,1.5975720323622227,1.3105470733526343,7.977491140365601,3.0601473021915573,Caleb Durbin,29646,702332
William Contreras,MIL,147.0,640.0,18.0,82.0,94.0,1.0,0.0953125,0.146875,0.146643109,0.291576673,0.270318021,0.340625,0.41696113,0.32981417071932123,0.3344546778344958,108.6397000421802,-3.096902563236654,3.5632672063321245,5.551889419555664,3.0467036400030834,William Contreras,20503,661388
Luke Keaschall,MIN,152.0,620.0,10.0,86.0,52.0,20.0,0.09516129,0.14032258,0.125,0.316628701,0.282196969,0.373786407,0.407196969,0.3479809912715584,0.3213174959508384,123.26278429567063,4.195863911882043,20.971170583857393,-13.051960706710815,3.043465078270421,Luke Keaschall,33321,807712
Liam Hicks,- - -,142.0,554.0,18.0,66.0,82.0,3.0,0.101083032,0.099277978,0.150313152,0.285714285,0.283924843,0.367088607,0.434237995,0.35198825944553724,0.3190719353433501,122.61003703985617,-5.4485634681768715,9.457261012315048,1.7854373753070831,3.0218276083792266,Liam Hicks,29844,689414
Adley Rutschman,- - -,99.0,410.0,13.0,44.0,60.0,0.0,0.095121951,0.165853658,0.184065934,0.260416666,0.241758241,0.314634146,0.425824175,0.3230453984039586,0.32717112933888154,106.98698421919866,-1.764802245888859,1.5670881311593003,13.353016555309296,2.998501875282499,Adley Rutschman,26288,668939
Javier Sanoja,MIA,144.0,490.0,11.0,50.0,69.0,11.0,0.05510204,0.079591836,0.162689805,0.303398058,0.295010845,0.333333333,0.45770065,0.3422405826237657,0.29491567710011274,114.8543889954205,0.1303458414040506,8.897477603856503,4.3765809535980225,2.973579902371765,Javier Sanoja,28253,691594
Joey Ortiz,MIL,134.0,415.0,9.0,49.0,47.0,9.0,0.084337349,0.197590361,0.132075472,0.319298245,0.269541778,0.328467153,0.40161725,0.32092864771538987,0.2967463212581737,102.68017806229126,-1.447310296818614,-0.10757683159775411,15.574196338653564,2.9485342338866314,Joey Ortiz,25493,687401
Munetaka Murakami,CHW,127.0,553.0,35.0,82.0,77.0,1.0,0.16636528,0.354430379,0.27092511,0.263392857,0.207048458,0.347197106,0.477973568,0.3558113979637076,0.35079455858655617,129.42640964380567,-1.3171019200235605,17.6097983130391,-8.291531443595886,2.944149446675879,Munetaka Murakami,37120,808959
Kazuma Okamoto,TOR,156.0,636.0,33.0,81.0,92.0,1.0,0.092767295,0.287735849,0.220070422,0.278873239,0.232394366,0.309748427,0.452464788,0.3317206364195302,0.3280429960046924,112.85790875148905,-3.0553011083975434,6.456100948591066,-0.2113061547279358,2.930719483921487,Kazuma Okamoto,37123,672960
Bryan Reynolds,PIT,162.0,699.0,17.0,102.0,72.0,9.0,0.127324749,0.231759656,0.16302521,0.329355608,0.260504201,0.365329512,0.423529411,0.349224266988768,0.3547319810167491,117.69703588602576,1.9391256421804428,16.83906045033896,-10.836675882339478,2.9250924825277034,Bryan Reynolds,19326,668804
Jonathan Aranda,TBR,155.0,668.0,22.0,73.0,92.0,0.0,0.103293413,0.244011976,0.160344827,0.339950372,0.274137931,0.357784431,0.434482758,0.3476075684217582,0.3425619382180172,122.81285521364353,-3.8551813545636833,13.869285953299194,-8.89007043838501,2.917332777522673,Jonathan Aranda,21837,666018
Kyle Schwarber,PHI,156.0,701.0,45.0,95.0,97.0,3.0,0.149786019,0.313837375,0.270223752,0.279503105,0.232358003,0.354285714,0.502581755,0.36804186911335596,0.3642271185196893,130.09296607866222,-2.8898799791932106,22.519242958499497,-17.05740451812744,2.8766780071552978,Kyle Schwarber,16478,656941
Brooks Lee,MIN,156.0,631.0,24.0,72.0,83.0,8.0,0.058637083,0.161648177,0.175767919,0.267818574,0.252559726,0.3,0.428327645,0.3163908009309268,0.2807287025148425,101.32108550898671,-0.046926308423280716,0.9226396817051039,4.739304423332214,2.853335266855891,Brooks Lee,31595,686797
Henry Bolte,ATH,119.0,473.0,11.0,57.0,38.0,21.0,0.082452431,0.281183932,0.127710844,0.38095238,0.277108433,0.35881104,0.404819277,0.341048025781182,0.3170802833181377,110.62747108721904,2.5454164016991854,8.392080694308296,2.2113345861434937,2.7863277517396656,Henry Bolte,31448,703607
Andres Gimenez,TOR,148.0,508.0,9.0,38.0,59.0,20.0,0.033464566,0.18503937,0.115384615,0.283783783,0.243589743,0.290513833,0.358974358,0.2857804041769769,0.27594719160622205,80.94905580735525,0.6858566822484136,-10.57048590017608,19.900437355041504,2.7829633377149916,Andres Gimenez,19950,665926
Dominic Canzone,SEA,146.0,533.0,23.0,60.0,77.0,2.0,0.090056285,0.206378986,0.220125786,0.296829971,0.264150943,0.335834896,0.484276729,0.35367152818852227,0.3588911236457105,134.22857349357207,-1.1404363671317697,20.078963360282774,-11.642888903617859,2.7821627420882864,Dominic Canzone,26438,686527
Wyatt Langford,TEX,110.0,471.0,17.0,64.0,44.0,15.0,0.116772823,0.22717622,0.182481752,0.28125,0.238442822,0.333333333,0.420924574,0.33275720768786493,0.3187998020902593,115.10694019387535,0.8212755131535232,9.0971615608499,1.443023681640625,2.7726733365427325,Wyatt Langford,33333,694671
Travis Bazzana,CLE,124.0,517.0,15.0,56.0,57.0,19.0,0.108317214,0.206963249,0.162583519,0.286144578,0.244988864,0.334622823,0.407572383,0.32769830998524213,0.29904513229192,109.92683252578325,3.066423987969756,9.035654128733665,-0.235336571931839,2.761514249407323,Travis Bazzana,34967,683953
Nico Hoerner,CHC,159.0,689.0,8.0,62.0,72.0,23.0,0.062409288,0.08417997,0.087579618,0.275438596,0.262738853,0.31640058,0.350318471,0.2974298430285018,0.3218624365590785,88.00285055192285,3.9023707043379545,-6.054066333940716,10.654985427856445,2.7492994948239815,Nico Hoerner,21479,663538
Jake McCarthy,COL,147.0,596.0,15.0,80.0,83.0,32.0,0.05033557,0.159395973,0.18464351,0.325791855,0.290676416,0.333898305,0.475319926,0.34857138116007547,0.3206866132745954,107.77654168220852,8.312327182851732,13.894964635574047,-6.432375431060791,2.7327915557145612,Jake McCarthy,21622,664983
Xander Bogaerts,SDP,153.0,606.0,13.0,68.0,57.0,22.0,0.127062706,0.179867986,0.113461539,0.265508684,0.23076923,0.331683168,0.344230769,0.30555462412881534,0.3248500033199886,95.3654302521619,2.192523180041462,-1.1903732953787403,8.116447806358337,2.7112706804546463,Xander Bogaerts,12161,593428
Colson Montgomery,CHW,153.0,638.0,31.0,71.0,87.0,1.0,0.084639498,0.355799373,0.205985916,0.259615384,0.197183098,0.282131661,0.403169014,0.29977762877471803,0.29418788130045315,90.50685670125768,-2.6561380634084344,-9.700599571426276,13.635603904724121,2.70276676129522,Colson Montgomery,29712,695657
Jordan Walker,STL,158.0,667.0,29.0,97.0,102.0,22.0,0.074962518,0.260869565,0.197044335,0.329268292,0.269293924,0.326836581,0.466338259,0.34381201487403734,0.3396908184429547,118.7440364880273,2.3772075441665947,17.43618960277142,-12.748311996459961,2.68532446139641,Jordan Walker,27475,691023
Zack Gelof,ATH,111.0,435.0,22.0,76.0,55.0,16.0,0.071264367,0.245977011,0.218274112,0.298113207,0.256345177,0.321759259,0.474619289,0.34607797143635927,0.3226630648810825,114.12113640829612,3.4210699875839055,10.565638255098879,0.27578528225421906,2.6734430543653684,Zack Gelof,29766,680869
Alejandro Kirk,TOR,79.0,313.0,10.0,26.0,43.0,1.0,0.105431309,0.12140575,0.137184115,0.288793103,0.277978339,0.351437699,0.415162454,0.33328246721973664,0.30826087403141594,113.94271452835763,-2.2593823461793363,2.81646740414451,12.344781160354614,2.673043758344652,Alejandro Kirk,22581,672386
Freddie Freeman,LAD,153.0,657.0,16.0,74.0,70.0,7.0,0.100456621,0.176560121,0.141623489,0.332599118,0.288428324,0.362252663,0.430051813,0.3477316701084102,0.3628035631780434,119.90194696824364,-0.9913679072633386,14.758161988786611,-9.93185842037201,2.666314258622943,Freddie Freeman,5361,518692
Victor Mesa Jr.,TBR,79.0,262.0,14.0,37.0,34.0,9.0,0.087786259,0.202290076,0.238297872,0.278106508,0.259574468,0.326923076,0.49787234,0.3553907586978032,0.3292910942664513,128.21885039110126,0.7519686762243509,9.351161619245847,7.375527381896973,2.648401926311225,Victor Mesa Jr.,25999,683748
Ian Happ,CHC,156.0,636.0,24.0,89.0,68.0,4.0,0.12735849,0.297169811,0.194139195,0.284431137,0.217948717,0.325984251,0.412087912,0.3250807582292995,0.3126527089921255,106.54832467092406,-1.5674894023686647,3.4489316354480266,1.6505646705627441,2.6246109031201468,Ian Happ,17919,664023
Byron Buxton,MIN,93.0,408.0,25.0,65.0,46.0,7.0,0.073529411,0.245098039,0.256756756,0.279352226,0.254054054,0.31862745,0.51081081,0.3545967965877702,0.34291884699478525,127.85794519576034,-0.02770167775452137,13.192142248108429,-2.0471463203430176,2.6069255693045355,Byron Buxton,14161,621439
Jac Caglianone,KCR,143.0,553.0,23.0,72.0,75.0,7.0,0.059674502,0.26039783,0.205078125,0.361271676,0.2890625,0.339963833,0.494140625,0.36014662420684757,0.3573128995028409,129.01395798691811,0.9487419254146516,19.610355585790877,-13.645035743713379,2.602771892180399,Jac Caglianone,35041,695506
Nick Kurtz,ATH,99.0,434.0,21.0,62.0,69.0,7.0,0.182027649,0.324884792,0.227272727,0.363157894,0.255681818,0.396313364,0.482954545,0.38068823379628797,0.37401749952784125,138.16049620452065,-0.52881811093539,18.734044533297006,-8.560775399208069,2.601807110877778,Nick Kurtz,35110,701762
Julio Rodriguez,SEA,150.0,654.0,22.0,69.0,71.0,22.0,0.071865443,0.221712538,0.154362416,0.288683602,0.246644295,0.307339449,0.401006711,0.3100292410718681,0.3336987539438101,103.91581159026856,4.140478023327887,7.119108446138436,-4.790086269378662,2.596988609315235,Julio Rodriguez,23697,677594
Luis Garcia Jr.,- - -,147.0,543.0,30.0,69.0,92.0,5.0,0.046040515,0.1786372,0.244186047,0.289002557,0.277131782,0.309392265,0.521317829,0.3548814151607605,0.34055204038266784,124.19672880865548,-2.486888404469937,13.311035112943951,-6.18130162358284,2.573806114868069,Luis Garcia Jr.,20391,671277
Ryan Jeffers,MIN,92.0,368.0,14.0,49.0,56.0,1.0,0.125,0.179347826,0.205047319,0.280334728,0.255520504,0.353260869,0.460567823,0.35438167869719,0.3444739817273714,127.70853007961693,-1.6829901267774403,10.176837887227743,2.0099141597747803,2.5686571013302673,Ryan Jeffers,24618,680777
Hunter Goodman,COL,138.0,574.0,41.0,84.0,88.0,5.0,0.080139372,0.304878048,0.283783783,0.280130293,0.245173745,0.310104529,0.528957528,0.3550569250918271,0.32115640774579113,112.12639723890547,-3.4397409609518945,4.944241173186715,1.4588059782981873,2.552086506555229,Hunter Goodman,29715,696100
T.J. Rumfield,COL,155.0,631.0,16.0,67.0,73.0,0.0,0.114104595,0.1362916,0.1535649,0.331096196,0.299817184,0.389857369,0.453382084,0.37297073521440266,0.33316159286377345,124.1411931177537,-5.9077038881368935,12.440550400554347,-8.10689401626587,2.5300855746028756,T.J. Rumfield,29805,681198
Yandy Diaz,TBR,154.0,686.0,22.0,93.0,85.0,3.0,0.081632653,0.142857142,0.153094462,0.316,0.293159609,0.358600583,0.446254071,0.35041819021982307,0.34590806749131947,124.76503771813152,-2.822502178605646,16.937190902239408,-16.635801315307617,2.5060140694255173,Yandy Diaz,16578,650490
Kody Clemens,MIN,145.0,583.0,27.0,74.0,81.0,10.0,0.066895368,0.217838765,0.220338983,0.263157894,0.239171374,0.298275862,0.459510357,0.3265769746225321,0.334279052099694,108.39612850556458,2.2088846545666456,7.902193148599626,-4.240574359893799,2.476472967173263,Kody Clemens,20572,665019
Ketel Marte,ARI,141.0,624.0,22.0,78.0,76.0,4.0,0.081730769,0.137820512,0.183274021,0.25708061,0.24911032,0.315705128,0.432384341,0.32348814804064824,0.3486146307610846,103.12925278672446,0.43653444573283195,2.788505097721603,1.2365351915359497,2.475491329654819,Ketel Marte,13613,606466
Jakob Marsee,MIA,155.0,616.0,11.0,83.0,41.0,23.0,0.126623376,0.204545454,0.127906976,0.284210526,0.230620155,0.347540983,0.358527131,0.32080189465301967,0.31384629276281917,100.475456868959,0.611907777376473,0.9646833448779866,3.1375235319137573,2.456864839588204,Jakob Marsee,31370,805300
Jonny DeLuca,TBR,112.0,370.0,11.0,44.0,50.0,17.0,0.045945945,0.21081081,0.162857143,0.314176245,0.265714285,0.29972752,0.428571428,0.3169289127357649,0.26138197563649523,101.50428394566188,1.831703056115657,2.4790671830837554,8.260408639907837,2.4285205590341126,Jonny DeLuca,26365,676356
Manny Machado,SDP,158.0,677.0,30.0,82.0,91.0,5.0,0.11225997,0.212703101,0.190152801,0.230588235,0.217317487,0.303254437,0.407470288,0.30992555919409154,0.3278478176156739,98.2970172372674,-5.463992512784898,-6.852683387720045,8.628521805629134,2.4219415059772613,Manny Machado,11493,592518
Sam Antonacci,CHW,140.0,557.0,8.0,81.0,48.0,20.0,0.077199281,0.147217235,0.11875,0.318877551,0.277083333,0.370036101,0.395833333,0.3446423159609633,0.347959546075351,121.668664901357,2.2990342639386654,16.337008263577857,-12.754513263702393,2.374599934512199,Sam Antonacci,35101,803011
Mauricio Dubon,ATL,153.0,619.0,12.0,66.0,73.0,10.0,0.05654281,0.117932148,0.122377622,0.297959183,0.276223776,0.320846905,0.398601398,0.3166364508071241,0.30404253521059227,98.7450880983409,-0.9350076327100396,-1.870651441448754,4.929647505283356,2.3605823639852193,Mauricio Dubon,16530,643289
Xavier Edwards,MIA,142.0,595.0,6.0,61.0,52.0,21.0,0.114285714,0.139495798,0.090733591,0.319540229,0.279922779,0.359797297,0.37065637,0.3252574497339677,0.310739406546635,103.46379851477627,2.363130195066333,4.8455558355327755,-1.315317153930664,2.3291121161607933,Xavier Edwards,22266,669364
Chandler Simpson,TBR,151.0,612.0,0.0,66.0,38.0,46.0,0.04248366,0.078431372,0.049036778,0.330812854,0.306479859,0.333333333,0.355516637,0.304644695251091,0.2634129108198537,92.97199601157654,7.225114854983985,2.2224603958474756,-1.0885510444641113,2.3237584617426146,Chandler Simpson,31912,802415
Masyn Winn,STL,136.0,532.0,5.0,54.0,56.0,10.0,0.090225563,0.218045112,0.085106383,0.292134831,0.231914893,0.308270676,0.317021276,0.28316659844459446,0.29654204170658904,78.06914407810675,0.223057609051466,-13.830098640718447,19.214031219482422,2.309289690797799,Masyn Winn,27479,691026
Shea Langeliers,ATH,106.0,467.0,23.0,58.0,58.0,3.0,0.079229122,0.23340471,0.212264151,0.300341296,0.261792452,0.327623126,0.474056603,0.34698076889079105,0.35174984767519196,114.74819530211508,-0.583784248214215,7.426959615238978,-1.3492383658885956,2.3038978198393245,Shea Langeliers,25816,669127
Jacob Young,WSN,140.0,471.0,10.0,57.0,50.0,18.0,0.070063694,0.165605095,0.137767221,0.285714285,0.251781472,0.317596566,0.389548693,0.3129460131149947,0.3133909820228495,94.51477738305427,3.540531729813665,0.4286590048071064,6.722838878631592,2.2873189390948614,Jacob Young,29931,696285
Michael Busch,CHC,160.0,710.0,20.0,78.0,77.0,3.0,0.129577464,0.232394366,0.151666667,0.297619047,0.241666666,0.352112676,0.393333333,0.3328257097719077,0.331141045752992,111.74286515333871,-3.5024466505274177,6.5399895986329675,-7.27139949798584,2.2759110374454474,Michael Busch,26319,683737
Michael Massey,KCR,131.0,452.0,13.0,49.0,50.0,3.0,0.046460176,0.165929203,0.156028369,0.3,0.271867612,0.302895322,0.427895981,0.3164438658408439,0.3066673703607844,98.6591943759904,-1.8685590350069106,-2.573449024324854,8.729559779167175,2.257753727965058,Michael Massey,27684,686681
Trevor Larnach,MIN,122.0,433.0,13.0,57.0,48.0,2.0,0.103926096,0.182448036,0.167101828,0.30927835,0.268929503,0.351851851,0.436031331,0.3471817549862607,0.3270818086345345,122.70765621184788,0.17851472180336714,11.614597544653956,-5.003240704536438,2.2355455786263314,Trevor Larnach,21501,663616
Corey Seager,TEX,102.0,436.0,20.0,57.0,51.0,2.0,0.103211009,0.236238532,0.197916666,0.253787878,0.2265625,0.311926605,0.424479166,0.3196976964396459,0.349683267098886,106.0361540093055,-1.4058165103197098,1.6551874143105745,4.825676798820496,2.2330846297534968,Corey Seager,13624,608369
Jose Ramirez,CLE,125.0,544.0,12.0,71.0,53.0,37.0,0.110294117,0.126838235,0.133192389,0.2481203,0.234672304,0.320441988,0.367864693,0.30137044213642583,0.32472820496291255,91.64020177727105,7.125789152923971,1.83632376081494,0.5118046998977661,2.2020153621894965,Jose Ramirez,13510,608070
Joe Mack,MIA,105.0,330.0,14.0,40.0,52.0,0.0,0.057575757,0.248484848,0.168316832,0.272727272,0.234323432,0.282208588,0.402640264,0.29905951736163505,0.29232373851939947,85.89284025700323,-0.45801517041400075,-6.065397709504236,16.950692176818848,2.200706984602915,Joe Mack,29780,691788
Nathan Lukes,TOR,125.0,450.0,10.0,48.0,41.0,1.0,0.055555555,0.142222222,0.110294117,0.305637982,0.276960784,0.327313769,0.387254901,0.31671143170135013,0.2929577278498871,102.4329177842647,-1.0240757204592228,0.24930136939994152,5.370154857635498,2.1958979862148857,Nathan Lukes,18123,664770
Francisco Lindor,NYM,105.0,469.0,21.0,63.0,49.0,3.0,0.098081023,0.202558635,0.198564594,0.241721854,0.224880382,0.309168443,0.423444976,0.32208206645969645,0.3311224391317775,104.51462915812391,-0.5693846922367811,1.9809758807567932,4.233608916401863,2.185307115097184,Francisco Lindor,12916,596019
Nick Gonzales,PIT,148.0,608.0,6.0,72.0,61.0,7.0,0.070723684,0.162828947,0.085299455,0.36017897,0.303085299,0.366776315,0.388384754,0.3385452567354629,0.32663480047345556,110.5346216646149,0.3564467648975551,8.071326909100682,-6.55723237991333,2.166875158424361,Nick Gonzales,27490,693304
Brandon Valenzuela,TOR,91.0,271.0,9.0,29.0,24.0,2.0,0.10701107,0.254612546,0.150627615,0.277777777,0.225941422,0.311111111,0.376569037,0.30673480607845166,0.3127698827672888,95.50342125497046,-0.35598713625222445,-1.7733093022474993,12.7655029296875,2.0970241312451208,Brandon Valenzuela,23813,678218
Colton Cowser,BAL,142.0,392.0,13.0,41.0,40.0,10.0,0.117346938,0.308673469,0.143695015,0.304761904,0.225806451,0.317135549,0.369501466,0.3073371519213137,0.31512546783213113,97.58101711830194,0.8880412611179054,-0.21485825747413756,6.690350919961929,2.0737703146167137,Colton Cowser,29591,681297
Wade Meckler,LAA,98.0,337.0,3.0,43.0,27.0,8.0,0.094955489,0.18694362,0.086666666,0.371794871,0.3,0.373134328,0.386666666,0.34146983997145697,0.31423527609088464,119.88385015698213,1.8740769540891051,9.667844843086266,-1.5937576293945312,2.0380706402202677,Wade Meckler,31490,685133
Luis Torrens,NYM,93.0,281.0,9.0,37.0,41.0,1.0,0.064056939,0.209964412,0.160784314,0.271276595,0.235294117,0.294964028,0.396078431,0.30403864555221666,0.28867680093516473,92.41290330102613,0.2888709274120629,-2.279091115409618,13.081008911132812,2.030008806507527,Luis Torrens,15905,620443
Aaron Judge,NYY,66.0,285.0,18.0,45.0,41.0,5.0,0.150877192,0.298245614,0.270042194,0.288888888,0.240506329,0.360424028,0.510548523,0.37160793268423287,0.396221051113211,140.10015243106122,-0.2905379203148186,13.002001857515785,-3.4586192592978477,2.0000315281345067,Aaron Judge,15640,592450
Bo Bichette,NYM,160.0,696.0,18.0,76.0,78.0,2.0,0.070402298,0.182471264,0.130094044,0.296,0.260188087,0.311781609,0.390282131,0.30889155493042936,0.33010282447869826,95.66775055009315,-2.7848106157034636,-6.4166727624332855,3.2750604450702667,1.984172752785329,Bo Bichette,19612,666182
Coby Mayo,BAL,132.0,454.0,24.0,64.0,63.0,4.0,0.079295154,0.303964757,0.233009709,0.278884462,0.228155339,0.297356828,0.461165048,0.3283584602341253,0.33635389017113504,112.18185396443106,1.222964852117002,7.65556160048064,-4.304868936538696,1.9793390842278231,Coby Mayo,28312,691723
Cole Young,SEA,160.0,638.0,17.0,76.0,66.0,4.0,0.068965517,0.170846394,0.135181976,0.275330396,0.246100519,0.312401883,0.381282495,0.3079746569531679,0.31643180907053325,102.48875257674814,-1.791654301341623,0.05514408546933325,-3.3912711143493652,1.9624624789499536,Cole Young,31680,702284
A.J. Ewing,NYM,120.0,492.0,11.0,55.0,43.0,25.0,0.093495934,0.25406504,0.123853211,0.325657894,0.252293577,0.323770491,0.376146788,0.3106813263109822,0.32039175131886277,96.86815055768547,1.6630295710638165,-0.19294764156743494,3.4378950595855713,1.959094954377661,A.J. Ewing,33656,805999
Cal Raleigh,SEA,126.0,530.0,23.0,49.0,69.0,2.0,0.135849056,0.309433962,0.186252772,0.220149253,0.181818181,0.296226415,0.368070953,0.29675438701543105,0.3120185100671017,94.69545406779766,-1.4662132626399398,-4.736163691988013,5.100870758295059,1.9495580331433608,Cal Raleigh,21534,663728
Sal Stewart,CIN,162.0,700.0,32.0,87.0,111.0,15.0,0.09,0.221428571,0.194221509,0.295964125,0.263242375,0.33,0.457463884,0.3392373074730523,0.34291266557238287,112.08789526208112,-4.740673086140305,5.4512324390849525,-9.41458547115326,1.9137494666528232,Sal Stewart,31505,701398
Kyle Karros,COL,131.0,475.0,13.0,63.0,49.0,5.0,0.11368421,0.210526315,0.160583942,0.302325581,0.253041362,0.347368421,0.413625304,0.3360827708849191,0.33373115022303695,99.40042837969033,1.013005276210606,0.6699679815541781,2.5882272720336914,1.9041670931265469,Kyle Karros,33252,691720
Keibert Ruiz,WSN,105.0,354.0,10.0,44.0,48.0,2.0,0.04519774,0.104519774,0.162650603,0.288194444,0.280120481,0.31638418,0.442771084,0.32845512598161997,0.28852236912540946,104.9167423519523,-4.704207689035684,-2.6077438595362,9.776172161102295,1.901726730054448,Keibert Ruiz,19610,660688
Brett Bateman,TOR,41.0,181.0,2.0,28.0,11.0,3.0,0.099447513,0.193370165,0.094936708,0.409836065,0.329113924,0.402234636,0.424050632,0.3683497919050675,0.3117785911775578,138.29953755486275,1.1375842886045575,9.200445609724678,3.039087638258934,1.8992694618508936,Brett Bateman,33312,703520
Casey Schmitt,SFG,98.0,409.0,21.0,47.0,55.0,9.0,0.026894865,0.198044009,0.211886305,0.290657439,0.271317829,0.300733496,0.483204134,0.3355632931286213,0.35461133352368707,114.26129892197542,0.44628503965213895,7.471976151594558,-2.20343279838562,1.8903631084314645,Casey Schmitt,27577,669477
Bryce Eldridge,SFG,107.0,448.0,17.0,50.0,57.0,1.0,0.131696428,0.265625,0.191709845,0.343873517,0.269430051,0.363839285,0.461139896,0.36088490459476275,0.35880293226028237,131.24450858019256,-4.253413082100451,12.60661809333643,-9.357404172420502,1.8138720586319153,Bryce Eldridge,33390,805811
Angel Martinez,CLE,114.0,416.0,18.0,49.0,62.0,11.0,0.03125,0.21875,0.210796915,0.288256227,0.254498714,0.290243902,0.465295629,0.32558795097397597,0.2990878042207079,108.46103376807812,1.4919718992896378,5.5858399805751615,-2.765583872795105,1.7882158078043509,Angel Martinez,26540,682657
Griffin Conine,MIA,94.0,323.0,19.0,45.0,43.0,4.0,0.105263157,0.294117647,0.228873239,0.329411764,0.264084507,0.352941176,0.492957746,0.3688539323792,0.36825755812366556,132.70396777157237,0.4076621592976153,13.131251083846326,-6.158430337905884,1.7791889280974997,Griffin Conine,21626,665052
Ronald Acuna Jr.,ATL,107.0,469.0,20.0,61.0,55.0,21.0,0.113006396,0.219616204,0.196078432,0.291666666,0.25490196,0.345415778,0.450980392,0.3477528521539823,0.36621012064833713,119.61486443897952,0.3196476041339338,11.4002868233639,-9.303381443023682,1.766068958920811,Ronald Acuna Jr.,18401,660670
Maikel Garcia,KCR,82.0,344.0,3.0,40.0,38.0,5.0,0.093023255,0.145348837,0.112903226,0.308880308,0.267741935,0.334302325,0.380645161,0.31756444899148717,0.3177983927172284,99.43752137217896,0.7680583163164556,0.5430070022337823,4.600015044212341,1.764905094065507,Maikel Garcia,22715,672580
Cole Carrigg,COL,93.0,372.0,12.0,50.0,53.0,11.0,0.075268817,0.239247311,0.198198198,0.343220338,0.279279279,0.34054054,0.477477477,0.351852307986954,0.31557225531388367,109.97705993313633,1.8017051154747605,6.272164791970846,-1.082586407661438,1.7598388186609375,Cole Carrigg,33253,694249
Luis Campusano,SDP,71.0,248.0,8.0,24.0,30.0,0.0,0.120967741,0.213709677,0.16744186,0.318181818,0.265116279,0.362903225,0.432558139,0.3532256794071967,0.3267636182831555,127.3384161540966,-1.156952186487615,7.009467437143204,1.9977353811264038,1.7380384068200991,Luis Campusano,22217,669134
Eduardo Valencia,DET,42.0,138.0,8.0,25.0,21.0,0.0,0.04347826,0.231884057,0.294573643,0.404494382,0.341085271,0.379562043,0.635658914,0.432737233865,0.37240004713517905,181.77046152892032,-1.2949788672849536,11.829818905805224,0.2983721047639847,1.732774178406509,Eduardo Valencia,24574,680664
Yainer Diaz,HOU,98.0,361.0,14.0,38.0,45.0,0.0,0.033240997,0.157894736,0.174418605,0.305454545,0.28488372,0.31301939,0.459302325,0.3342726697882127,0.312432962771598,115.31772837966142,-2.0490417005494237,4.382552740745562,-0.30194294452667236,1.7180784170888639,Yainer Diaz,23003,673237
Christian Encarnacion-Strand,BAL,58.0,213.0,11.0,25.0,39.0,1.0,0.051643192,0.258215962,0.235897436,0.328244274,0.276923076,0.325471698,0.512820512,0.3580270203368924,0.33211318463510814,132.78883993666338,-1.8206379394978285,6.302479652719521,2.904227465391159,1.70595196524444,Christian Encarnacion-Strand,30011,687952
Brandon Nimmo,TEX,155.0,655.0,14.0,65.0,62.0,7.0,0.077862595,0.227480916,0.145025295,0.322580645,0.259696458,0.323664122,0.404721753,0.31977346115053884,0.33835278844540834,106.08877814506246,1.4103677961975336,6.04898500871478,-12.566775798797607,1.6998659457026948,Brandon Nimmo,12927,607043
Randal Grichuk,- - -,117.0,280.0,15.0,41.0,46.0,0.0,0.039285714,0.217857142,0.279245283,0.317708333,0.286792452,0.314285714,0.566037735,0.3695846534461426,0.3347349821014955,139.052419845302,0.49624227173626423,13.214366598496774,-6.4463116228580475,1.6994220683723316,Randal Grichuk,10243,545341
Will Smith,LAD,73.0,276.0,10.0,35.0,34.0,0.0,0.123188405,0.163043478,0.165957446,0.277173913,0.259574468,0.355072463,0.425531914,0.3447745751211609,0.3886859175087749,117.91862279415344,-2.558733021374792,3.3981678108060285,4.307549744844437,1.6982197514598671,Will Smith,19197,669257
Nolan Schanuel,LAA,107.0,446.0,7.0,43.0,49.0,1.0,0.094170403,0.130044843,0.109693877,0.304216867,0.275510204,0.350561797,0.385204081,0.32834802986530776,0.3344992305455583,110.7697928568945,-1.2638858086429536,4.32286491743529,-3.5865530967712402,1.684291237905096,Nolan Schanuel,33189,694384
Drew Gilbert,SFG,134.0,393.0,11.0,53.0,43.0,3.0,0.099236641,0.180661577,0.155882353,0.268199233,0.238235294,0.329923273,0.394117647,0.320210841750118,0.3342978307443072,103.96440684315397,-0.19308922393247485,1.6835354772074718,2.0392494201660156,1.6800166917961494,Drew Gilbert,31545,687551
Austin Wells,NYY,122.0,388.0,14.0,39.0,32.0,4.0,0.12371134,0.265463917,0.146706587,0.219178082,0.185628742,0.291989664,0.332335329,0.2813534899191423,0.30013197660446167,77.41183761060584,-0.7608706662431359,-10.95452052594401,13.703632652759552,1.6799385320564575,Austin Wells,27562,669224
Justin Foscue,TEX,100.0,247.0,11.0,26.0,34.0,0.0,0.06882591,0.251012145,0.213333333,0.326797385,0.271111111,0.331983805,0.484444444,0.35371437704997505,0.3248883760892428,129.66322784540924,-0.23112436244264245,8.29069739002022,-0.7572611570358276,1.6582731726743785,Justin Foscue,27501,679822
Carson Kelly,CHC,121.0,425.0,10.0,57.0,58.0,0.0,0.094117647,0.164705882,0.118421053,0.293333333,0.257894736,0.336470588,0.376315789,0.3199219890201793,0.3105343807444853,103.08833717470986,-2.598544186912477,-1.0175863049388987,3.444059133529663,1.6539663124045438,Carson Kelly,13620,608348
Heriberto Hernandez,MIA,130.0,505.0,25.0,51.0,67.0,13.0,0.102970297,0.265346534,0.214285714,0.265517241,0.227678571,0.312871287,0.441964285,0.3294087621191191,0.3474378547820437,106.24808452627485,-0.6436233022250235,3.156913437983782,-3.3733370304107666,1.649713408176551,Heriberto Hernandez,24878,681715
Andrew Vaughn,MIL,104.0,331.0,6.0,33.0,43.0,0.0,0.105740181,0.160120845,0.138888889,0.354978354,0.305555555,0.389728096,0.444444444,0.36816283934044114,0.32945555249246056,134.36015942829903,-1.3787251701578498,12.320305089306812,-7.180653095245361,1.6190294965076757,Andrew Vaughn,26197,683734
Cooper Pratt,MIL,74.0,266.0,3.0,33.0,34.0,19.0,0.09774436,0.180451127,0.087719298,0.331521739,0.280701754,0.349809885,0.368421052,0.31964388002460903,0.315442943204784,101.81848412611305,3.1595727279782295,3.742209394166929,3.500223457813263,1.6179468702369406,Cooper Pratt,33530,806198
Paul Goldschmidt,NYY,105.0,380.0,18.0,44.0,52.0,1.0,0.076315789,0.226315789,0.2,0.282786885,0.252173913,0.313157894,0.452173913,0.3303650800513212,0.3109622419038565,111.45397335403925,-0.5706449192948639,4.491759658327817,-2.255610466003418,1.5988448284087027,Paul Goldschmidt,9218,502671
Christian Walker,HOU,156.0,635.0,29.0,73.0,87.0,0.0,0.08031496,0.231496062,0.201401051,0.251256281,0.225919439,0.299212598,0.42732049,0.31583639413495607,0.30456194749158083,102.51238587396179,-1.3627515803091228,0.4928176116024017,-7.467902421951294,1.5811399228261547,Christian Walker,13419,572233
Kyle Stowers,MIA,121.0,512.0,21.0,57.0,65.0,1.0,0.1015625,0.314453125,0.219239374,0.322097378,0.239373601,0.33072407,0.458612975,0.34099207906854956,0.32884430414131977,114.01701742190839,-0.2183348909020424,8.42601296720764,-9.793623208999634,1.5556790327317578,Kyle Stowers,26151,669065
Blaze Alexander,BAL,93.0,289.0,4.0,35.0,31.0,10.0,0.065743944,0.217993079,0.111111111,0.384615384,0.302681992,0.357894736,0.413793103,0.3404142508204554,0.3514492852347238,120.55548270260176,1.7937008021399379,8.703136947845199,-3.779820680618286,1.5440766612747303,Blaze Alexander,23789,677942
Curtis Mead,- - -,88.0,329.0,17.0,49.0,48.0,6.0,0.118541033,0.191489361,0.245614036,0.268292682,0.252631578,0.352583586,0.498245614,0.3698777663309161,0.3583274618979612,132.7189697597974,-0.7132166125811636,12.249982161732113,-7.8940678662620485,1.5332090140581915,Curtis Mead,23986,678554
Tyrone Taylor,- - -,97.0,241.0,11.0,36.0,38.0,3.0,0.058091286,0.170124481,0.223744293,0.295857988,0.278538812,0.324894514,0.502283105,0.3553710185022797,0.3089270772813242,126.6802425257297,-0.9955525742843747,6.749305730103807,0.10955810546875,1.496134283363687,Tyrone Taylor,13675,621438
Jacob Wilson,ATH,80.0,337.0,7.0,37.0,37.0,4.0,0.035608308,0.115727002,0.121875,0.283636363,0.265625,0.297619047,0.3875,0.3005538566836289,0.28237928785719313,82.5013075100169,0.14649988897144794,-6.712370327367243,9.403620719909668,1.490021519475318,Jacob Wilson,33266,805779
Daylen Lile,WSN,160.0,655.0,22.0,81.0,89.0,15.0,0.061068702,0.193893129,0.182724252,0.273913043,0.245847176,0.296183206,0.428571428,0.3121006957775245,0.32365743783804085,93.94782288297519,2.0176059338264167,-2.7572424957253165,-3.913743495941162,1.4891063561443683,Daylen Lile,29995,695734
Tyler Soderstrom,ATH,109.0,453.0,19.0,58.0,56.0,2.0,0.116997792,0.200883002,0.227272728,0.271777003,0.244949494,0.337748344,0.472222222,0.3494636428382721,0.32729843105512446,116.4727329416007,-0.5708696572110057,8.108355295096988,-9.709552764892578,1.4715580970403206,Tyler Soderstrom,27467,691016
Jake Burger,TEX,155.0,620.0,28.0,71.0,90.0,4.0,0.09032258,0.269354838,0.192446043,0.271232876,0.228417266,0.301612903,0.420863309,0.3162262182081899,0.3143731768463036,103.6249583540148,-1.2649896629154682,1.3490477321290402,-9.028180360794067,1.4553326158853972,Jake Burger,22275,669394
Esmerlyn Valdez,PIT,72.0,287.0,17.0,40.0,47.0,0.0,0.146341463,0.37630662,0.278008298,0.327731092,0.232365145,0.344947735,0.510373443,0.36763869698454693,0.3322808401925223,130.04759760967625,-1.2049768934957683,9.18221876611343,-4.355959177017212,1.4414644193182875,Esmerlyn Valdez,29005,699013
Joc Pederson,TEX,136.0,432.0,26.0,56.0,53.0,2.0,0.113425925,0.236111111,0.251336899,0.248995983,0.235294117,0.329466357,0.486631016,0.3515142327422029,0.342817399885271,128.13506662929015,-1.112113380804658,13.024610646266389,-14.291309475898743,1.4298394448200755,Joc Pederson,11899,592626
Francisco Alvarez,NYM,113.0,420.0,16.0,38.0,43.0,0.0,0.092857142,0.307142857,0.166219839,0.308695652,0.233243967,0.311004784,0.399463806,0.3132728552646774,0.32205053828031327,98.60628952308254,-1.159070215653628,-1.8641341760347916,2.1974544525146484,1.42430173590189,Francisco Alvarez,26121,682626
Maxwell Clark,DET,51.0,206.0,3.0,27.0,23.0,5.0,0.08737864,0.203883495,0.144444444,0.338235294,0.272222222,0.349753694,0.416666666,0.3370313027707657,0.3136160066812345,115.29568915416067,0.7046876060776412,4.36951356143271,2.2694947123527527,1.4192653587415391,Maxwell Clark,33381,703601
Miguel Amaya,CHC,83.0,254.0,6.0,36.0,28.0,0.0,0.090551181,0.263779527,0.139534884,0.314685314,0.237209302,0.34,0.376744186,0.3235464153289795,0.29529116821289064,105.51924059392623,-1.3520271847955883,0.336545282726449,5.293699324131012,1.4140785305083974,Miguel Amaya,21693,665804
Cam Smith,HOU,157.0,568.0,21.0,67.0,56.0,12.0,0.077464788,0.26056338,0.180392157,0.247838616,0.209803921,0.278659611,0.390196078,0.2926938822870742,0.31648438365746895,86.43821795480339,4.320671233348548,-4.638795912664326,-1.7115716934204102,1.4029855201357389,Cam Smith,35108,701358
Ivan Herrera,STL,161.0,717.0,19.0,98.0,69.0,8.0,0.10599721,0.192468619,0.140495867,0.2803532,0.241322314,0.352859135,0.381818181,0.32938013937366145,0.3360191107471671,109.06457482691212,-2.6569008165970445,5.1715036305012525,-14.743640661239624,1.3989723979244808,Ivan Herrera,20599,671056
Konnor Griffin,PIT,80.0,339.0,6.0,43.0,33.0,23.0,0.05899705,0.241887905,0.131410256,0.349557522,0.272435897,0.324483775,0.403846153,0.32040195180251535,0.3161750975109282,98.3659035725129,5.795252855401486,5.128009834899112,-2.4684550762176514,1.3930035714037714,Konnor Griffin,35376,804606
Anthony Volpe,NYY,70.0,246.0,2.0,24.0,28.0,12.0,0.101626016,0.227642276,0.090909091,0.319018404,0.245454545,0.321138211,0.336363636,0.29675111562255924,0.2909596034458705,88.10661537457301,1.2783152759075165,-2.12465108618376,7.010802984237671,1.385133736710835,Anthony Volpe,27647,683011
Nick Loftin,KCR,118.0,426.0,8.0,42.0,45.0,4.0,0.096244131,0.171361502,0.148247978,0.275510204,0.239892183,0.322274881,0.388140161,0.3150051726266671,0.29263220692132885,97.65991666314576,0.9471808751113713,-0.21228509913923377,-1.689284324645996,1.3435505133705334,Nick Loftin,27630,679845
Jose Caballero,NYY,136.0,456.0,14.0,50.0,51.0,34.0,0.063596491,0.243421052,0.133819951,0.278350515,0.231143552,0.289823008,0.364963503,0.28975444768382386,0.27790037223270964,83.24691751372397,3.665216561406851,-5.220176709172602,2.126828134059906,1.3304610058137052,Jose Caballero,23401,676609
Matt Chapman,SFG,84.0,352.0,7.0,35.0,42.0,0.0,0.105113636,0.230113636,0.133550488,0.292792792,0.234527687,0.323863636,0.368078175,0.30875596072938705,0.2859587833799165,96.28161594948853,-1.2364038391970098,-2.8129386619543078,4.37779974937439,1.3245833394543738,Matt Chapman,16505,656305
Tyler Stephenson,CIN,130.0,468.0,15.0,41.0,54.0,0.0,0.104700854,0.273504273,0.163017032,0.307692307,0.240875912,0.322649572,0.403892944,0.31987239678870943,0.3256545624175629,99.09984595863928,-2.3860606201924384,-2.8934826866993157,0.6563794612884521,1.3214950307443083,Tyler Stephenson,17988,663886
JJ Bleday,CIN,133.0,545.0,24.0,61.0,58.0,6.0,0.132110091,0.222018348,0.199570815,0.23765432,0.216738197,0.323529411,0.416309012,0.32634973679677776,0.3397403293185764,103.44419914215115,-0.6233008597046137,1.6376515311736837,-6.380342468619347,1.3212909216158564,JJ Bleday,26368,668709
Vinnie Pasquantino,KCR,114.0,481.0,17.0,54.0,63.0,5.0,0.106029106,0.158004158,0.178147269,0.264264264,0.249406175,0.332640332,0.427553444,0.33145851121287967,0.33850465530619434,109.08796427543446,-2.180437526665628,2.9038344280176682,-7.050479531288147,1.3134292413580697,Vinnie Pasquantino,27676,686469
Colt Keith,DET,140.0,423.0,10.0,51.0,36.0,6.0,0.075650118,0.19858156,0.1484375,0.30479452,0.2578125,0.321513002,0.40625,0.3205173431276993,0.3331023663706124,103.82553578197388,2.8341366038657725,4.716267053791289,-6.940865516662598,1.2998365253860475,Colt Keith,27899,690993
Nick Sogard,BOS,66.0,277.0,5.0,29.0,19.0,1.0,0.111913357,0.202166064,0.129707113,0.312849162,0.255230125,0.341911764,0.384937238,0.32489170353202257,0.31098012363209443,104.87814883027711,-0.413909322116524,1.1577264327744947,1.263715386390686,1.2460501600300218,Nick Sogard,25483,686765
Evan Carter,TEX,141.0,455.0,9.0,52.0,40.0,17.0,0.103296703,0.25054945,0.120204604,0.248148148,0.194373401,0.287640449,0.314578005,0.2738393354951666,0.2798419395189607,74.18416667257208,3.0118890861049294,-10.650121901469296,6.725030899047852,1.2421694816869637,Evan Carter,27790,694497
Nick Fortes,TBR,109.0,323.0,6.0,33.0,35.0,0.0,0.037151702,0.139318885,0.117449665,0.286290322,0.258389261,0.304075235,0.375838926,0.3009959373354538,0.2733709668356275,90.43766664327684,-1.2855803305283189,-4.877970400097002,5.606069624423981,1.239627986901184,Nick Fortes,21538,663743
Tommy Edman,LAD,84.0,331.0,8.0,44.0,42.0,7.0,0.066465256,0.202416918,0.137457045,0.294930875,0.24742268,0.329268292,0.384879725,0.31950460119945245,0.30328245483771743,100.97004644687362,-0.9976641004905105,-0.6109168952996171,1.9937629997730255,1.236533382839759,Tommy Edman,19470,669242
Spencer Torkelson,DET,159.0,612.0,26.0,66.0,77.0,1.0,0.116013071,0.316993464,0.205323194,0.306451612,0.230038022,0.330605564,0.435361216,0.3368441745419354,0.31398518046394724,115.16571490623092,-1.9172993595711887,8.87791809144625,-18.44569158554077,1.234175390802857,Spencer Torkelson,27465,679529
Andres Chaparro,WSN,83.0,228.0,13.0,36.0,39.0,0.0,0.109649122,0.23245614,0.262626263,0.303030303,0.267676767,0.364035087,0.53030303,0.3867313725906506,0.34412568075615063,144.00263210973978,-0.7087426320649683,11.375520223918041,-6.889261960983276,1.2115342835809175,Andres Chaparro,21797,665953
J.P. Crawford,SEA,116.0,489.0,14.0,54.0,40.0,1.0,0.130879345,0.198364008,0.131067961,0.253289473,0.220873786,0.334702258,0.351941747,0.3117408584420083,0.31869365259544136,105.1046551005075,-2.152606938034296,0.750695964298437,-6.202530384063721,1.20940926319807,J.P. Crawford,15491,641487
Dane Myers,CIN,117.0,334.0,8.0,39.0,27.0,10.0,0.110778443,0.245508982,0.119863013,0.328431372,0.256849315,0.344311377,0.376712328,0.32376577682837754,0.30929390977068644,101.71113669664054,2.6345783919095993,3.322973591094982,-2.530905246734619,1.1863150078301523,Dane Myers,22054,667472
Rafael Flores,PIT,47.0,163.0,11.0,17.0,25.0,0.0,0.092024539,0.276073619,0.263513514,0.304347826,0.263513513,0.331288343,0.527027027,0.36709336071838566,0.34978942397218316,129.68184047155611,-0.21671035420149565,5.610827347978656,0.6764508485794067,1.17972811603813,Rafael Flores,31991,804668
Teoscar Hernandez,LAD,125.0,491.0,16.0,66.0,64.0,5.0,0.085539714,0.274949083,0.158371041,0.346938775,0.266968325,0.334012219,0.425339366,0.33235279426496694,0.3321737695912846,109.58733199572794,-0.7096260888502002,4.9604112610360716,-9.540698289871216,1.1590647275780124,Teoscar Hernandez,13066,606192
Dalton Rushing,LAD,80.0,253.0,12.0,37.0,36.0,0.0,0.09090909,0.292490118,0.214285714,0.309352517,0.245535714,0.328063241,0.459821428,0.3439834735139085,0.33607938850068475,117.38803079471118,0.3476911303587258,5.646491803220549,-2.6294676065444946,1.1447052426085742,Dalton Rushing,31382,687221
Endy Rodriguez,PIT,45.0,159.0,7.0,20.0,20.0,6.0,0.144654088,0.257861635,0.2,0.333333333,0.266666666,0.373417721,0.466666666,0.3699089632004122,0.3380086874660057,131.5702655953044,-0.26941012125462294,5.776783083128645,0.23949551582336426,1.138894942563353,Endy Rodriguez,25332,682848
Carlos Correa,HOU,32.0,141.0,3.0,22.0,16.0,1.0,0.127659574,0.184397163,0.139344262,0.329787234,0.278688524,0.368794326,0.418032786,0.347011108483587,0.3640299115862165,124.16550618196997,0.3028716556727886,4.265944857712031,1.781807780265808,1.1245243782820586,Carlos Correa,14162,621043
Alika Williams,ATH,88.0,231.0,4.0,29.0,16.0,2.0,0.043290043,0.216450216,0.158139535,0.333333333,0.269767441,0.307017543,0.427906976,0.3194542291917299,0.24753859599781455,95.62899924144261,0.16476117027923465,-1.0096223460924807,3.8392869234085083,1.1216289098952836,Alika Williams,27604,675961
Trea Turner,PHI,157.0,700.0,19.0,101.0,58.0,21.0,0.068571428,0.21,0.136434108,0.284232365,0.241860465,0.297142857,0.378294573,0.2976948245400523,0.29303059400323467,82.91118981525702,2.8959513353183866,-11.512474214806835,-0.2573056221008301,1.1189445173847272,Trea Turner,16252,607208
Brett Baty,NYM,143.0,473.0,11.0,53.0,56.0,5.0,0.093023255,0.264270613,0.135714286,0.304498269,0.235714285,0.309322033,0.371428571,0.30223694077487717,0.3207519983841201,91.20449956192435,1.326425813138485,-3.684619803729732,-0.8153164386749268,1.107658505421661,Brett Baty,26123,683146
Ryan Waldschmidt,ARI,82.0,284.0,3.0,30.0,22.0,7.0,0.077464788,0.299295774,0.112,0.369696969,0.256,0.325,0.368,0.30868490700210843,0.2966471846385669,93.20071618806399,1.1305038616992533,-1.195380778197233,2.734529972076416,1.0968587889771,Ryan Waldschmidt,35061,814439
Richie Palacios,TBR,124.0,399.0,10.0,51.0,57.0,17.0,0.11528822,0.170426065,0.139130435,0.26394052,0.234782608,0.329974811,0.373913043,0.31570603925575236,0.3059360279756434,100.65490883068678,0.7940790741704404,1.098007154663695,-4.512572765350342,1.0920805869393653,Richie Palacios,24589,680700
Samad Taylor,SDP,47.0,175.0,2.0,26.0,18.0,13.0,0.102857142,0.257142857,0.092105263,0.433962264,0.315789473,0.389534883,0.407894736,0.3560267579416896,0.30942362408305324,129.2171000634534,1.571890648920089,7.730488095199213,-2.8436681032180786,1.0768663257753346,Samad Taylor,22274,669392
Isiah Kiner-Falefa,BOS,66.0,183.0,2.0,23.0,16.0,8.0,0.103825136,0.147540983,0.068322982,0.28030303,0.242236024,0.322222222,0.310559006,0.28975041078196634,0.2974152725734068,80.46994957024701,1.3868109290488064,-2.7701078550687477,6.837385535240173,1.074434657493862,Isiah Kiner-Falefa,16512,643396
Pedro Ramirez,CHC,80.0,266.0,6.0,36.0,32.0,9.0,0.075187969,0.184210526,0.141078838,0.303191489,0.261410788,0.320754716,0.402489626,0.315304817355631,0.2840919059492336,99.99159925533003,1.3095713132061064,1.3068797407047428,0.4930238127708435,1.0638202088165754,Pedro Ramirez,29218,699393
Cedric Mullins,TBR,137.0,502.0,15.0,56.0,48.0,21.0,0.08565737,0.193227091,0.138952164,0.226586102,0.205011389,0.283975659,0.343963553,0.2808431130635569,0.2637235801400339,76.44005551441353,-0.7812659218907356,-14.537357711161398,7.183292269706726,1.0626437247015599,Cedric Mullins,17929,656775
Daniel Susac,SFG,53.0,161.0,3.0,11.0,22.0,2.0,0.04968944,0.223602484,0.131944445,0.293577981,0.243055555,0.289308176,0.375,0.2898158033688863,0.2963260674626572,83.57844878166749,-0.43237624038010836,-3.6169162981997203,8.653656244277954,1.0457848029030044,Daniel Susac,31441,691740
Patrick Bailey,- - -,112.0,345.0,10.0,31.0,37.0,3.0,0.08115942,0.266666666,0.129032258,0.25592417,0.206451612,0.271929824,0.33548387,0.2705104931404716,0.30691913716933306,70.99908927668082,-2.4523703465238214,-14.401781718255707,12.694648921489716,1.0445523262259617,Patrick Bailey,27478,672275
Ozzie Albies,ATL,162.0,683.0,22.0,85.0,73.0,4.0,0.067349926,0.153733528,0.154471545,0.247011952,0.237398373,0.292825768,0.391869918,0.2983039022365973,0.2731222192094741,86.4494442622834,-1.6614862126298249,-12.809165647761803,0.744489312171936,1.0326431932068187,Ozzie Albies,16556,645277
Donovan Walton,- - -,92.0,268.0,9.0,36.0,32.0,3.0,0.104477611,0.171641791,0.186956521,0.291428571,0.260869565,0.358490566,0.447826086,0.3562190588915123,0.32202780381688534,124.4033640043953,-1.0135015710256994,6.593291060194451,-6.000499069690704,1.0273925228615093,Donovan Walton,19314,622268
Lars Nootbaar,- - -,90.0,334.0,8.0,39.0,33.0,2.0,0.13772455,0.209580838,0.140350877,0.287081339,0.238596491,0.342342342,0.378947368,0.3203897207072287,0.3428074567151287,102.20215306250869,-0.039188202470541,0.8467442885330347,-1.6263580918312073,1.026295477657792,Lars Nootbaar,21454,663457
Taylor Ward,- - -,143.0,607.0,7.0,71.0,37.0,4.0,0.163097199,0.214168039,0.086345381,0.288461538,0.224899598,0.359143327,0.311244979,0.31201575019142846,0.3335447643526751,101.62765379957372,-4.816063482314348,-3.666937055047402,-7.816217944025993,1.021120640443571,Taylor Ward,17548,621493
Freddy Fermin,SDP,96.0,265.0,4.0,22.0,24.0,1.0,0.079245283,0.211320754,0.112068966,0.245714285,0.202586206,0.274131274,0.314655172,0.2645580340536405,0.2699208518331365,67.86900943985825,-0.7254181099124253,-10.981385928130958,12.022743701934814,0.9832790988726444,Freddy Fermin,21840,666023
Vladimir Guerrero Jr.,TOR,144.0,609.0,9.0,72.0,57.0,7.0,0.091954022,0.133004926,0.095940959,0.288209606,0.260147601,0.331691297,0.35608856,0.3054227025698352,0.3307468843775869,94.59206935577082,-1.5532396803610027,-5.383828096132936,-6.564795970916748,0.98094598933679,Vladimir Guerrero Jr.,19611,665489
Austin Riley,ATL,159.0,630.0,19.0,64.0,72.0,9.0,0.076190476,0.319047619,0.144876325,0.299145299,0.219081272,0.29047619,0.363957597,0.2900553047183208,0.2988545913574995,80.91710832756391,-0.20176140777766705,-14.682522729007239,3.8016151189804077,0.9777168140639538,Austin Riley,18360,663586
Spencer Steer,CIN,98.0,384.0,16.0,54.0,40.0,3.0,0.091145833,0.223958333,0.182352941,0.270833333,0.238235294,0.318537859,0.420588235,0.3254775952732594,0.3415831690249236,102.85925365535404,1.595053682103753,2.9175381201708426,-5.88776159286499,0.9687799924095202,Spencer Steer,26323,668715
Jung Hoo Lee,SFG,143.0,579.0,10.0,65.0,57.0,12.0,0.050086355,0.098445595,0.128014843,0.292016806,0.276437847,0.319516407,0.40445269,0.3169635498193721,0.3151479420256987,101.78644752350176,0.6767775756306946,1.9226554926383987,-11.244277477264404,0.9676441661524415,Jung Hoo Lee,33824,808982
Jorbit Vivas,WSN,123.0,364.0,3.0,32.0,31.0,2.0,0.112637362,0.145604395,0.083601286,0.274131274,0.237942122,0.330555555,0.321543408,0.2976782164639897,0.2918143590291341,84.27466324617325,0.8075985368341208,-6.0869843824983425,3.741144597530365,0.9661432486298663,Jorbit Vivas,23917,678391
Brendan Donovan,SEA,39.0,159.0,3.0,12.0,15.0,1.0,0.094339622,0.144654088,0.131386862,0.3125,0.277372262,0.371069182,0.408759124,0.3487716624571842,0.3143778758443845,130.82525819812943,-0.27043991535902023,5.430164862205208,-1.5945783257484436,0.9642448052816546,Brendan Donovan,24679,680977
Gleyber Torres,DET,96.0,420.0,8.0,57.0,38.0,0.0,0.135714285,0.192857142,0.103351955,0.313653136,0.259776536,0.364285714,0.363128491,0.3279900669479828,0.32510452819385116,109.01588928769007,-4.831923695746809,-0.42764344891296613,-5.036454081535339,0.959184530937496,Gleyber Torres,16997,650402
Tyler Tolbert,KCR,80.0,148.0,3.0,32.0,8.0,22.0,0.081081081,0.209459459,0.107692308,0.350515463,0.284615384,0.347222222,0.392307692,0.32899873165620697,0.2869352764553494,107.37946738028481,2.6956027364358306,3.9658954818724412,0.17056191712617874,0.9551858718682517,Tyler Tolbert,25779,686475
Derek Hill,- - -,117.0,216.0,11.0,30.0,31.0,13.0,0.060185185,0.319444444,0.201005025,0.310924369,0.24120603,0.291079812,0.442211055,0.31852151866250195,0.2891936032277233,99.28802769613769,1.0500019486062229,0.918476793810874,1.1270821765065193,0.950127943038336,Derek Hill,16947,656537
Jared Young,NYM,103.0,342.0,9.0,46.0,39.0,3.0,0.073099415,0.184210526,0.162337662,0.30543933,0.266233766,0.330409356,0.428571428,0.33240161914574473,0.3206431740208676,111.4359551203567,-0.41745966859161854,4.293454692359514,-6.128587901592255,0.9453117770910995,Jared Young,20404,676724
Dustin Harris,- - -,45.0,152.0,0.0,24.0,19.0,10.0,0.072368421,0.131578947,0.090225564,0.336206896,0.293233082,0.353333333,0.383458646,0.32592731157938637,0.3140329138437907,108.60763293924549,2.044859191402793,3.6524031042107605,0.33620938658714294,0.9247708176204551,Dustin Harris,25705,687957
Kyle Tucker,LAD,154.0,627.0,17.0,90.0,70.0,12.0,0.124401913,0.167464114,0.151851852,0.257075471,0.233333333,0.33014354,0.385185185,0.3181685635837884,0.33113775497827774,100.07396576226056,0.3192226691171527,0.37508318459708545,-11.717423915863037,0.920805200273306,Kyle Tucker,18345,663656
Dylan Crews,WSN,109.0,443.0,13.0,55.0,44.0,12.0,0.06772009,0.241534988,0.150990099,0.270175438,0.222772277,0.288939051,0.373762376,0.293660684579113,0.31717561969452945,81.58010384182145,3.5919569926336408,-6.23677662295316,0.8336882591247559,0.916393026063937,Dylan Crews,33541,686611
George Springer,TOR,126.0,517.0,15.0,59.0,54.0,12.0,0.09090909,0.183752417,0.155844156,0.282485875,0.248917748,0.321011673,0.404761904,0.32043986840006905,0.3064261410486837,105.02258989786657,0.7190575222484767,3.739255044990082,-13.07509833574295,0.9149958918121701,George Springer,12856,543807
Austin Hedges,CLE,82.0,247.0,6.0,25.0,25.0,1.0,0.101214574,0.182186234,0.130232559,0.28313253,0.246511627,0.32510288,0.376744186,0.31287584971989135,0.28050787654923803,99.63154924597333,-1.384646428283304,-1.4904970682318415,1.6518571376800537,0.9076912780836827,Austin Hedges,12976,595978
Jake Mangum,PIT,133.0,479.0,5.0,56.0,33.0,23.0,0.052192066,0.194154488,0.087356322,0.339233038,0.275862068,0.331223628,0.36321839,0.30989723175323036,0.2845532512868137,91.3203858243066,1.8288396103307605,-3.1789098728358116,-3.5811012983322144,0.8974131854616234,Jake Mangum,26202,663968
John Rave,KCR,52.0,161.0,6.0,26.0,13.0,8.0,0.105590062,0.236024844,0.197183098,0.275510204,0.232394366,0.314465408,0.429577464,0.326257697816165,0.3145425881549811,105.47561880470492,1.8675173302181065,2.8928768489118903,0.0920490026473999,0.8848521852885523,John Rave,26284,670231
Michael Conforto,CHC,113.0,314.0,15.0,32.0,45.0,1.0,0.111464968,0.25477707,0.228782288,0.277777777,0.239852398,0.331210191,0.468634686,0.3434670128623006,0.33245448450888354,118.87998917336522,-0.3953338977880776,6.745321089851972,-8.264662981033325,0.8847728110719341,Michael Conforto,16376,624424
Austin Martin,MIN,118.0,358.0,3.0,42.0,24.0,12.0,0.125698324,0.189944134,0.086092715,0.282051282,0.228476821,0.340782122,0.314569536,0.3029620655755091,0.3031029940983437,91.99384616419273,-1.660707294009626,-4.994388314046477,0.9506680965423584,0.880081362038709,Austin Martin,27462,668885
Jose Altuve,HOU,135.0,573.0,16.0,70.0,50.0,5.0,0.071553228,0.198952879,0.145038167,0.288944723,0.25,0.305944055,0.395038167,0.30751420476599456,0.27079100163104886,96.73201638550604,-2.0864599887281656,-4.264428404278183,-7.632789492607117,0.8562792540726976,Jose Altuve,5417,514888
Gary Sanchez,MIL,87.0,275.0,12.0,37.0,38.0,0.0,0.167272727,0.214545454,0.213333334,0.225806451,0.208888888,0.349090909,0.422222222,0.34223556605568767,0.3357080291299259,116.97073227238357,-1.6961763389408588,3.925164736169351,-4.470619507133961,0.854823008406513,Gary Sanchez,11442,596142
Ben Malgeri,DET,60.0,140.0,5.0,18.0,20.0,5.0,0.121428571,0.257142857,0.166666666,0.3125,0.25,0.35,0.416666666,0.3406007702861513,0.31720578329903737,117.7749455374534,0.9654008881188929,3.859766565613845,-0.43435096740722656,0.8539249307356414,Ben Malgeri,29577,701162
Mickey Gasper,BOS,67.0,225.0,10.0,26.0,24.0,0.0,0.12,0.173333333,0.214659686,0.265734265,0.2513089,0.357142857,0.465968586,0.3609954427395548,0.35340350014822824,129.95483758152392,-2.186726799234748,5.652379839194699,-5.241414412856102,0.8537209354373579,Mickey Gasper,24759,681508
Braden Montgomery,CHW,93.0,365.0,6.0,47.0,38.0,1.0,0.104109589,0.197260273,0.12383901,0.272357723,0.226006191,0.312328767,0.349845201,0.29783742509476124,0.32529962292715864,89.15924327217137,-1.1759831146337092,-5.778226140847852,1.1961374282836914,0.8505262672073987,Braden Montgomery,35423,695731
Taylor Walls,TBR,124.0,433.0,2.0,60.0,36.0,21.0,0.103926096,0.242494226,0.075880759,0.300751879,0.222222222,0.308788598,0.298102981,0.2779308843499408,0.25115625481856496,74.417299572044,2.8204022962599993,-10.063617005284279,2.9174389839172363,0.8348334383603451,Taylor Walls,22458,670764
Joey Wiemer,WSN,32.0,83.0,3.0,16.0,12.0,1.0,0.144578313,0.34939759,0.228571429,0.447368421,0.285714285,0.397590361,0.514285714,0.39698654556848917,0.31465462940495187,150.88077858935065,0.8315611071884632,5.918288946037416,-0.5886066555976868,0.8173998438903263,Joey Wiemer,27690,686894
Leo Bernal,STL,24.0,102.0,5.0,12.0,21.0,0.0,0.06862745,0.245098039,0.189473684,0.338461538,0.284210526,0.333333333,0.47368421,0.3512800902712579,0.3472406723920037,123.75287608672197,-0.7615555385127664,2.1566981011240367,2.546860158443451,0.8165490031892869,Leo Bernal,29016,699024
Jhonny Pereda,SEA,31.0,101.0,2.0,12.0,8.0,0.0,0.08910891,0.198019801,0.088888888,0.36231884,0.3,0.366336633,0.388888888,0.3376920223236084,0.3454099712949811,123.12963737867875,-1.194320070091635,1.5227903185127896,2.7856175899505615,0.8031004059698545,Jhonny Pereda,19802,640902
Ryan Vilade,TBR,96.0,278.0,11.0,28.0,43.0,3.0,0.093525179,0.233812949,0.183673469,0.28488372,0.244897959,0.321299638,0.428571428,0.3267492241617562,0.3269964621884979,108.32520882699718,0.686400004196912,3.3782881938425517,-5.487839221954346,0.78833918590583,Ryan Vilade,22165,668723
Daulton Varsho,- - -,140.0,526.0,12.0,51.0,40.0,12.0,0.074144486,0.203422053,0.13429752,0.259562841,0.22107438,0.281368821,0.3553719,0.2807282763355561,0.2827234559386741,77.70188538750024,1.2606866024434566,-12.381091238286881,1.4051209688186646,0.7804828603336215,Daulton Varsho,19918,662139
Jordan Lawlar,ARI,44.0,136.0,6.0,18.0,16.0,6.0,0.036764705,0.286764705,0.201612903,0.329113924,0.258064516,0.318518518,0.459677419,0.33975678770630446,0.3164569430881076,114.04063252514554,1.2956749969162047,3.5956983327408554,-0.3786228150129318,0.777757338267026,Jordan Lawlar,29976,691783
Edmundo Sosa,PHI,84.0,250.0,9.0,31.0,44.0,4.0,0.028,0.216,0.181818182,0.280701754,0.246753246,0.283400809,0.428571428,0.30739856080005046,0.32790047340547507,89.41948758263861,0.9629551842808723,-2.2231005654767393,1.6867065280675888,0.7729856978411224,Edmundo Sosa,17022,624641
Zach McKinstry,DET,129.0,423.0,4.0,42.0,26.0,3.0,0.09929078,0.163120567,0.094339623,0.233333333,0.199460916,0.288095238,0.293800539,0.2653206390526528,0.2842666954515083,65.48738581284694,-0.7170730852521956,-17.696980154545255,10.276134014129639,0.7707848254232942,Zach McKinstry,19392,656716
Kyle Teel,CHW,39.0,144.0,5.0,21.0,26.0,0.0,0.131944444,0.354166666,0.151260504,0.3125,0.210084033,0.335664335,0.361344537,0.31710311374464234,0.3210850428868007,102.54067379587472,0.3709510825574398,0.7964794189965025,1.637547880411148,0.7674209447191668,Kyle Teel,33549,691019
Jose Siri,LAA,108.0,251.0,10.0,36.0,33.0,9.0,0.059760956,0.318725099,0.175438596,0.323741007,0.24122807,0.295546558,0.416666666,0.30826906233417745,0.30366666199731046,96.82348063892071,0.47762067662552,-0.44972641301076344,-0.9321053475141525,0.765005867637666,Jose Siri,17452,642350
Miguel Rojas,LAD,107.0,252.0,4.0,23.0,23.0,1.0,0.063492063,0.107142857,0.124444445,0.278606965,0.266666666,0.312,0.391111111,0.30645640325546264,0.3094817810058594,92.21861758773458,-1.2884611198678613,-3.6503744691740985,2.8801865577697754,0.7558029518477607,Miguel Rojas,7802,500743
Roman Anthony,BOS,55.0,242.0,5.0,24.0,15.0,2.0,0.11983471,0.272727272,0.150943397,0.333333333,0.245283018,0.338842975,0.396226415,0.325984066700045,0.3407812754313151,105.63687498355347,1.3550365613773465,2.941648997732367,-4.101155042648315,0.7551666251287177,Roman Anthony,31812,701350
Willi Castro,COL,120.0,477.0,15.0,65.0,56.0,10.0,0.085953878,0.270440251,0.156908665,0.335664335,0.259953161,0.331236897,0.416861826,0.32982029592466056,0.3088458894428454,95.20018522488083,-1.6719462433829904,-4.429662112577992,-3.724497675895691,0.7488483004892247,Willi Castro,17338,650489
Myles Straw,TOR,147.0,330.0,3.0,44.0,26.0,7.0,0.081818181,0.133333333,0.101694915,0.270916334,0.240677966,0.303680981,0.342372881,0.2883946990674259,0.2923624003591713,82.76487490838859,1.1622446049004793,-5.452993260761739,1.027864933013916,0.7402147981700857,Myles Straw,17620,664702
Esteury Ruiz,MIA,109.0,255.0,6.0,38.0,17.0,34.0,0.101960784,0.321568627,0.150234742,0.317460317,0.215962441,0.333333333,0.366197183,0.3173236875306992,0.2748698279971168,98.14262268610857,4.567474690731615,3.9969860805678437,-5.051105737686157,0.736825852392851,Esteury Ruiz,21780,665923
Josh Bell,MIN,154.0,631.0,21.0,78.0,96.0,2.0,0.082408874,0.19651347,0.163732394,0.289044289,0.25528169,0.319047619,0.419014084,0.3233906312594338,0.3349558270166791,106.18297988093826,-3.9027720033191144,0.6350167843301726,-15.86351102590561,0.7263924022952692,Josh Bell,13145,605137
Kaelen Culpepper,MIN,33.0,128.0,3.0,15.0,11.0,1.0,0.046875,0.21875,0.11965812,0.333333333,0.273504273,0.328125,0.393162393,0.3197151878848672,0.2870899711068221,103.63011550871803,0.4752649022266269,1.0157049193641885,1.543195202946663,0.7224011633795959,Kaelen Culpepper,35111,701785
Alex Freeland,LAD,89.0,269.0,4.0,32.0,21.0,4.0,0.118959107,0.275092936,0.090909091,0.322580645,0.233766233,0.327067669,0.324675324,0.29743046531999917,0.2974697772721599,86.16491928638433,0.6082609808072448,-3.874448958723087,2.2074373960494995,0.7207702653440129,Alex Freeland,31665,690976
Trent Grisham,NYY,121.0,484.0,18.0,67.0,59.0,9.0,0.126033057,0.183884297,0.184210527,0.222222222,0.210526315,0.308488612,0.394736842,0.3110845726962909,0.33729711508849847,98.06225015525905,-2.2037830678746104,-3.2946208143853064,-6.802648067474365,0.7183964077638381,Trent Grisham,18564,663757
Joshua Kuroda-Grauer,ATH,21.0,74.0,1.0,8.0,4.0,0.0,0.027027027,0.135135135,0.14084507,0.416666666,0.366197183,0.391891891,0.507042253,0.39225261356379537,0.31131561488321385,146.19280417029776,-0.3971644532866776,3.578622754992744,0.7630458176136017,0.7090613539674245,Joshua Kuroda-Grauer,35121,811965
Matt Shaw,CHC,77.0,202.0,5.0,25.0,24.0,4.0,0.103960396,0.173267326,0.173410405,0.266666666,0.236994219,0.326633165,0.410404624,0.3246193938518888,0.30291748046875,106.23888749466552,-0.6335998103022575,0.8843771659562403,-0.489516019821167,0.7089018236496968,Matt Shaw,33322,807713
Nicky Lopez,- - -,100.0,270.0,1.0,25.0,24.0,5.0,0.044444444,0.162962962,0.042194092,0.324742268,0.270042194,0.321705426,0.312236286,0.2858830379604829,0.2701335223391652,83.03571061421744,0.7979551148600876,-4.640018081460939,2.036954881157726,0.7077360583142907,Nicky Lopez,19339,670032
Spencer Jones,NYY,86.0,289.0,11.0,36.0,40.0,10.0,0.08650519,0.363321799,0.183908046,0.363013698,0.245210727,0.3125,0.429118773,0.32312812061675333,0.32777290077476234,106.42737546613417,0.9601162374019623,3.120588020538713,-6.692448735237122,0.6791471770250409,Spencer Jones,31532,682987
Lane Thomas,- - -,118.0,374.0,11.0,37.0,40.0,9.0,0.117647058,0.248663101,0.159509202,0.276785714,0.22392638,0.318181818,0.383435582,0.3127399498128636,0.31146427399334425,96.24472383265251,1.2111014290712774,-0.4961965248783895,-5.976816684007645,0.6767724481393592,Lane Thomas,16939,657041
Eli White,- - -,96.0,204.0,6.0,27.0,29.0,5.0,0.053921568,0.220588235,0.151832461,0.290780141,0.246073298,0.289215686,0.397905759,0.3002323292049707,0.26938579352618436,87.73304710709384,0.08991998853161931,-2.8909091139933967,2.672651618719101,0.6709758856998373,Eli White,19346,642201
J.T. Realmuto,PHI,123.0,467.0,11.0,52.0,51.0,3.0,0.079229122,0.214132762,0.125603865,0.2394822,0.205314009,0.282655246,0.330917874,0.2753567316547451,0.3169388637747816,67.92902664040638,1.3520133951678872,-16.68795126991992,8.062700629234314,0.6677806426481685,J.T. Realmuto,11739,592663
Connor Norby,- - -,105.0,383.0,7.0,36.0,34.0,10.0,0.104438642,0.281984334,0.133738602,0.336405529,0.243161094,0.342036553,0.376899696,0.3232719283502345,0.30962298927506854,97.697155246663,0.5293425801210105,-0.5330134706935103,-5.428879640996456,0.6608752063443749,Connor Norby,29592,681393
Victor Caratini,MIN,106.0,382.0,7.0,28.0,44.0,0.0,0.089005235,0.209424083,0.094801223,0.262096774,0.220183486,0.311518324,0.314984709,0.2846079729986316,0.30575080931656,79.24558581874066,-3.530150678474456,-12.751424691711435,5.663778305053711,0.6567669212801535,Victor Caratini,14968,605170
Henry Davis,PIT,97.0,298.0,10.0,33.0,38.0,3.0,0.093959731,0.211409395,0.140625,0.183783783,0.171875,0.272108843,0.3125,0.26656030392160224,0.2903129134975603,62.25430003068715,-0.9935431033372879,-14.54201792280621,11.25543999671936,0.6518768361819175,Henry Davis,29617,680779
Brady House,WSN,95.0,355.0,10.0,44.0,46.0,3.0,0.08169014,0.256338028,0.15,0.31081081,0.246875,0.312676056,0.396875,0.3127617752048331,0.33313415010096664,94.39120898143617,-0.14980027033016086,-2.5481044960572317,-2.611435428261757,0.6498751384060334,Brady House,29993,691781
Josh Lowe,LAA,114.0,343.0,12.0,32.0,29.0,10.0,0.072886297,0.306122448,0.151125402,0.270408163,0.209003215,0.272727272,0.360128617,0.27881539937327887,0.2838608012479894,76.36575645669838,0.6584484460763633,-8.770275304093209,2.9788126945495605,0.6480111471814425,Josh Lowe,19953,666139
Blake Dunn,CIN,38.0,155.0,2.0,20.0,7.0,6.0,0.064516129,0.212903225,0.105633803,0.351851851,0.28169014,0.33548387,0.387323943,0.32043720676052956,0.27982053820718855,99.47866411487311,-0.05021838191896677,-0.1475504561969163,1.4410918354988098,0.6448117504436603,Blake Dunn,29487,694362
Ryan Kreidler,MIN,105.0,267.0,8.0,33.0,29.0,4.0,0.078651685,0.228464419,0.160493828,0.258620689,0.218106995,0.285714285,0.378600823,0.2933424413204193,0.2952152911881755,85.3123132082239,-1.9320515505969524,-6.4932792107420285,3.2898404598236084,0.6372740498618045,Ryan Kreidler,25867,668952
Nick Allen,HOU,94.0,162.0,3.0,26.0,14.0,2.0,0.061728395,0.197530864,0.110344828,0.336283185,0.28275862,0.327044025,0.393103448,0.3162416958209104,0.24601227382443985,102.79389755258903,-0.0638303691521287,0.46260198990272017,0.05488109588623047,0.6372398720302147,Nick Allen,22277,669397
Mike Yastrzemski,ATL,139.0,408.0,12.0,51.0,41.0,1.0,0.100490196,0.240196078,0.155124654,0.272727272,0.224376731,0.308823529,0.379501385,0.3062319789154857,0.3087185504389744,91.76680680866087,0.707929375115782,-3.338156818191875,-3.6909724473953247,0.6349752534590778,Mike Yastrzemski,14854,573262
Jonah Cox,SFG,62.0,169.0,4.0,26.0,16.0,16.0,0.059171597,0.384615384,0.132450331,0.414634146,0.251655629,0.298136645,0.38410596,0.30024465640879566,0.25599156255307404,90.57308251216067,1.9548562476411462,0.035908843924834066,0.6844542175531387,0.6327995697920364,Jonah Cox,33270,813841
Josh Naylor,SEA,152.0,650.0,10.0,58.0,57.0,30.0,0.069230769,0.121538461,0.08877722,0.286274509,0.261306532,0.317411402,0.350083752,0.2971505254230263,0.31046944198489745,94.97060117908656,-4.55076012853533,-8.35306133541356,-8.771963119506836,0.6018573889899472,Josh Naylor,18839,647304
Ernie Clement,TOR,158.0,621.0,9.0,60.0,48.0,7.0,0.035426731,0.093397745,0.105084746,0.271698113,0.259322033,0.285024154,0.364406779,0.28405279506615777,0.25761231453188005,79.74910486302782,0.2390081500634551,-14.387912658774749,-1.8576984405517578,0.5867519793212896,Ernie Clement,20352,676391
Daniel Schneemann,CLE,91.0,286.0,7.0,30.0,30.0,7.0,0.083916083,0.293706293,0.122137404,0.280701754,0.209923664,0.276223776,0.332061068,0.2724205634810708,0.292251693993284,71.53239265939312,-0.392552622128278,-9.862206054886856,5.481077313423157,0.5859271648894071,Daniel Schneemann,25180,682177
Samuel Basallo,BAL,112.0,399.0,18.0,40.0,54.0,0.0,0.080200501,0.26566416,0.183333333,0.259414225,0.222222222,0.290726817,0.405555555,0.30316665610978827,0.3183083642887164,94.68430260341914,-2.536150921601802,-5.00304345766912,-3.41149365901947,0.5830125845715931,Samuel Basallo,28824,694212
Pedro Pages,STL,84.0,211.0,4.0,14.0,12.0,2.0,0.06635071,0.265402843,0.095238096,0.282442748,0.216931216,0.275362318,0.312169312,0.2637316483806297,0.2727352049292588,65.03411934934327,0.09943211684003472,-8.787126033564059,7.4975795447826385,0.5671987761714135,Pedro Pages,25782,686780
James McCann,ARI,52.0,166.0,7.0,17.0,28.0,0.0,0.036144578,0.253012048,0.173076923,0.342592592,0.282051282,0.310975609,0.455128205,0.3318640295325256,0.303411553545696,108.74695810690679,-0.48038047458976507,1.26854698057936,-1.1295709609985352,0.563674945848778,James McCann,12859,543510
Jo Adell,- - -,159.0,660.0,23.0,70.0,94.0,5.0,0.051515151,0.237878787,0.160862355,0.285046728,0.240464344,0.298484848,0.401326699,0.30691069382637154,0.3285743293412235,95.77695002667843,0.41393750440329313,-2.8278701347762674,-15.121058464050293,0.5540557670431203,Jo Adell,20220,666176
Ryan O'Hearn,PIT,110.0,451.0,18.0,58.0,76.0,1.0,0.077605321,0.219512195,0.174447174,0.307167235,0.265356265,0.33037694,0.439803439,0.3364994798766242,0.31368275960286457,109.16251873372352,-3.686240176204592,1.291108650916164,-10.543397665023804,0.5509729584892162,Ryan O'Hearn,16442,656811
Ryan McMahon,NYY,124.0,360.0,11.0,33.0,41.0,3.0,0.077777777,0.294444444,0.143292683,0.278301886,0.213414634,0.278551532,0.356707317,0.2820783996316384,0.2969771443798555,77.91534045081106,-1.112022917252034,-10.359223850768497,2.8741360902786255,0.5369180458757683,Ryan McMahon,15112,641857
Elias Diaz,- - -,87.0,237.0,8.0,21.0,35.0,0.0,0.037974683,0.244725738,0.16972477,0.275641025,0.233944954,0.26609442,0.403669724,0.2868134220098627,0.2687901872577089,82.5859278226055,-1.6957775093615055,-6.496048676013212,3.3034366611391306,0.5301258548201445,Elias Diaz,11680,553869
Royce Lewis,MIN,125.0,509.0,15.0,51.0,57.0,16.0,0.074656188,0.25540275,0.153347732,0.27863777,0.226781857,0.286836935,0.380129589,0.2923007093545959,0.30628033134880966,84.58875412978563,3.1408194242976606,-5.982914609534117,-6.8699363470077515,0.5280478350847001,Royce Lewis,20437,668904
Luis Robert Jr.,- - -,61.0,230.0,11.0,26.0,26.0,2.0,0.104347826,0.239130434,0.18627451,0.242857142,0.220588235,0.3,0.406862745,0.3105240578236787,0.32114233763321587,96.95020682018419,-1.3716453877277672,-2.2245737272181834,-0.15917193703353405,0.5222667378115604,Luis Robert Jr.,20043,673357
Adael Amador,COL,27.0,95.0,4.0,17.0,16.0,0.0,0.105263157,0.126315789,0.204819277,0.283582089,0.277108433,0.361702127,0.48192771,0.36536798554082073,0.2743181413219821,119.04202745611983,0.011029664427042007,2.1899605417580488,-0.16800044476985931,0.5203515332365863,Adael Amador,27962,691182
Nathaniel Lowe,- - -,126.0,429.0,17.0,38.0,64.0,0.0,0.088578088,0.23076923,0.19160105,0.289377289,0.251968503,0.317016317,0.443569553,0.3285494077707005,0.3351770735464955,106.5428753759937,-1.3185580521821976,2.210565203085846,-11.566222310066223,0.5132074712400797,Nathaniel Lowe,19566,663993
Jarren Duran,BOS,151.0,608.0,20.0,66.0,69.0,21.0,0.06743421,0.271381578,0.154264973,0.252010723,0.206896551,0.266115702,0.361161524,0.273524844369223,0.30069232106407817,69.20010639953846,5.037314095534384,-16.743287976256823,0.14469051361083984,0.5039044074803893,Jarren Duran,24617,680776
Victor Robles,SEA,66.0,149.0,0.0,15.0,9.0,10.0,0.060402684,0.147651006,0.052631579,0.303571428,0.255639097,0.315068493,0.308270676,0.282600803734505,0.2803233421012147,84.86475479838275,1.213788145687431,-1.409178782203596,1.0374811887741089,0.49980011522426415,Victor Robles,18363,645302
Hao Yu Lee,DET,114.0,364.0,10.0,40.0,46.0,3.0,0.082417582,0.239010989,0.160606061,0.326271186,0.263636363,0.322314049,0.424242424,0.32526552924135116,0.3021341397617403,107.12349848385934,-2.2075768155045807,0.8082875440799211,-8.840692937374115,0.4956267508869641,Hao Yu Lee,30080,701678
Jackson Holliday,BAL,98.0,354.0,7.0,45.0,30.0,8.0,0.096045197,0.237288135,0.111111111,0.285087719,0.228571428,0.300283286,0.339682539,0.2840640762253025,0.2926058429598469,81.41616305267861,0.8936615120619535,-6.757999712407045,-0.9303410649299622,0.49457390443194893,Jackson Holliday,31781,702616
Hunter Feduccia,- - -,93.0,251.0,3.0,21.0,19.0,0.0,0.111553784,0.239043824,0.092165899,0.29032258,0.221198156,0.31174089,0.313364055,0.2855438773448651,0.3117866050906298,79.23604138091954,-1.2814951241016388,-7.444266399625538,3.5344045162200928,0.4805024217561922,Hunter Feduccia,23372,676439
Ildemaro Vargas,ARI,142.0,486.0,9.0,62.0,67.0,3.0,0.055555555,0.100823045,0.123620309,0.267002518,0.253863134,0.297520661,0.377483443,0.2952104550921571,0.2967431704203288,84.16339871234733,0.7962071592919528,-8.474330297887123,-2.7640576362609863,0.4646236745920306,Ildemaro Vargas,13324,545121
Everson Pereira,- - -,38.0,111.0,5.0,10.0,12.0,1.0,0.054054054,0.333333333,0.204081633,0.315789473,0.234693877,0.309090909,0.43877551,0.3269140216437253,0.2986703569238836,109.02980437279071,-0.17492438480257988,1.0357521495267878,-0.3638940844684839,0.4620785446438235,Everson Pereira,23695,677592
Tyler O'Neill,BAL,85.0,260.0,10.0,31.0,23.0,1.0,0.103846153,0.276923076,0.164502164,0.261744966,0.212121212,0.3,0.376623376,0.30187937961174893,0.3069440401517428,93.79019487976835,-0.024844249710440636,-1.9027267039674283,-2.8215439319610596,0.45717334511527624,Tyler O'Neill,15711,641933
Mickey Moniak,COL,117.0,436.0,23.0,49.0,65.0,1.0,0.050458715,0.275229357,0.242574257,0.272388059,0.237623762,0.277522935,0.480198019,0.3215768352287625,0.2789333588486418,89.67129455791402,1.442895491141826,-3.9813463253465278,-5.8306697607040405,0.44432891221083526,Mickey Moniak,19956,666160
Willy Adames,SFG,121.0,505.0,21.0,62.0,51.0,5.0,0.073267326,0.275247524,0.193548387,0.281045751,0.230107526,0.28910891,0.423655913,0.31062771506828835,0.29576207721044145,97.53700194294096,-2.6578103373758495,-4.155983828395616,-7.9341607093811035,0.44080023835833565,Willy Adames,15986,642715
Anthony Seigler,BOS,49.0,173.0,3.0,21.0,13.0,2.0,0.104046242,0.16184971,0.153333334,0.280991735,0.246666666,0.32748538,0.4,0.3208783115559851,0.312192191854555,102.09055442512903,0.24309121444821358,0.6637448692851202,-2.5694651901721954,0.43021525630627305,Anthony Seigler,23802,678011
George Lombard,NYY,42.0,166.0,7.0,23.0,22.0,2.0,0.060240963,0.26506024,0.177631579,0.281553398,0.236842105,0.284848484,0.414473684,0.30339848670092495,0.29795702492318504,92.72370100628619,-0.33914951188489795,-1.744018124638003,0.04107797145843506,0.42560270053833016,George Lombard,33433,806146
Alex Call,LAD,88.0,195.0,1.0,25.0,20.0,1.0,0.117948717,0.179487179,0.073619632,0.286821705,0.233128834,0.348717948,0.306748466,0.3050674762481298,0.276605920693309,91.28706397800343,0.8305609514936805,-1.2159110033418195,-0.9578710794448853,0.42420476772247473,Alex Call,19296,669743
Josue De Paula,LAD,11.0,42.0,1.0,7.0,7.0,1.0,0.261904761,0.119047619,0.258064516,0.36,0.322580645,0.5,0.580645161,0.46572087918009075,0.43704773130871,199.03733208190337,-1.2798044010996819,3.7303935374056367,-0.9859971664845943,0.41845496850428515,Josue De Paula,30871,800543
Gabriel Arias,- - -,51.0,149.0,5.0,14.0,14.0,4.0,0.053691275,0.402684563,0.128571429,0.381578947,0.242857142,0.281879194,0.371428571,0.28419721811204346,0.2719288885998888,80.2133202181288,-0.28897755267098546,-3.822762036714777,2.45305329374969,0.393719065599142,Gabriel Arias,22563,672356
David Hamilton,MIL,121.0,387.0,4.0,49.0,26.0,30.0,0.082687338,0.222222222,0.091445427,0.317269076,0.244837758,0.313672922,0.336283185,0.2929232037418969,0.27626148346931706,83.89692142756806,4.5061830705963075,-3.000127651462754,-5.739667654037476,0.391286941915217,David Hamilton,27531,666152
Michael Arroyo,SEA,15.0,41.0,1.0,5.0,4.0,2.0,0.121951219,0.146341463,0.142857143,0.413793103,0.371428571,0.43902439,0.514285714,0.41376298084491636,0.37482487283101895,175.96648452302853,0.3023304562084377,3.9249520454337525,-1.5478251278400421,0.3899675935949344,Michael Arroyo,30384,703197
Masataka Yoshida,BOS,87.0,297.0,5.0,34.0,28.0,2.0,0.094276094,0.111111111,0.125475285,0.293859649,0.273764258,0.346801346,0.399239543,0.32962725251107605,0.31791473079372096,108.16733411746846,-0.7018115893006325,2.119518216278792,-8.85684609413147,0.38572453404761764,Masataka Yoshida,31837,807799
Alec Bohm,PHI,155.0,629.0,15.0,58.0,88.0,2.0,0.076311605,0.13990461,0.134038801,0.268656716,0.248677248,0.314785373,0.382716049,0.3085126603484913,0.3275070312110621,90.16671436307458,-1.6744728945195675,-9.124467548547493,-7.566217660903931,0.3828886749056776,Alec Bohm,21618,664761
Nathan Church,STL,142.0,470.0,10.0,53.0,50.0,10.0,0.053191489,0.172340425,0.117511521,0.277936962,0.246543778,0.289978678,0.364055299,0.28769503155751014,0.28290788213497053,81.10636503391738,0.6933245253749192,-10.002642102027739,-1.584313228726387,0.3761682847841487,Nathan Church,31357,701675
Eugenio Suarez,CIN,125.0,498.0,26.0,50.0,74.0,1.0,0.10441767,0.339357429,0.221198157,0.272727272,0.211981566,0.307228915,0.433179723,0.3237152982285805,0.3025352974248126,101.67728069009239,-0.9711827915161848,0.03491860273124736,-12.56028127670288,0.3733161103152114,Eugenio Suarez,12552,553993
Leody Taveras,BAL,139.0,482.0,8.0,58.0,56.0,11.0,0.08506224,0.25726141,0.125874125,0.287625418,0.219114219,0.287526427,0.344988344,0.28164246596443226,0.27341539098861367,79.7341775264814,2.2112506441771984,-9.150057977927274,-4.334961771965027,0.3662586280591431,Leody Taveras,18900,665750
Kyle Higashioka,TEX,58.0,186.0,7.0,20.0,18.0,0.0,0.102150537,0.252688172,0.151515151,0.261261261,0.218181818,0.306451612,0.369696969,0.3030556853740446,0.2952018245573967,94.47705955407456,-1.022401380352676,-2.2172156192746026,-0.7971991300582886,0.36424299590011106,Kyle Higashioka,5517,543309
Oswald Peraza,LAA,123.0,370.0,7.0,33.0,25.0,12.0,0.045945945,0.3,0.108504399,0.3125,0.225806451,0.281842818,0.33431085,0.27555785156523954,0.2720416742059775,74.10315113471371,2.148848727811128,-8.995783244927477,-0.5574336051940918,0.3624366804831398,Oswald Peraza,22823,672724
Hyeseong Kim,LAD,43.0,131.0,1.0,16.0,11.0,5.0,0.091603053,0.236641221,0.068965517,0.337209302,0.258620689,0.323076923,0.327586206,0.29277129815174985,0.30412591787484977,83.0400149746321,1.136879253666848,-1.539227419939838,0.7043974697589874,0.3486639384640174,Hyeseong Kim,35322,808975
Jonatan Clase,TOR,9.0,25.0,2.0,4.0,6.0,0.0,0.12,0.32,0.272727273,0.333333333,0.272727272,0.36,0.545454545,0.39015300035476685,0.24744367599487305,153.44346126118066,0.45988632598891854,2.0138886759635453,0.5057409703731537,0.34674278667412145,Jonatan Clase,26599,682729
Lucas Spence,HOU,19.0,63.0,4.0,9.0,12.0,0.0,0.111111111,0.349206349,0.290909091,0.275862068,0.218181818,0.317460317,0.509090909,0.35529073268648176,0.3046326712956504,129.91631104790932,-0.8076428477652371,1.384483967495413,-0.23623794317245483,0.34423379983280905,Lucas Spence,35126,828599
Nick Madrigal,- - -,19.0,63.0,0.0,8.0,3.0,1.0,0.111111111,0.047619047,0.037037037,0.288461538,0.277777777,0.365079365,0.314814814,0.3128692327983796,0.29291839826674687,99.78569816118055,-0.13973953807726502,-0.15544257066987022,1.2741906344890594,0.3412304891520279,Nick Madrigal,20521,663611
Harry Ford,WSN,38.0,118.0,3.0,17.0,10.0,3.0,0.144067796,0.237288135,0.16,0.231884057,0.19,0.313559322,0.35,0.30159360473438845,0.29556355233919823,86.90071490873906,0.5278041851706803,-1.3340096894317468,0.842441976070404,0.3405777945693752,Harry Ford,29958,695670
Charles McAdoo,TOR,36.0,106.0,3.0,12.0,14.0,2.0,0.066037735,0.235849056,0.134020619,0.309859154,0.257731958,0.301886792,0.391752577,0.3028596172917564,0.28848630077434034,92.81181907776426,0.24286786979064345,-0.6433529526252562,0.21835088729858398,0.3392138993252187,Charles McAdoo,33323,807727
Brandon Marsh,PHI,155.0,568.0,18.0,71.0,62.0,11.0,0.059859154,0.25,0.148854962,0.319783197,0.259541984,0.304424778,0.408396946,0.3079725828553949,0.3005817119891827,89.80448428505588,1.1094319694675505,-5.8658889770071525,-9.287789106369019,0.3374438311467566,Brandon Marsh,20202,669016
Jorge Barrosa,- - -,105.0,174.0,2.0,30.0,12.0,3.0,0.097701149,0.264367816,0.137931034,0.265306122,0.193103448,0.284848484,0.331034482,0.27715774991295555,0.2382049069260106,72.25077064208031,1.0212036781013012,-4.763291331622845,2.3338306322693825,0.33312417071752976,Jorge Barrosa,23968,678489
Luis Urias,TOR,26.0,59.0,3.0,5.0,8.0,0.0,0.101694915,0.169491525,0.23076923,0.25,0.25,0.322033898,0.48076923,0.3449573355205989,0.2991726115598517,122.0517648654884,-0.08107215166091919,1.432184005922531,-0.2541714757680893,0.33283105086256554,Luis Urias,16622,649966
Jose Fermin,STL,118.0,370.0,6.0,33.0,41.0,8.0,0.081081081,0.135135135,0.107033639,0.269784172,0.247706422,0.308743169,0.354740061,0.29445644349999767,0.29080202279846523,85.64124531823039,1.2781559964641929,-5.12103629600489,-3.6672430634498596,0.3300738989096122,Jose Fermin,21746,665877
Matt McLain,CIN,134.0,496.0,15.0,59.0,40.0,20.0,0.096774193,0.280241935,0.148741418,0.231578947,0.185354691,0.273833671,0.334096109,0.27249646683533985,0.2926175482190216,67.32480066869232,1.1708976682275534,-18.35030557347922,5.249387502670288,0.30809562340496205,Matt McLain,29695,680574
Ali Sanchez,NYY,51.0,92.0,1.0,7.0,8.0,0.0,0.010869565,0.27173913,0.058139535,0.327868852,0.244186046,0.274725274,0.302325581,0.2580176342974652,0.2562340327671596,61.20337829272045,-0.5599956559017301,-4.711436201923622,4.420568227767944,0.3023537471132758,Ali Sanchez,18551,645305
Alan Roden,MIN,32.0,94.0,1.0,7.0,14.0,0.0,0.127659574,0.127659574,0.101265823,0.323529411,0.29113924,0.376344086,0.392405063,0.3426536014003138,0.36097171742429013,119.56252220121495,0.2773262779228389,2.416124362436003,-2.7787574529647827,0.3022637412742426,Alan Roden,31564,702176
Joey Bart,- - -,44.0,128.0,4.0,13.0,13.0,0.0,0.0546875,0.2734375,0.142857143,0.27027027,0.214285714,0.3046875,0.357142857,0.2984820012934506,0.29459403455257416,85.27673367102174,-0.2570461924187839,-2.5079136145395085,1.271552100777626,0.30053276995661615,Joey Bart,21524,663698
Danny Jansen,TEX,67.0,227.0,8.0,21.0,26.0,1.0,0.079295154,0.242290748,0.177664974,0.23880597,0.203045685,0.295964125,0.380710659,0.30013028431583094,0.2669895447052277,92.44515445450286,-1.011299645062536,-3.0059580538831554,-2.124063730239868,0.2967865630651999,Danny Jansen,16535,643376
Luke Raley,SEA,95.0,287.0,15.0,28.0,39.0,1.0,0.052264808,0.324041811,0.213740458,0.283870967,0.225190839,0.284210526,0.438931297,0.31278856854203724,0.34187773583640513,105.83236643059826,0.11328307399526238,2.060183694221724,-9.437001705169678,0.28453186665193525,Luke Raley,19354,670042
Yohandy Morales,WSN,17.0,47.0,4.0,10.0,10.0,1.0,0.0,0.319148936,0.340425532,0.285714285,0.255319148,0.255319148,0.59574468,0.35752597768256006,0.31693616826483545,124.41456815344883,0.5247237142175436,1.906868582902283,-0.7873409539461136,0.2695722531545802,Yohandy Morales,33361,691002
Jared Triolo,PIT,125.0,362.0,3.0,34.0,29.0,13.0,0.077348066,0.198895027,0.064814815,0.296,0.23765432,0.307262569,0.302469135,0.2783996264694789,0.28389844707414214,70.19493593021137,2.220671268645674,-10.775196721874773,1.6475463509559631,0.2690379744735074,Jared Triolo,25807,669707
Jose Azocar,ATL,11.0,18.0,0.0,2.0,0.0,1.0,0.055555555,0.222222222,0.117647059,0.461538461,0.352941176,0.388888888,0.470588235,0.376747684346305,0.29802023039923775,139.0617039414923,0.5201394590549171,1.3670359825958205,0.6074087470769882,0.26061354411834886,Jose Azocar,18821,640492
Brandon Lockridge,MIL,39.0,113.0,0.0,13.0,12.0,6.0,0.097345132,0.292035398,0.049504951,0.411764705,0.277227722,0.348214285,0.326732673,0.30767581665090155,0.25753156988470405,93.79150173005642,0.8700766367837787,0.02504752900720031,-1.1578535586595535,0.25873867642201887,Brandon Lockridge,21496,663604
Ryan Ward,LAD,20.0,60.0,3.0,8.0,12.0,0.0,0.083333333,0.283333333,0.236363636,0.257142857,0.218181818,0.283333333,0.454545454,0.3189253936211268,0.3164545802746789,100.58157181320011,0.13366820570081472,0.17569838676394234,0.3938153386116028,0.25660814549119915,Ryan Ward,27449,669899
Thomas Saggese,STL,57.0,180.0,4.0,25.0,14.0,4.0,0.072222222,0.272222222,0.11728395,0.303571428,0.234567901,0.294444444,0.351851851,0.2864343328608407,0.3088567296885911,80.26081417669776,-0.238797917496413,-4.518449382860496,1.0277779400348663,0.24047086343059254,Thomas Saggese,27883,695336
Brice Matthews,HOU,84.0,233.0,7.0,23.0,22.0,4.0,0.068669527,0.317596566,0.130841121,0.268656716,0.200934579,0.255411255,0.3317757,0.2602722551915553,0.2608861840289572,63.91902550191477,-0.7763303993269801,-10.554358136186451,4.6416922733187675,0.2387523994745528,Brice Matthews,33280,694728
Lazaro Montes,SEA,21.0,59.0,4.0,7.0,11.0,0.0,0.118644067,0.406779661,0.269230769,0.291666666,0.211538461,0.305084745,0.48076923,0.3337976932525635,0.3129859135068696,120.42474087341175,-0.17264174995943904,1.2289632953631837,-0.9846662804484367,0.2377655706788707,Lazaro Montes,30361,703155
Trevor Story,BOS,64.0,266.0,5.0,24.0,29.0,5.0,0.041353383,0.32330827,0.115537849,0.333333333,0.23505976,0.270676691,0.350597609,0.2715142717901266,0.2482387326798349,67.80361662079352,1.1344409119337797,-8.826624955311091,1.714051902294159,0.23566039333460928,Trevor Story,12564,596115
Troy Johnston,COL,129.0,449.0,4.0,41.0,50.0,4.0,0.082405345,0.184855233,0.115869018,0.336507936,0.277078085,0.348214285,0.392947103,0.329313832202128,0.3227601469232795,94.8604999092147,-1.1174797802232206,-3.8970258713662176,-8.408200979232788,0.23351980822442386,Troy Johnston,26143,687859
Alex Jackson,MIN,33.0,73.0,1.0,12.0,5.0,0.0,0.02739726,0.328767123,0.101449275,0.454545454,0.304347826,0.342465753,0.405797101,0.33138853883090086,0.22167602957111515,111.73811193188874,-0.3126519937068224,0.6839877268540199,-0.9835884869098663,0.23290596914735295,Alex Jackson,17276,656577
Sung-Mun Song,SDP,78.0,154.0,1.0,22.0,17.0,13.0,0.123376623,0.201298701,0.053435115,0.24,0.190839694,0.291390728,0.244274809,0.24976631879806518,0.2530970255533854,57.94820318603874,1.5429109195247293,-6.257400451506788,3.537181317806244,0.23284361944858972,Sung-Mun Song,37122,823550
Tim Tawa,ARI,104.0,351.0,11.0,41.0,42.0,8.0,0.076923076,0.239316239,0.153354633,0.288288288,0.239616613,0.296511627,0.392971246,0.3020181498208711,0.31503166511044867,88.72932087024334,-0.8735741977579892,-5.638584711662862,-3.547199845314026,0.22670476838912162,Tim Tawa,29571,694374
Justin Dean,CHC,17.0,10.0,0.0,3.0,3.0,1.0,0.2,0.4,0.25,0.75,0.375,0.5,0.625,0.47722808122634885,0.34557280540466306,208.59356333397182,0.05774327926337719,1.3657523177638067,0.48916563391685486,0.2219608801930846,Justin Dean,25005,681909
Parker Meadows,DET,12.0,39.0,0.0,3.0,2.0,3.0,0.051282051,0.256410256,0.083333333,0.346153846,0.25,0.307692307,0.333333333,0.2875213546630664,0.2499240728525015,80.90740732965264,0.846582910977304,-0.019474334485419353,0.8083858639001846,0.22104804439802964,Parker Meadows,23800,678009
Ramon Laureano,SDP,53.0,206.0,7.0,23.0,21.0,7.0,0.097087378,0.31553398,0.17032967,0.267857142,0.203296703,0.286407766,0.373626373,0.29179860376617284,0.31209175332078654,86.13926476131839,0.4832590688019991,-2.955962448259842,-1.6113784313201904,0.21692086144910763,Ramon Laureano,17128,657656
Gavin Sheets,SDP,125.0,419.0,17.0,47.0,48.0,4.0,0.116945107,0.202863961,0.184573002,0.228136882,0.212121212,0.312649164,0.396694214,0.31514447770995,0.31581476252517154,101.79734688502666,-1.2058931486681104,-0.29879853681480584,-11.207786798477173,0.21552105369758823,Gavin Sheets,19901,657757
Kahlil Watson,CLE,27.0,91.0,1.0,6.0,11.0,9.0,0.032967032,0.351648351,0.102272727,0.363636363,0.238636363,0.263736263,0.34090909,0.26564783381891777,0.24609991220327523,66.828236318193,1.61468750750646,-1.8962818588519004,0.7819477319717407,0.21490486510251489,Kahlil Watson,29905,696135
Brewer Hicklen,ATL,20.0,47.0,0.0,9.0,3.0,0.0,0.170212765,0.340425531,0.128205128,0.434782608,0.256410256,0.382978723,0.384615384,0.34773256169988753,0.30576409684850814,119.6012556275335,0.07812082720920444,1.1877769437990162,-0.6851925551891327,0.2067586826051519,Brewer Hicklen,20450,676551
Bryan De La Cruz,PHI,34.0,86.0,2.0,10.0,12.0,0.0,0.081395348,0.209302325,0.133333333,0.333333333,0.28,0.348837209,0.413333333,0.335369665262311,0.2988508135773415,108.17971270060384,-0.8361533842980862,0.01115823546772332,-0.8001956939697266,0.20435858437429424,Bryan De La Cruz,19600,650559
Walker Jenkins,MIN,26.0,93.0,4.0,14.0,10.0,1.0,0.075268817,0.204301075,0.166666666,0.245901639,0.226190476,0.29347826,0.392857142,0.3033518026704374,0.30993324777354364,92.26454709542186,-0.1515851360745728,-0.9883159831108252,-0.31168949604034424,0.20321758917980756,Walker Jenkins,33571,805805
Joshua Baez,STL,29.0,108.0,7.0,18.0,18.0,2.0,0.037037037,0.305555555,0.28,0.262295081,0.23,0.277777777,0.51,0.33488044418670515,0.3027073189064308,112.75363031806549,-0.1263481955975294,1.532720010194044,-3.116342544555664,0.1962871990067761,Joshua Baez,29596,695491
Joey Loperfido,HOU,40.0,121.0,1.0,13.0,12.0,1.0,0.115702479,0.264462809,0.116504854,0.295774647,0.213592233,0.310924369,0.330097087,0.2868844290911141,0.29447494118900625,82.40312760660937,0.3863532063551247,-2.090144557189883,-0.28434228897094727,0.19485395874353106,Joey Loperfido,29630,694388
Justin Crawford,PHI,149.0,465.0,3.0,48.0,41.0,17.0,0.058064516,0.176344086,0.089411765,0.316860465,0.263529411,0.309368191,0.352941176,0.2936621210933511,0.2841643281035371,80.20645484148491,1.9158805166371167,-9.17033201479221,-4.041477203369141,0.19418315314753648,Justin Crawford,31791,702222
Cody Freeman,TEX,36.0,97.0,1.0,8.0,6.0,1.0,0.082474226,0.154639175,0.070588235,0.289855072,0.247058823,0.319148936,0.317647058,0.2898196280002594,0.233328508294147,85.28364916663163,-0.5014812680892646,-2.161790382901433,0.5729713439941406,0.18824567459399416,Cody Freeman,25629,683227
Bryce Teodosio,LAA,43.0,76.0,0.0,8.0,6.0,5.0,0.065789473,0.355263157,0.028571428,0.348837209,0.214285714,0.266666666,0.242857142,0.23446861982345582,0.2098242696126302,45.56367300770584,0.4884407394565642,-4.323491372426195,3.4619703888893127,0.18651957300942992,Bryce Teodosio,29524,669326
Ben Williamson,TBR,89.0,286.0,3.0,32.0,26.0,8.0,0.076923076,0.188811188,0.08045977,0.289215686,0.237547892,0.301754385,0.318007662,0.28035704880429985,0.2855908819969664,76.10244831886986,1.527016680687666,-6.422423172268912,-1.9416429996490479,0.18040765365953854,Ben Williamson,33197,810938
Nate Eaton,BOS,24.0,60.0,1.0,4.0,6.0,2.0,0.133333333,0.266666666,0.1,0.212121212,0.16,0.3,0.26,0.2677807887395223,0.28947556813557945,65.21043944654319,0.4369868286885321,-1.9908376083754278,1.6168943047523499,0.17842828951946338,Nate Eaton,25055,681987
Jeff McNeil,ATH,144.0,520.0,9.0,52.0,59.0,8.0,0.059615384,0.113461538,0.10460251,0.282608695,0.263598326,0.312741312,0.368200836,0.3011965125626245,0.2989575881366582,82.94767904397615,-1.832425864879042,-12.145874904800415,-4.566853046417236,0.174749475076486,Jeff McNeil,15362,643446
Heliot Ramos,- - -,112.0,442.0,13.0,48.0,46.0,4.0,0.070135746,0.273755656,0.165841585,0.31617647,0.245049504,0.305429864,0.410891089,0.31212149343707346,0.329064340831486,98.55131577455482,0.6866251081228256,-0.047937846418147245,-13.009270429611206,0.17430690191022963,Heliot Ramos,22515,671218
Kenny Piper,TBR,14.0,11.0,1.0,4.0,2.0,1.0,0.181818181,0.272727272,0.333333333,0.2,0.222222222,0.363636363,0.555555555,0.3941759629683061,0.2823389226740057,155.1580128433389,0.21425745682790875,0.9199546366983595,0.38281180150806904,0.17233195131648893,Kenny Piper,29962,700652
Jose Fernandez,ARI,73.0,222.0,3.0,26.0,16.0,9.0,0.049549549,0.229729729,0.088235294,0.326666666,0.25490196,0.29953917,0.343137254,0.28683640193279986,0.28063421644922776,78.54691965513624,1.304867725353688,-4.431662611787767,-1.1491520404815674,0.16670114553618454,Jose Fernandez,28020,699912
Carlos Jorge,CIN,18.0,50.0,1.0,5.0,2.0,2.0,0.08,0.26,0.108695652,0.28125,0.217391304,0.28,0.326086956,0.2711731719970703,0.2815291213989258,66.43726656731735,0.6018702704459429,-1.419444683172303,1.4160413518548012,0.1651731360679044,Carlos Jorge,29455,699115
Ethan Salas,SDP,16.0,40.0,2.0,6.0,5.0,0.0,0.025,0.225,0.205128205,0.285714285,0.256410256,0.275,0.461538461,0.3155825510621071,0.22680909633636476,102.09116276618848,0.2038176916539669,0.3045698804642004,-0.005754046142101288,0.1628394041154469,Ethan Salas,32051,806956
Jake Cronenworth,SDP,109.0,425.0,7.0,46.0,41.0,9.0,0.089411764,0.228235294,0.095490717,0.285714285,0.22546419,0.308056872,0.320954907,0.28659363648902747,0.27510902440943424,82.64829221203497,-1.144917279947549,-10.0274704602565,-2.2074055671691895,0.161233090787177,Jake Cronenworth,18036,630105
Mitch Garver,SEA,50.0,149.0,4.0,17.0,15.0,1.0,0.147651006,0.32885906,0.119047619,0.246575342,0.174603174,0.302013422,0.293650793,0.27800892143441525,0.3008746204760251,81.67535653246333,-0.524411334656179,-3.700107079288528,-0.05404198169708252,0.1554185903240169,Mitch Garver,15161,641598
David Fry,CLE,91.0,214.0,8.0,23.0,20.0,0.0,0.130841121,0.275700934,0.163043478,0.247863247,0.201086956,0.313084112,0.364130434,0.3039729933783482,0.27097381735747716,93.44786405506753,-0.6166683454066515,-2.247517369715082,-3.8155729100108147,0.15487840419169974,David Fry,24934,681807
Adam Frazier,LAA,67.0,147.0,1.0,19.0,13.0,3.0,0.074829931,0.265306122,0.108527132,0.337078651,0.240310077,0.314685314,0.348837209,0.2927043201230096,0.2647745389464899,86.01262823166039,-0.047946780920028687,-2.439447621994695,-1.2817739844322205,0.15155437144541675,Adam Frazier,15223,624428
Max Schuemann,NYY,43.0,87.0,2.0,17.0,8.0,3.0,0.137931034,0.24137931,0.166666667,0.244897959,0.194444444,0.333333333,0.361111111,0.31694438060124713,0.3116241542772315,102.13231553352954,0.7999390023760498,1.0157073861193593,-2.7042654752731323,0.1420073214762721,Max Schuemann,24488,680474
Blaze Jordan,STL,58.0,199.0,3.0,16.0,28.0,0.0,0.035175879,0.150753768,0.134408603,0.27388535,0.247311827,0.276381909,0.38172043,0.28422613868761304,0.3173139938200363,78.77977792195053,-1.6862581707537174,-6.772648232520853,1.6916274577379227,0.14144821369691907,Blaze Jordan,28199,691458
Vaughn Grissom,LAA,119.0,474.0,13.0,47.0,72.0,1.0,0.065400843,0.183544303,0.144549763,0.270516717,0.241706161,0.307203389,0.386255924,0.3059847015192953,0.3087733317229707,95.23682489611629,0.058374461717903614,-2.567608924588146,-12.923700332641602,0.13312310289119883,Vaughn Grissom,26031,687093
Tyler Black,MIL,9.0,28.0,0.0,2.0,7.0,0.0,0.035714285,0.25,0.148148148,0.45,0.333333333,0.357142857,0.481481481,0.3640867237533842,0.1913344349179949,131.626307923679,0.15800643060356379,1.224634939475418,-0.8317691087722778,0.1326903130112552,Tyler Black,29949,672012
Kyle Isbel,KCR,100.0,323.0,6.0,32.0,24.0,6.0,0.046439628,0.229102167,0.098639456,0.277777777,0.224489795,0.267515923,0.323129251,0.2624532033683388,0.2552178012337654,61.158728551271324,1.8694830443710089,-12.72245729451402,2.453885555267334,0.12001094240357993,Kyle Isbel,21614,664728
Christian Yelich,MIL,118.0,500.0,12.0,69.0,59.0,11.0,0.098,0.27,0.142533937,0.307692307,0.235294117,0.314629258,0.377828054,0.30458566600626164,0.30822392513877467,91.71893710108056,2.024563832208514,-2.9627046520501104,-12.117481600493193,0.11981962658820944,Christian Yelich,11477,592885
Isaac Collins,KCR,145.0,519.0,6.0,47.0,40.0,8.0,0.123314065,0.231213872,0.108597285,0.275862068,0.212669683,0.319767441,0.321266968,0.2934957589058913,0.29522572007290154,82.72005489433589,-2.6890556011348963,-13.120076162051658,-4.098613858222961,0.11962701121075059,Isaac Collins,25477,686555
Andrew Pinckney,WSN,17.0,29.0,1.0,7.0,3.0,1.0,0.034482758,0.344827586,0.2,0.375,0.28,0.310344827,0.48,0.3283756272546176,0.2967474049535291,104.8634225405316,-1.120739163365215,-0.9508574384019752,1.181169867515564,0.11945046447884247,Andrew Pinckney,33357,687605
Sebastian Rivero,LAA,24.0,57.0,0.0,5.0,8.0,0.0,0.052631578,0.210526315,0.037735849,0.31707317,0.245283018,0.285714285,0.283018867,0.25729506249938694,0.27200166528875175,61.41830775875351,-0.272000509314239,-2.8298395584024374,1.963901773095131,0.11751122343155743,Sebastian Rivero,21735,665861
Drew Romo,CHW,61.0,206.0,7.0,17.0,16.0,1.0,0.097087378,0.228155339,0.15,0.149606299,0.144444444,0.240196078,0.294444444,0.24332142080746444,0.26166771907432407,51.29388911547588,-0.3842329178005457,-12.054149686830293,5.850590199232101,0.11170984413261492,Drew Romo,27763,691011
J.C. Escarra,NYY,32.0,92.0,0.0,8.0,7.0,0.0,0.065217391,0.195652173,0.082352941,0.235294117,0.188235294,0.239130434,0.270588235,0.2281856990378836,0.2574855469085358,40.482916319191595,0.408406101167202,-5.960231772452733,3.7405396103858948,0.10597209272186506,J.C. Escarra,20084,641555
Will Wilson,SEA,2.0,6.0,1.0,1.0,2.0,0.0,0.166666666,0.166666666,0.6,0.0,0.2,0.333333333,0.8,0.457937349875768,0.451394001642863,206.64881625054883,-0.005736263934522867,0.7385232155123906,0.07402878813445568,0.10437941858139994,Will Wilson,25434,669717
Ji Hwan Bae,MIL,4.0,4.0,0.0,1.0,0.0,1.0,0.0,0.25,0.0,1.0,0.5,0.666666666,0.5,0.5397525032361349,0.3611036539077759,249.44537985434482,0.1885274751111865,0.9085550775223561,-0.11970824748277664,0.0935573651687031,Ji Hwan Bae,23818,678225
Drew Cavanaugh,SFG,59.0,166.0,1.0,9.0,12.0,1.0,0.108433734,0.301204819,0.0625,0.344086021,0.229166666,0.314814814,0.291666666,0.2795754612228017,0.2961596965789795,76.71024934375339,-0.14728078292682767,-4.803995019912807,0.3085606098175049,0.0918262449600658,Drew Cavanaugh,33380,701852
Rodolfo Duran,SDP,39.0,91.0,3.0,8.0,8.0,0.0,0.076923076,0.263736263,0.158536585,0.163636363,0.146341463,0.222222222,0.304878048,0.2362348755200704,0.2567062806547358,48.87266158886418,0.8566623921506107,-4.747377757173477,2.6513198614120483,0.08783733375256886,Rodolfo Duran,20958,660710
Jake Rogers,- - -,60.0,171.0,4.0,17.0,14.0,1.0,0.134502923,0.298245614,0.125874126,0.208791208,0.16083916,0.276470588,0.286713286,0.2593444852267995,0.2668687301523545,61.619509470428135,-0.10415170073974878,-7.737651816741428,2.529447177425027,0.08675882048988676,Jake Rogers,19452,668670
Vimael Machin,COL,3.0,6.0,0.0,0.0,0.0,0.0,0.0,0.333333333,0.0,0.75,0.5,0.5,0.5,0.44504421949386597,0.4168333212534587,172.4808928226107,-0.019500911934301257,0.5043183275485453,0.1295975875109434,0.08440398673442205,Vimael Machin,17684,605353
Angel Genao,CLE,43.0,139.0,2.0,15.0,6.0,1.0,0.07913669,0.151079136,0.078740157,0.240384615,0.212598425,0.280575539,0.291338582,0.2607629136215869,0.2862324886184802,63.435301789749765,0.4423691309057176,-5.469078936976058,1.3711572289466858,0.08433415648701689,Angel Genao,28811,694197
Christian Vazquez,HOU,86.0,266.0,7.0,22.0,25.0,1.0,0.067669172,0.19924812,0.115702479,0.234972677,0.20661157,0.260536398,0.322314049,0.25803410892303175,0.23320071880634013,62.36446914328086,-1.4382986617274582,-13.08215310951065,4.477648496627808,0.08376060391807372,Christian Vazquez,9774,543877
Logan Porter,- - -,3.0,6.0,0.0,2.0,0.0,0.0,0.333333333,0.333333333,0.25,0.5,0.25,0.5,0.5,0.4429811437924703,0.4139546553293864,190.3908786955034,0.012281599454581738,0.643083428202665,-0.06389870308339596,0.08061932031775375,Logan Porter,20626,682515
Juan Brito,- - -,33.0,115.0,3.0,13.0,14.0,1.0,0.060869565,0.226086956,0.141509434,0.294871794,0.245283018,0.295652173,0.386792452,0.29969636150028395,0.2878248629362687,87.17703917084988,0.14518890483304858,-1.5006833154533874,-1.6145255863666534,0.08020835648586115,Juan Brito,26693,682877
Bryan Torres,STL,74.0,189.0,4.0,17.0,19.0,2.0,0.095238095,0.206349206,0.102409639,0.272,0.228915662,0.308510638,0.331325301,0.2886673154983115,0.28792567919659356,81.75847605915867,0.06258126394823194,-4.090109410878052,-1.2804445624351501,0.07886569961385284,Bryan Torres,21464,663494
Spencer Horwitz,PIT,114.0,451.0,10.0,45.0,49.0,1.0,0.119733924,0.161862527,0.119480519,0.273615635,0.244155844,0.343680709,0.363636363,0.3192331919120315,0.30989321689648003,97.58201609020382,-2.2127612130716443,-3.5262809697215634,-10.445817470550537,0.07042942874111113,Spencer Horwitz,26477,687462
Emmanuel Rodriguez,MIN,13.0,48.0,2.0,3.0,5.0,0.0,0.0625,0.333333333,0.222222223,0.222222222,0.177777777,0.229166666,0.4,0.27046408131718636,0.35368943214416504,69.42161807434272,-0.3981999112293124,-2.1053543955962386,1.0648691058158875,0.06726465918129648,Emmanuel Rodriguez,28084,691181
MJ Melendez,NYM,56.0,144.0,4.0,14.0,11.0,0.0,0.118055555,0.347222222,0.158333334,0.283582089,0.191666666,0.314685314,0.35,0.30200876055897535,0.28045974411330854,91.05145904743343,-0.7770886938087642,-2.3291947125002803,-1.7060539722442627,0.06585103443153173,MJ Melendez,22197,669004
Giancarlo Stanton,NYY,24.0,96.0,3.0,8.0,14.0,1.0,0.0625,0.302083333,0.166666667,0.344827586,0.255555555,0.302083333,0.422222222,0.3163273346920808,0.3255539933840434,101.70373199761237,-0.46605763025581837,-0.2758229914868551,-2.484567880630493,0.06535469793030513,Giancarlo Stanton,4949,519317
Orlando Arcia,MIN,19.0,50.0,1.0,6.0,2.0,0.0,0.04,0.16,0.083333333,0.307692307,0.270833333,0.3,0.354166666,0.2899652147293091,0.2446745491027832,82.9665822139662,-1.6156704728491604,-2.6062489512241354,1.457562081515789,0.06346490465810181,Orlando Arcia,13185,606115
Shawn Ross,PIT,2.0,5.0,1.0,1.0,2.0,0.0,0.0,0.4,0.6,0.0,0.2,0.2,0.8,0.4098802089691162,0.42800002098083495,158.37898778495367,0.0,0.3515873378534648,0.05162639543414116,0.05760484024426984,Shawn Ross,32054,676566
Santiago Espinal,LAD,36.0,60.0,1.0,5.0,7.0,0.0,0.016666666,0.133333333,0.107142858,0.291666666,0.267857142,0.275862068,0.375,0.28142964120568903,0.2898855867057011,75.43316348952492,-1.1738894265145063,-2.9493341149389405,1.5485151149332523,0.05600033336554279,Santiago Espinal,19997,669289
Petey Halpin,CLE,83.0,195.0,4.0,27.0,14.0,10.0,0.046153846,0.179487179,0.101123595,0.257142857,0.224719101,0.268421052,0.325842696,0.2640742750544297,0.2945099880820827,65.73528461194338,0.5008748089894652,-7.27051735809766,0.8772664219141006,0.05270471093333741,Petey Halpin,27931,690984
Graham Pauley,MIA,62.0,154.0,4.0,15.0,25.0,1.0,0.051948051,0.24025974,0.161971831,0.25490196,0.211267605,0.256578947,0.373239436,0.27435919289526184,0.2434554100036621,69.32632790847735,0.1400530799292028,-5.549696498794152,1.0510079562664032,0.05177021370276381,Graham Pauley,31363,688363
Gabriel Gonzalez,MIN,7.0,11.0,0.0,2.0,0.0,0.0,0.181818181,0.181818181,0.0,0.333333333,0.25,0.454545454,0.25,0.3550720052285628,0.28482172705910425,128.1880123699264,-0.08162350626662374,0.27901676719842566,-0.1635560840368271,0.051447388635503896,Gabriel Gonzalez,28833,694224
Jose Trevino,CIN,52.0,156.0,5.0,12.0,19.0,0.0,0.006410256,0.185897435,0.118421052,0.235294117,0.217105263,0.22077922,0.335526315,0.2401413085398736,0.22246293017738744,45.62418980545963,-1.0289985546842217,-11.246318668469307,6.674954771995544,0.05099161782254186,Jose Trevino,16725,624431
Jair Camargo,ATL,1.0,2.0,0.0,1.0,0.0,0.0,0.0,0.5,0.5,1.0,0.5,0.5,1.0,0.6307203769683838,0.4074999988079071,309.4012375067296,0.0036848990712314844,0.5081323136746577,-0.07298888079822063,0.05092455784019655,Jair Camargo,21730,665856
Victor Mederos,ATL,30.0,1.0,0.0,0.0,2.0,0.0,0.0,0.0,0.0,1.0,1.0,1.0,1.0,0.8900884389877319,0.5429999828338623,483.3594463596703,-0.005736263934522867,0.4560200367504759,-0.01259006280452013,0.0484578523608092,Victor Mederos,31533,682989
Tsung-Che Cheng,BOS,14.0,44.0,0.0,7.0,5.0,0.0,0.09090909,0.318181818,0.025641026,0.384615384,0.256410256,0.318181818,0.282051282,0.27420747551051056,0.30280581387606537,69.67424367832773,-1.090576693881303,-2.6425398347163935,1.5273480415344238,0.04522507637153933,Tsung-Che Cheng,28344,691907
Junior Perez,CHW,22.0,36.0,3.0,5.0,6.0,0.0,0.027777777,0.388888888,0.257142857,0.166666666,0.171428571,0.194444444,0.428571428,0.2643525418308046,0.3124823305341933,65.90154160710692,-0.21388536132872105,-1.6416424683827575,0.7946922332048416,0.04366906808022343,Junior Perez,23989,678577
Gustavo Campero,LAA,4.0,12.0,0.0,0.0,2.0,0.0,0.0,0.333333333,0.090909091,0.5,0.363636363,0.333333333,0.454545454,0.32764217257499695,0.1804166634877523,110.27952331804768,-0.09947289479896426,0.044000477763916135,-0.08996866643428802,0.03861999065325702,Gustavo Campero,22707,672569
Braden Shewmake,- - -,34.0,91.0,3.0,12.0,10.0,1.0,0.021978021,0.175824175,0.164705882,0.279411764,0.258823529,0.269662921,0.423529411,0.2956527096501897,0.2944173677401109,88.34653111819294,-0.011017008684575558,-1.255105203203393,-1.5736499056220055,0.03796883767042861,Braden Shewmake,25817,669699
Tommy Troy,ARI,45.0,143.0,4.0,23.0,9.0,1.0,0.09090909,0.237762237,0.131782946,0.263736263,0.217054263,0.288732394,0.348837209,0.28490318840658163,0.3044699547995984,77.25031297298386,-0.28392458194866776,-4.202409005644737,-0.09425526857376099,0.03592482749992852,Tommy Troy,33279,694371
Luke Williams,ATL,2.0,1.0,0.0,0.0,0.0,0.0,1.0,0.0,0.0,0.0,0.0,1.0,0.0,0.6982230544090271,0.6983640193939209,354.6752961896994,-0.005736263934522867,0.30102002904614056,0.0007230006158351898,0.034032112213758944,Luke Williams,19931,663897
Stuart Fairchild,- - -,15.0,27.0,0.0,4.0,1.0,2.0,0.259259259,0.518518518,0.0,0.6,0.157894736,0.407407407,0.157894736,0.3069257692054466,0.28010589105111583,95.49878293476364,0.35460186237469316,0.21324698245825435,-0.8686399459838867,0.030697161658652265,Stuart Fairchild,20321,656413
Rowdy Tellez,ATL,7.0,11.0,1.0,2.0,4.0,0.0,0.09090909,0.272727272,0.3,0.166666666,0.2,0.272727272,0.5,0.3307011398402127,0.5063058246265758,108.17827772554789,-0.046057128347456455,0.06230092660128095,-0.1251714676618576,0.03001320893292045,Rowdy Tellez,15679,642133
Turner Hill,SFG,34.0,124.0,1.0,13.0,16.0,2.0,0.104838709,0.169354838,0.095238095,0.252873563,0.219047619,0.306451612,0.314285714,0.28037137706433574,0.31599478567800215,77.24407025105003,0.1761817829683423,-3.222597250321456,-0.5197709798812866,0.029462560568406904,Turner Hill,32053,806367
Ryan Mountcastle,BAL,8.0,15.0,0.0,0.0,1.0,0.0,0.066666666,0.133333333,0.071428572,0.333333333,0.285714285,0.333333333,0.357142857,0.308661941687266,0.30062427520751955,98.50118055153136,-0.02527147950604558,-0.051420634783154284,-0.20294634997844696,0.02822708900215285,Ryan Mountcastle,18373,663624
Luis Rengifo,- - -,95.0,354.0,4.0,38.0,36.0,6.0,0.096045197,0.138418079,0.076923077,0.272030651,0.240384615,0.319088319,0.317307692,0.288797083241599,0.3040628843116214,82.22662101958093,-1.127224517520517,-8.705666398991024,-2.545329511165619,0.02636814511641908,Luis Rengifo,19858,650859
Jeferson Quero,MIL,1.0,2.0,0.0,0.0,0.0,0.0,0.5,0.0,0.0,0.0,0.0,0.5,0.0,0.34911152720451355,0.4946820139884949,121.58244073131839,-0.005736263934522867,0.04625581862131855,0.08285537548363209,0.019766136184287783,Jeferson Quero,28272,691620
Miguel Andujar,SDP,74.0,254.0,5.0,24.0,22.0,2.0,0.043307086,0.149606299,0.163179917,0.290816326,0.259414225,0.303149606,0.422594142,0.31357505988507045,0.2975893777514261,100.74473804941158,-0.6473759561777115,-0.4195286383535257,-7.722737908363342,0.011841591333484391,Miguel Andujar,15878,609280
Sean Murphy,ATL,33.0,121.0,3.0,11.0,10.0,0.0,0.09090909,0.305785123,0.118181819,0.242857142,0.181818181,0.256198347,0.3,0.25161627649275725,0.2729421883575187,55.13604473744519,-0.33472875878214836,-6.873401327712455,3.050608202815056,0.01134298720035945,Sean Murphy,19352,669221
Jake Fraley,TBR,31.0,97.0,2.0,6.0,5.0,3.0,0.092783505,0.298969072,0.147727273,0.298245614,0.21590909,0.288659793,0.363636363,0.2898327757402794,0.2700555299457751,82.68403405710805,0.4559175972826779,-1.4976819337622183,-1.8485766053199768,0.00931341176763352,Jake Fraley,19260,641584
Brian Serven,ATH,29.0,85.0,5.0,8.0,14.0,0.0,0.047058823,0.247058823,0.2,0.166666666,0.175,0.223529411,0.375,0.2606025268049801,0.2783854989444508,54.752185492310424,-0.40296286391094327,-4.876320476184754,1.9081829190254211,0.004511285623993805,Brian Serven,19422,661531
Jonah Bride,TEX,2.0,6.0,0.0,0.0,0.0,0.0,0.166666666,0.333333333,0.0,0.333333333,0.2,0.333333333,0.2,0.26471858223279315,0.2287273406982422,67.84913612566018,-0.025870002806186676,-0.250238036621673,0.06407912634313107,0.002696485131760442,Jonah Bride,24703,681146
Agustin Ramirez,MIA,72.0,255.0,5.0,31.0,24.0,4.0,0.101960784,0.239215686,0.119469026,0.298136645,0.234513274,0.317647058,0.3539823,0.30041046194204196,0.2851957486370417,86.79891904572334,0.3376457989215851,-3.7170318747742375,-4.566509667783976,0.000768186248760766,Agustin Ramirez,26546,682663
Luis Vazquez,BAL,1.0,0.0,0.0,1.0,0.0,0.0,0.0,0.0,0.0,0.0,0.0,0.0,0.0,0.0,,,0.0,0.0,0.0017146769678220153,0.00017457843063052903,Luis Vazquez,23442,676679
Owen Miller,CHC,1.0,0.0,0.0,0.0,0.0,0.0,0.0,0.0,0.0,0.0,0.0,0.0,0.0,0.0,,,0.0,0.0,0.0017146769678220153,0.00017457843063052903,Owen Miller,24655,680911
Kenley Jansen,DET,50.0,0.0,0.0,0.0,0.0,0.0,0.0,0.0,0.0,0.0,0.0,0.0,0.0,0.0,,,0.0,0.0,0.0,0.0,Kenley Jansen,3096,445276
Max Scherzer,TOR,18.0,0.0,0.0,0.0,0.0,0.0,0.0,0.0,0.0,0.0,0.0,0.0,0.0,0.0,,,0.0,0.0,0.0,0.0,Max Scherzer,3137,453286
Anthony Gose,KCR,14.0,0.0,0.0,0.0,0.0,0.0,0.0,0.0,0.0,0.0,0.0,0.0,0.0,0.0,,,0.0,0.0,0.0,0.0,Anthony Gose,5097,543238
Huascar Brazoban,- - -,60.0,0.0,0.0,0.0,0.0,0.0,0.0,0.0,0.0,0.0,0.0,0.0,0.0,0.0,,,0.0,0.0,0.0,0.0,Huascar Brazoban,6107,623211
Albert Suarez,BAL,28.0,0.0,0.0,0.0,0.0,0.0,0.0,0.0,0.0,0.0,0.0,0.0,0.0,0.0,,,0.0,0.0,0.0,0.0,Albert Suarez,6175,544150
Robert Stock,NYM,8.0,0.0,0.0,0.0,0.0,0.0,0.0,0.0,0.0,0.0,0.0,0.0,0.0,0.0,,,0.0,0.0,0.0,0.0,Robert Stock,6576,476594
Carlos Carrasco,ATL,8.0,0.0,0.0,0.0,0.0,0.0,0.0,0.0,0.0,0.0,0.0,0.0,0.0,0.0,,,0.0,0.0,0.0,0.0,Carlos Carrasco,6632,471911
Craig Kimbrel,- - -,46.0,0.0,0.0,0.0,0.0,0.0,0.0,0.0,0.0,0.0,0.0,0.0,0.0,0.0,,,0.0,0.0,0.0,0.0,Craig Kimbrel,6655,518886
Martin Perez,ATL,30.0,0.0,0.0,0.0,0.0,0.0,0.0,0.0,0.0,0.0,0.0,0.0,0.0,0.0,,,0.0,0.0,0.0,0.0,Martin Perez,6902,527048
Luis Garcia,- - -,15.0,0.0,0.0,0.0,0.0,0.0,0.0,0.0,0.0,0.0,0.0,0.0,0.0,0.0,,,0.0,0.0,0.0,0.0,Luis Garcia,6984,472610
Fernando Cruz,NYY,61.0,0.0,0.0,0.0,0.0,0.0,0.0,0.0,0.0,0.0,0.0,0.0,0.0,0.0,,,0.0,0.0,0.0,0.0,Fernando Cruz,7048,518585
Justin Verlander,DET,2.0,0.0,0.0,0.0,0.0,0.0,0.0,0.0,0.0,0.0,0.0,0.0,0.0,0.0,,,0.0,0.0,0.0,0.0,Justin Verlander,8700,434378
Kirby Yates,- - -,46.0,0.0,0.0,0.0,0.0,0.0,0.0,0.0,0.0,0.0,0.0,0.0,0.0,0.0,,,0.0,0.0,0.0,0.0,Kirby Yates,9073,489446
Nathan Eovaldi,TEX,27.0,0.0,0.0,0.0,0.0,0.0,0.0,0.0,0.0,0.0,0.0,0.0,0.0,0.0,,,0.0,0.0,0.0,0.0,Nathan Eovaldi,9132,543135
Patrick Corbin,TOR,19.0,0.0,0.0,0.0,0.0,0.0,0.0,0.0,0.0,0.0,0.0,0.0,0.0,0.0,,,0.0,0.0,0.0,0.0,Patrick Corbin,9323,571578
Brooks Raley,- - -,61.0,0.0,0.0,0.0,0.0,0.0,0.0,0.0,0.0,0.0,0.0,0.0,0.0,0.0,,,0.0,0.0,0.0,0.0,Brooks Raley,10061,548384
Caleb Thielbar,CHC,58.0,0.0,0.0,0.0,0.0,0.0,0.0,0.0,0.0,0.0,0.0,0.0,0.0,0.0,,,0.0,0.0,0.0,0.0,Caleb Thielbar,10078,573204
Aroldis Chapman,BOS,53.0,0.0,0.0,0.0,0.0,0.0,0.0,0.0,0.0,0.0,0.0,0.0,0.0,0.0,,,0.0,0.0,0.0,0.0,Aroldis Chapman,10233,547973
Zack Wheeler,PHI,28.0,0.0,0.0,0.0,0.0,0.0,0.0,0.0,0.0,0.0,0.0,0.0,0.0,0.0,,,0.0,0.0,0.0,0.0,Zack Wheeler,10310,554430
Chris Sale,ATL,27.0,0.0,0.0,0.0,0.0,0.0,0.0,0.0,0.0,0.0,0.0,0.0,0.0,0.0,,,0.0,0.0,0.0,0.0,Chris Sale,10603,519242
Jacob deGrom,TEX,31.0,0.0,0.0,0.0,0.0,0.0,0.0,0.0,0.0,0.0,0.0,0.0,0.0,0.0,,,0.0,0.0,0.0,0.0,Jacob deGrom,10954,594798
Merrill Kelly,ARI,29.0,0.0,0.0,0.0,0.0,0.0,0.0,0.0,0.0,0.0,0.0,0.0,0.0,0.0,,,0.0,0.0,0.0,0.0,Merrill Kelly,11156,518876
Vince Velasquez,CHC,2.0,0.0,0.0,0.0,0.0,0.0,0.0,0.0,0.0,0.0,0.0,0.0,0.0,0.0,,,0.0,0.0,0.0,0.0,Vince Velasquez,11189,592826
Tommy Kahnle,BOS,8.0,0.0,0.0,0.0,0.0,0.0,0.0,0.0,0.0,0.0,0.0,0.0,0.0,0.0,,,0.0,0.0,0.0,0.0,Tommy Kahnle,11384,592454
Jose Quintana,COL,11.0,0.0,0.0,0.0,0.0,0.0,0.0,0.0,0.0,0.0,0.0,0.0,0.0,0.0,,,0.0,0.0,0.0,0.0,Jose Quintana,11423,500779
Drew Pomeranz,- - -,31.0,0.0,0.0,0.0,0.0,0.0,0.0,0.0,0.0,0.0,0.0,0.0,0.0,0.0,,,0.0,0.0,0.0,0.0,Drew Pomeranz,11426,519141
Robbie Ray,- - -,31.0,0.0,0.0,0.0,0.0,0.0,0.0,0.0,0.0,0.0,0.0,0.0,0.0,0.0,,,0.0,0.0,0.0,0.0,Robbie Ray,11486,592662
Jameson Taillon,- - -,18.0,0.0,0.0,0.0,0.0,0.0,0.0,0.0,0.0,0.0,0.0,0.0,0.0,0.0,,,0.0,0.0,0.0,0.0,Jameson Taillon,11674,592791
Tayron Guerrero,BOS,40.0,0.0,0.0,0.0,0.0,0.0,0.0,0.0,0.0,0.0,0.0,0.0,0.0,0.0,,,0.0,0.0,0.0,0.0,Tayron Guerrero,11691,594027
Taijuan Walker,PHI,5.0,0.0,0.0,0.0,0.0,0.0,0.0,0.0,0.0,0.0,0.0,0.0,0.0,0.0,,,0.0,0.0,0.0,0.0,Taijuan Walker,11836,592836
Chris Martin,TEX,16.0,0.0,0.0,0.0,0.0,0.0,0.0,0.0,0.0,0.0,0.0,0.0,0.0,0.0,,,0.0,0.0,0.0,0.0,Chris Martin,11847,455119
Jason Adam,SDP,38.0,0.0,0.0,0.0,0.0,0.0,0.0,0.0,0.0,0.0,0.0,0.0,0.0,0.0,,,0.0,0.0,0.0,0.0,Jason Adam,11861,592094
Aaron Brooks,TBR,1.0,0.0,0.0,0.0,0.0,0.0,0.0,0.0,0.0,0.0,0.0,0.0,0.0,0.0,,,0.0,0.0,0.0,0.0,Aaron Brooks,12272,605156
Chris Bassitt,BAL,20.0,0.0,0.0,0.0,0.0,0.0,0.0,0.0,0.0,0.0,0.0,0.0,0.0,0.0,,,0.0,0.0,0.0,0.0,Chris Bassitt,12304,605135
Colin Rea,CHC,34.0,0.0,0.0,0.0,0.0,0.0,0.0,0.0,0.0,0.0,0.0,0.0,0.0,0.0,,,0.0,0.0,0.0,0.0,Colin Rea,12317,607067
Seth Lugo,KCR,32.0,0.0,0.0,0.0,0.0,0.0,0.0,0.0,0.0,0.0,0.0,0.0,0.0,0.0,,,0.0,0.0,0.0,0.0,Seth Lugo,12447,607625
Blake Treinen,LAD,36.0,0.0,0.0,0.0,0.0,0.0,0.0,0.0,0.0,0.0,0.0,0.0,0.0,0.0,,,0.0,0.0,0.0,0.0,Blake Treinen,12572,595014
Adrian Houser,SFG,26.0,0.0,0.0,0.0,0.0,0.0,0.0,0.0,0.0,0.0,0.0,0.0,0.0,0.0,,,0.0,0.0,0.0,0.0,Adrian Houser,12718,605288
Nick Martinez,TBR,31.0,0.0,0.0,0.0,0.0,0.0,0.0,0.0,0.0,0.0,0.0,0.0,0.0,0.0,,,0.0,0.0,0.0,0.0,Nick Martinez,12730,607259
Chris Devenski,- - -,9.0,0.0,0.0,0.0,0.0,0.0,0.0,0.0,0.0,0.0,0.0,0.0,0.0,0.0,,,0.0,0.0,0.0,0.0,Chris Devenski,12763,606965
Sonny Gray,BOS,29.0,0.0,0.0,0.0,0.0,0.0,0.0,0.0,0.0,0.0,0.0,0.0,0.0,0.0,,,0.0,0.0,0.0,0.0,Sonny Gray,12768,543243
John Brebbia,COL,3.0,0.0,0.0,0.0,0.0,0.0,0.0,0.0,0.0,0.0,0.0,0.0,0.0,0.0,,,0.0,0.0,0.0,0.0,John Brebbia,12777,605154
Burch Smith,DET,13.0,0.0,0.0,0.0,0.0,0.0,0.0,0.0,0.0,0.0,0.0,0.0,0.0,0.0,,,0.0,0.0,0.0,0.0,Burch Smith,12784,572143
Michael Kelly,ATH,5.0,0.0,0.0,0.0,0.0,0.0,0.0,0.0,0.0,0.0,0.0,0.0,0.0,0.0,,,0.0,0.0,0.0,0.0,Michael Kelly,12791,547184
Andrew Kittredge,BAL,55.0,0.0,0.0,0.0,0.0,0.0,0.0,0.0,0.0,0.0,0.0,0.0,0.0,0.0,,,0.0,0.0,0.0,0.0,Andrew Kittredge,12828,552640
Shawn Armstrong,CLE,41.0,0.0,0.0,0.0,0.0,0.0,0.0,0.0,0.0,0.0,0.0,0.0,0.0,0.0,,,0.0,0.0,0.0,0.0,Shawn Armstrong,12857,542888
Joe Ross,- - -,8.0,0.0,0.0,0.0,0.0,0.0,0.0,0.0,0.0,0.0,0.0,0.0,0.0,0.0,,,0.0,0.0,0.0,0.0,Joe Ross,12972,605452
Gerrit Cole,NYY,22.0,0.0,0.0,0.0,0.0,0.0,0.0,0.0,0.0,0.0,0.0,0.0,0.0,0.0,,,0.0,0.0,0.0,0.0,Gerrit Cole,13125,543037
Derek Law,ARI,7.0,0.0,0.0,0.0,0.0,0.0,0.0,0.0,0.0,0.0,0.0,0.0,0.0,0.0,,,0.0,0.0,0.0,0.0,Derek Law,13133,571882
Eduardo Rodriguez,ARI,32.0,0.0,0.0,0.0,0.0,0.0,0.0,0.0,0.0,0.0,0.0,0.0,0.0,0.0,,,0.0,0.0,0.0,0.0,Eduardo Rodriguez,13164,593958
Michael Fulmer,- - -,15.0,0.0,0.0,0.0,0.0,0.0,0.0,0.0,0.0,0.0,0.0,0.0,0.0,0.0,,,0.0,0.0,0.0,0.0,Michael Fulmer,13218,605242
Danny Coulombe,BOS,29.0,0.0,0.0,0.0,0.0,0.0,0.0,0.0,0.0,0.0,0.0,0.0,0.0,0.0,,,0.0,0.0,0.0,0.0,Danny Coulombe,13293,543056
Hoby Milner,- - -,44.0,0.0,0.0,0.0,0.0,0.0,0.0,0.0,0.0,0.0,0.0,0.0,0.0,0.0,,,0.0,0.0,0.0,0.0,Hoby Milner,13346,571948
Steven Matz,TBR,36.0,0.0,0.0,0.0,0.0,0.0,0.0,0.0,0.0,0.0,0.0,0.0,0.0,0.0,,,0.0,0.0,0.0,0.0,Steven Matz,13361,571927
Pierce Johnson,CIN,56.0,0.0,0.0,0.0,0.0,0.0,0.0,0.0,0.0,0.0,0.0,0.0,0.0,0.0,,,0.0,0.0,0.0,0.0,Pierce Johnson,13435,572955
Taylor Rogers,MIN,65.0,0.0,0.0,0.0,0.0,0.0,0.0,0.0,0.0,0.0,0.0,0.0,0.0,0.0,,,0.0,0.0,0.0,0.0,Taylor Rogers,13449,573124
Lucas Sims,CHW,9.0,0.0,0.0,0.0,0.0,0.0,0.0,0.0,0.0,0.0,0.0,0.0,0.0,0.0,,,0.0,0.0,0.0,0.0,Lucas Sims,13470,608371
Blake Snell,LAD,9.0,0.0,0.0,0.0,0.0,0.0,0.0,0.0,0.0,0.0,0.0,0.0,0.0,0.0,,,0.0,0.0,0.0,0.0,Blake Snell,13543,605483
Steven Okert,HOU,68.0,0.0,0.0,0.0,0.0,0.0,0.0,0.0,0.0,0.0,0.0,0.0,0.0,0.0,,,0.0,0.0,0.0,0.0,Steven Okert,13580,595345
Carl Edwards Jr.,NYM,2.0,0.0,0.0,0.0,0.0,0.0,0.0,0.0,0.0,0.0,0.0,0.0,0.0,0.0,,,0.0,0.0,0.0,0.0,Carl Edwards Jr.,13607,605218
Jakob Junis,TEX,53.0,0.0,0.0,0.0,0.0,0.0,0.0,0.0,0.0,0.0,0.0,0.0,0.0,0.0,,,0.0,0.0,0.0,0.0,Jakob Junis,13619,596001
Clay Holmes,- - -,18.0,0.0,0.0,0.0,0.0,0.0,0.0,0.0,0.0,0.0,0.0,0.0,0.0,0.0,,,0.0,0.0,0.0,0.0,Clay Holmes,13649,605280
Max Fried,NYY,20.0,0.0,0.0,0.0,0.0,0.0,0.0,0.0,0.0,0.0,0.0,0.0,0.0,0.0,,,0.0,0.0,0.0,0.0,Max Fried,13743,608331
Zach Eflin,BAL,1.0,0.0,0.0,0.0,0.0,0.0,0.0,0.0,0.0,0.0,0.0,0.0,0.0,0.0,,,0.0,0.0,0.0,0.0,Zach Eflin,13774,621107
Matt Strahm,KCR,41.0,0.0,0.0,0.0,0.0,0.0,0.0,0.0,0.0,0.0,0.0,0.0,0.0,0.0,,,0.0,0.0,0.0,0.0,Matt Strahm,13799,621381
Paul Sewald,- - -,62.0,0.0,0.0,0.0,0.0,0.0,0.0,0.0,0.0,0.0,0.0,0.0,0.0,0.0,,,0.0,0.0,0.0,0.0,Paul Sewald,13892,623149
Dietrich Enns,BAL,13.0,0.0,0.0,0.0,0.0,0.0,0.0,0.0,0.0,0.0,0.0,0.0,0.0,0.0,,,0.0,0.0,0.0,0.0,Dietrich Enns,13932,608650
Brent Suter,- - -,54.0,0.0,0.0,0.0,0.0,0.0,0.0,0.0,0.0,0.0,0.0,0.0,0.0,0.0,,,0.0,0.0,0.0,0.0,Brent Suter,13942,608718
Michael Wacha,KCR,32.0,0.0,0.0,0.0,0.0,0.0,0.0,0.0,0.0,0.0,0.0,0.0,0.0,0.0,,,0.0,0.0,0.0,0.0,Michael Wacha,14078,608379
Kevin Gausman,- - -,32.0,0.0,0.0,0.0,0.0,0.0,0.0,0.0,0.0,0.0,0.0,0.0,0.0,0.0,,,0.0,0.0,0.0,0.0,Kevin Gausman,14107,592332
Lance McCullers Jr.,- - -,10.0,0.0,0.0,0.0,0.0,0.0,0.0,0.0,0.0,0.0,0.0,0.0,0.0,0.0,,,0.0,0.0,0.0,0.0,Lance McCullers Jr.,14120,621121
Josh Hader,HOU,45.0,0.0,0.0,0.0,0.0,0.0,0.0,0.0,0.0,0.0,0.0,0.0,0.0,0.0,,,0.0,0.0,0.0,0.0,Josh Hader,14212,623352
Wandy Peralta,SDP,65.0,0.0,0.0,0.0,0.0,0.0,0.0,0.0,0.0,0.0,0.0,0.0,0.0,0.0,,,0.0,0.0,0.0,0.0,Wandy Peralta,14295,593974
Joel Payamps,ATL,12.0,0.0,0.0,0.0,0.0,0.0,0.0,0.0,0.0,0.0,0.0,0.0,0.0,0.0,,,0.0,0.0,0.0,0.0,Joel Payamps,14332,606303
Ty Blach,CHC,1.0,0.0,0.0,0.0,0.0,0.0,0.0,0.0,0.0,0.0,0.0,0.0,0.0,0.0,,,0.0,0.0,0.0,0.0,Ty Blach,14361,621389
Tyler Glasnow,LAD,13.0,0.0,0.0,0.0,0.0,0.0,0.0,0.0,0.0,0.0,0.0,0.0,0.0,0.0,,,0.0,0.0,0.0,0.0,Tyler Glasnow,14374,607192
Yunior Marte,CIN,1.0,0.0,0.0,0.0,0.0,0.0,0.0,0.0,0.0,0.0,0.0,0.0,0.0,0.0,,,0.0,0.0,0.0,0.0,Yunior Marte,14416,628708
Carlos Estevez,KCR,1.0,0.0,0.0,0.0,0.0,0.0,0.0,0.0,0.0,0.0,0.0,0.0,0.0,0.0,,,0.0,0.0,0.0,0.0,Carlos Estevez,14542,608032
Anthony Banda,MIN,39.0,0.0,0.0,0.0,0.0,0.0,0.0,0.0,0.0,0.0,0.0,0.0,0.0,0.0,,,0.0,0.0,0.0,0.0,Anthony Banda,14706,607455
Edwin Diaz,LAD,21.0,0.0,0.0,0.0,0.0,0.0,0.0,0.0,0.0,0.0,0.0,0.0,0.0,0.0,,,0.0,0.0,0.0,0.0,Edwin Diaz,14710,621242
Paul Blackburn,NYY,62.0,0.0,0.0,0.0,0.0,0.0,0.0,0.0,0.0,0.0,0.0,0.0,0.0,0.0,,,0.0,0.0,0.0,0.0,Paul Blackburn,14739,621112
Emilio Pagan,CIN,45.0,0.0,0.0,0.0,0.0,0.0,0.0,0.0,0.0,0.0,0.0,0.0,0.0,0.0,,,0.0,0.0,0.0,0.0,Emilio Pagan,14771,641941
Michael Lorenzen,- - -,32.0,0.0,0.0,0.0,0.0,0.0,0.0,0.0,0.0,0.0,0.0,0.0,0.0,0.0,,,0.0,0.0,0.0,0.0,Michael Lorenzen,14843,547179
Joe Mantiply,TOR,25.0,0.0,0.0,0.0,0.0,0.0,0.0,0.0,0.0,0.0,0.0,0.0,0.0,0.0,,,0.0,0.0,0.0,0.0,Joe Mantiply,14857,573009
Sam Moll,CIN,65.0,0.0,0.0,0.0,0.0,0.0,0.0,0.0,0.0,0.0,0.0,0.0,0.0,0.0,,,0.0,0.0,0.0,0.0,Sam Moll,14874,594580
Scott Barlow,ATH,36.0,0.0,0.0,0.0,0.0,0.0,0.0,0.0,0.0,0.0,0.0,0.0,0.0,0.0,,,0.0,0.0,0.0,0.0,Scott Barlow,14993,605130
Yacksel Rios,CHC,1.0,0.0,0.0,0.0,0.0,0.0,0.0,0.0,0.0,0.0,0.0,0.0,0.0,0.0,,,0.0,0.0,0.0,0.0,Yacksel Rios,15007,605441
Kyle Finnegan,DET,63.0,0.0,0.0,0.0,0.0,0.0,0.0,0.0,0.0,0.0,0.0,0.0,0.0,0.0,,,0.0,0.0,0.0,0.0,Kyle Finnegan,15009,640448
German Marquez,SDP,13.0,0.0,0.0,0.0,0.0,0.0,0.0,0.0,0.0,0.0,0.0,0.0,0.0,0.0,,,0.0,0.0,0.0,0.0,German Marquez,15038,608566
Tim Mayza,PHI,60.0,0.0,0.0,0.0,0.0,0.0,0.0,0.0,0.0,0.0,0.0,0.0,0.0,0.0,,,0.0,0.0,0.0,0.0,Tim Mayza,15042,641835
Lou Trivino,- - -,5.0,0.0,0.0,0.0,0.0,0.0,0.0,0.0,0.0,0.0,0.0,0.0,0.0,0.0,,,0.0,0.0,0.0,0.0,Lou Trivino,15043,642152
Austin Voth,- - -,3.0,0.0,0.0,0.0,0.0,0.0,0.0,0.0,0.0,0.0,0.0,0.0,0.0,0.0,,,0.0,0.0,0.0,0.0,Austin Voth,15047,608723
Drew Anderson,DET,49.0,0.0,0.0,0.0,0.0,0.0,0.0,0.0,0.0,0.0,0.0,0.0,0.0,0.0,,,0.0,0.0,0.0,0.0,Drew Anderson,15130,623454
Justin Topa,- - -,25.0,0.0,0.0,0.0,0.0,0.0,0.0,0.0,0.0,0.0,0.0,0.0,0.0,0.0,,,0.0,0.0,0.0,0.0,Justin Topa,15145,623437
Cole Sulser,TBR,51.0,0.0,0.0,0.0,0.0,0.0,0.0,0.0,0.0,0.0,0.0,0.0,0.0,0.0,,,0.0,0.0,0.0,0.0,Cole Sulser,15256,642121
Kevin Herget,NYM,1.0,0.0,0.0,0.0,0.0,0.0,0.0,0.0,0.0,0.0,0.0,0.0,0.0,0.0,,,0.0,0.0,0.0,0.0,Kevin Herget,15369,643361
Matthew Boyd,CHC,22.0,0.0,0.0,0.0,0.0,0.0,0.0,0.0,0.0,0.0,0.0,0.0,0.0,0.0,,,0.0,0.0,0.0,0.0,Matthew Boyd,15440,571510
Nick Pivetta,SDP,8.0,0.0,0.0,0.0,0.0,0.0,0.0,0.0,0.0,0.0,0.0,0.0,0.0,0.0,,,0.0,0.0,0.0,0.0,Nick Pivetta,15454,601713
Marco Gonzales,TEX,3.0,0.0,0.0,0.0,0.0,0.0,0.0,0.0,0.0,0.0,0.0,0.0,0.0,0.0,,,0.0,0.0,0.0,0.0,Marco Gonzales,15467,594835
Lucas Giolito,SDP,7.0,0.0,0.0,0.0,0.0,0.0,0.0,0.0,0.0,0.0,0.0,0.0,0.0,0.0,,,0.0,0.0,0.0,0.0,Lucas Giolito,15474,608337
Antonio Senzatela,- - -,57.0,0.0,0.0,0.0,0.0,0.0,0.0,0.0,0.0,0.0,0.0,0.0,0.0,0.0,,,0.0,0.0,0.0,0.0,Antonio Senzatela,15488,622608
Hunter Harvey,CHC,4.0,0.0,0.0,0.0,0.0,0.0,0.0,0.0,0.0,0.0,0.0,0.0,0.0,0.0,,,0.0,0.0,0.0,0.0,Hunter Harvey,15507,640451
Tyler Rogers,TOR,74.0,0.0,0.0,0.0,0.0,0.0,0.0,0.0,0.0,0.0,0.0,0.0,0.0,0.0,,,0.0,0.0,0.0,0.0,Tyler Rogers,15541,643511
Mark Leiter Jr.,ATH,36.0,0.0,0.0,0.0,0.0,0.0,0.0,0.0,0.0,0.0,0.0,0.0,0.0,0.0,,,0.0,0.0,0.0,0.0,Mark Leiter Jr.,15551,643410
Luis Castillo,- - -,29.0,0.0,0.0,0.0,0.0,0.0,0.0,0.0,0.0,0.0,0.0,0.0,0.0,0.0,,,0.0,0.0,0.0,0.0,Luis Castillo,15689,622491
Brad Keller,PHI,32.0,0.0,0.0,0.0,0.0,0.0,0.0,0.0,0.0,0.0,0.0,0.0,0.0,0.0,,,0.0,0.0,0.0,0.0,Brad Keller,15734,641745
Devin Williams,NYM,44.0,0.0,0.0,0.0,0.0,0.0,0.0,0.0,0.0,0.0,0.0,0.0,0.0,0.0,,,0.0,0.0,0.0,0.0,Devin Williams,15816,642207
Zack Littell,- - -,26.0,0.0,0.0,0.0,0.0,0.0,0.0,0.0,0.0,0.0,0.0,0.0,0.0,0.0,,,0.0,0.0,0.0,0.0,Zack Littell,15823,641793
Kent Emanuel,CIN,1.0,0.0,0.0,0.0,0.0,0.0,0.0,0.0,0.0,0.0,0.0,0.0,0.0,0.0,,,0.0,0.0,0.0,0.0,Kent Emanuel,15849,592288
Sean Manaea,NYM,33.0,0.0,0.0,0.0,0.0,0.0,0.0,0.0,0.0,0.0,0.0,0.0,0.0,0.0,,,0.0,0.0,0.0,0.0,Sean Manaea,15873,640455
Luis Severino,ATH,12.0,0.0,0.0,0.0,0.0,0.0,0.0,0.0,0.0,0.0,0.0,0.0,0.0,0.0,,,0.0,0.0,0.0,0.0,Luis Severino,15890,622663
Ryne Stanek,STL,70.0,0.0,0.0,0.0,0.0,0.0,0.0,0.0,0.0,0.0,0.0,0.0,0.0,0.0,,,0.0,0.0,0.0,0.0,Ryne Stanek,15947,592773
Cam Booser,TBR,42.0,0.0,0.0,0.0,0.0,0.0,0.0,0.0,0.0,0.0,0.0,0.0,0.0,0.0,,,0.0,0.0,0.0,0.0,Cam Booser,16061,592155
Jordan Romano,- - -,38.0,0.0,0.0,0.0,0.0,0.0,0.0,0.0,0.0,0.0,0.0,0.0,0.0,0.0,,,0.0,0.0,0.0,0.0,Jordan Romano,16122,605447
Brandon Leibrandt,CIN,1.0,0.0,0.0,0.0,0.0,0.0,0.0,0.0,0.0,0.0,0.0,0.0,0.0,0.0,,,0.0,0.0,0.0,0.0,Brandon Leibrandt,16135,605335
Carlos Rodon,NYY,16.0,0.0,0.0,0.0,0.0,0.0,0.0,0.0,0.0,0.0,0.0,0.0,0.0,0.0,,,0.0,0.0,0.0,0.0,Carlos Rodon,16137,607074
Aaron Nola,PHI,33.0,0.0,0.0,0.0,0.0,0.0,0.0,0.0,0.0,0.0,0.0,0.0,0.0,0.0,,,0.0,0.0,0.0,0.0,Aaron Nola,16149,605400
Brandon Woodruff,MIL,9.0,0.0,0.0,0.0,0.0,0.0,0.0,0.0,0.0,0.0,0.0,0.0,0.0,0.0,,,0.0,0.0,0.0,0.0,Brandon Woodruff,16162,605540
Tejay Antone,CIN,58.0,0.0,0.0,0.0,0.0,0.0,0.0,0.0,0.0,0.0,0.0,0.0,0.0,0.0,,,0.0,0.0,0.0,0.0,Tejay Antone,16233,622088
Kyle Freeland,COL,27.0,0.0,0.0,0.0,0.0,0.0,0.0,0.0,0.0,0.0,0.0,0.0,0.0,0.0,,,0.0,0.0,0.0,0.0,Kyle Freeland,16256,607536
Aaron Bummer,- - -,21.0,0.0,0.0,0.0,0.0,0.0,0.0,0.0,0.0,0.0,0.0,0.0,0.0,0.0,,,0.0,0.0,0.0,0.0,Aaron Bummer,16258,607481
Ryan Borucki,SFG,21.0,0.0,0.0,0.0,0.0,0.0,0.0,0.0,0.0,0.0,0.0,0.0,0.0,0.0,,,0.0,0.0,0.0,0.0,Ryan Borucki,16350,621366
Tyler Mahle,- - -,27.0,0.0,0.0,0.0,0.0,0.0,0.0,0.0,0.0,0.0,0.0,0.0,0.0,0.0,,,0.0,0.0,0.0,0.0,Tyler Mahle,16358,641816
Reynaldo Lopez,ATL,26.0,0.0,0.0,0.0,0.0,0.0,0.0,0.0,0.0,0.0,0.0,0.0,0.0,0.0,,,0.0,0.0,0.0,0.0,Reynaldo Lopez,16400,625643
Scott Blewett,- - -,26.0,0.0,0.0,0.0,0.0,0.0,0.0,0.0,0.0,0.0,0.0,0.0,0.0,0.0,,,0.0,0.0,0.0,0.0,Scott Blewett,16427,656240
Foster Griffin,- - -,31.0,0.0,0.0,0.0,0.0,0.0,0.0,0.0,0.0,0.0,0.0,0.0,0.0,0.0,,,0.0,0.0,0.0,0.0,Foster Griffin,16432,656492
Ryan Yarbrough,NYY,38.0,0.0,0.0,0.0,0.0,0.0,0.0,0.0,0.0,0.0,0.0,0.0,0.0,0.0,,,0.0,0.0,0.0,0.0,Ryan Yarbrough,16502,642232
Jordan Montgomery,TEX,13.0,0.0,0.0,0.0,0.0,0.0,0.0,0.0,0.0,0.0,0.0,0.0,0.0,0.0,,,0.0,0.0,0.0,0.0,Jordan Montgomery,16511,656756
Bryan Abreu,HOU,66.0,0.0,0.0,0.0,0.0,0.0,0.0,0.0,0.0,0.0,0.0,0.0,0.0,0.0,,,0.0,0.0,0.0,0.0,Bryan Abreu,16609,650556
Ryan Thompson,ARI,46.0,0.0,0.0,0.0,0.0,0.0,0.0,0.0,0.0,0.0,0.0,0.0,0.0,0.0,,,0.0,0.0,0.0,0.0,Ryan Thompson,16647,657044
Brock Stewart,LAD,28.0,0.0,0.0,0.0,0.0,0.0,0.0,0.0,0.0,0.0,0.0,0.0,0.0,0.0,,,0.0,0.0,0.0,0.0,Brock Stewart,16727,592779
Tim Hill,NYY,67.0,0.0,0.0,0.0,0.0,0.0,0.0,0.0,0.0,0.0,0.0,0.0,0.0,0.0,,,0.0,0.0,0.0,0.0,Tim Hill,16814,657612
Brennan Bernardino,COL,74.0,0.0,0.0,0.0,0.0,0.0,0.0,0.0,0.0,0.0,0.0,0.0,0.0,0.0,,,0.0,0.0,0.0,0.0,Brennan Bernardino,16835,657514
Luke Weaver,- - -,60.0,0.0,0.0,0.0,0.0,0.0,0.0,0.0,0.0,0.0,0.0,0.0,0.0,0.0,,,0.0,0.0,0.0,0.0,Luke Weaver,16918,596133
Elieser Hernandez,ATL,5.0,0.0,0.0,0.0,0.0,0.0,0.0,0.0,0.0,0.0,0.0,0.0,0.0,0.0,,,0.0,0.0,0.0,0.0,Elieser Hernandez,16933,622694
Sean Newcomb,CHW,60.0,0.0,0.0,0.0,0.0,0.0,0.0,0.0,0.0,0.0,0.0,0.0,0.0,0.0,,,0.0,0.0,0.0,0.0,Sean Newcomb,16943,656794
Grant Holmes,ATL,31.0,0.0,0.0,0.0,0.0,0.0,0.0,0.0,0.0,0.0,0.0,0.0,0.0,0.0,,,0.0,0.0,0.0,0.0,Grant Holmes,16944,656550
Trevor Williams,- - -,15.0,0.0,0.0,0.0,0.0,0.0,0.0,0.0,0.0,0.0,0.0,0.0,0.0,0.0,,,0.0,0.0,0.0,0.0,Trevor Williams,16977,592866
Tanner Banks,PHI,32.0,0.0,0.0,0.0,0.0,0.0,0.0,0.0,0.0,0.0,0.0,0.0,0.0,0.0,,,0.0,0.0,0.0,0.0,Tanner Banks,16990,621383
Raisel Iglesias,ATL,59.0,0.0,0.0,0.0,0.0,0.0,0.0,0.0,0.0,0.0,0.0,0.0,0.0,0.0,,,0.0,0.0,0.0,0.0,Raisel Iglesias,17130,628452
Gabe Speier,SEA,54.0,0.0,0.0,0.0,0.0,0.0,0.0,0.0,0.0,0.0,0.0,0.0,0.0,0.0,,,0.0,0.0,0.0,0.0,Gabe Speier,17170,642100
Jalen Beeks,TEX,29.0,0.0,0.0,0.0,0.0,0.0,0.0,0.0,0.0,0.0,0.0,0.0,0.0,0.0,,,0.0,0.0,0.0,0.0,Jalen Beeks,17192,656222
Ranger Suarez,BOS,28.0,0.0,0.0,0.0,0.0,0.0,0.0,0.0,0.0,0.0,0.0,0.0,0.0,0.0,,,0.0,0.0,0.0,0.0,Ranger Suarez,17277,624133
Thomas Pannone,MIL,1.0,0.0,0.0,0.0,0.0,0.0,0.0,0.0,0.0,0.0,0.0,0.0,0.0,0.0,,,0.0,0.0,0.0,0.0,Thomas Pannone,17281,623381
Framber Valdez,DET,31.0,0.0,0.0,0.0,0.0,0.0,0.0,0.0,0.0,0.0,0.0,0.0,0.0,0.0,,,0.0,0.0,0.0,0.0,Framber Valdez,17295,664285
Matt Gage,SFG,34.0,0.0,0.0,0.0,0.0,0.0,0.0,0.0,0.0,0.0,0.0,0.0,0.0,0.0,,,0.0,0.0,0.0,0.0,Matt Gage,17381,657424
Erick Fedde,CHW,33.0,0.0,0.0,0.0,0.0,0.0,0.0,0.0,0.0,0.0,0.0,0.0,0.0,0.0,,,0.0,0.0,0.0,0.0,Erick Fedde,17425,607200
Jeff Hoffman,- - -,71.0,0.0,0.0,0.0,0.0,0.0,0.0,0.0,0.0,0.0,0.0,0.0,0.0,0.0,,,0.0,0.0,0.0,0.0,Jeff Hoffman,17432,656546
Jonathan Hernandez,LAD,16.0,0.0,0.0,0.0,0.0,0.0,0.0,0.0,0.0,0.0,0.0,0.0,0.0,0.0,,,0.0,0.0,0.0,0.0,Jonathan Hernandez,17464,642546
Jack Flaherty,DET,20.0,0.0,0.0,0.0,0.0,0.0,0.0,0.0,0.0,0.0,0.0,0.0,0.0,0.0,,,0.0,0.0,0.0,0.0,Jack Flaherty,17479,656427
Daniel Duarte,NYM,24.0,0.0,0.0,0.0,0.0,0.0,0.0,0.0,0.0,0.0,0.0,0.0,0.0,0.0,,,0.0,0.0,0.0,0.0,Daniel Duarte,17480,650960
Jimmy Herget,COL,51.0,0.0,0.0,0.0,0.0,0.0,0.0,0.0,0.0,0.0,0.0,0.0,0.0,0.0,,,0.0,0.0,0.0,0.0,Jimmy Herget,17556,623474
JT Brubaker,SFG,41.0,0.0,0.0,0.0,0.0,0.0,0.0,0.0,0.0,0.0,0.0,0.0,0.0,0.0,,,0.0,0.0,0.0,0.0,JT Brubaker,17578,664141
Tanner Scott,LAD,69.0,0.0,0.0,0.0,0.0,0.0,0.0,0.0,0.0,0.0,0.0,0.0,0.0,0.0,,,0.0,0.0,0.0,0.0,Tanner Scott,17586,656945
Mitch Keller,PIT,22.0,0.0,0.0,0.0,0.0,0.0,0.0,0.0,0.0,0.0,0.0,0.0,0.0,0.0,,,0.0,0.0,0.0,0.0,Mitch Keller,17594,656605
Cristian Javier,HOU,17.0,0.0,0.0,0.0,0.0,0.0,0.0,0.0,0.0,0.0,0.0,0.0,0.0,0.0,,,0.0,0.0,0.0,0.0,Cristian Javier,17606,664299
Tanner Rainey,DET,6.0,0.0,0.0,0.0,0.0,0.0,0.0,0.0,0.0,0.0,0.0,0.0,0.0,0.0,,,0.0,0.0,0.0,0.0,Tanner Rainey,17610,663432
Taylor Clarke,ARI,71.0,0.0,0.0,0.0,0.0,0.0,0.0,0.0,0.0,0.0,0.0,0.0,0.0,0.0,,,0.0,0.0,0.0,0.0,Taylor Clarke,17611,664199
Justin Lawrence,- - -,37.0,0.0,0.0,0.0,0.0,0.0,0.0,0.0,0.0,0.0,0.0,0.0,0.0,0.0,,,0.0,0.0,0.0,0.0,Justin Lawrence,17639,664875
Jeffrey Springs,ATH,29.0,0.0,0.0,0.0,0.0,0.0,0.0,0.0,0.0,0.0,0.0,0.0,0.0,0.0,,,0.0,0.0,0.0,0.0,Jeffrey Springs,17677,605488
Jose Cuas,KCR,24.0,0.0,0.0,0.0,0.0,0.0,0.0,0.0,0.0,0.0,0.0,0.0,0.0,0.0,,,0.0,0.0,0.0,0.0,Jose Cuas,17701,621016
Trevor Megill,MIL,63.0,0.0,0.0,0.0,0.0,0.0,0.0,0.0,0.0,0.0,0.0,0.0,0.0,0.0,,,0.0,0.0,0.0,0.0,Trevor Megill,17722,656730
Evan Phillips,LAD,31.0,0.0,0.0,0.0,0.0,0.0,0.0,0.0,0.0,0.0,0.0,0.0,0.0,0.0,,,0.0,0.0,0.0,0.0,Evan Phillips,17734,623465
Tyler Alexander,TEX,75.0,0.0,0.0,0.0,0.0,0.0,0.0,0.0,0.0,0.0,0.0,0.0,0.0,0.0,,,0.0,0.0,0.0,0.0,Tyler Alexander,17735,641302
Jose Alvarado,PHI,68.0,0.0,0.0,0.0,0.0,0.0,0.0,0.0,0.0,0.0,0.0,0.0,0.0,0.0,,,0.0,0.0,0.0,0.0,Jose Alvarado,17780,621237
Dennis Santana,- - -,57.0,0.0,0.0,0.0,0.0,0.0,0.0,0.0,0.0,0.0,0.0,0.0,0.0,0.0,,,0.0,0.0,0.0,0.0,Dennis Santana,17878,642701
Tayler Saucedo,LAA,28.0,0.0,0.0,0.0,0.0,0.0,0.0,0.0,0.0,0.0,0.0,0.0,0.0,0.0,,,0.0,0.0,0.0,0.0,Tayler Saucedo,17888,642048
Garrett Cleavinger,TBR,51.0,0.0,0.0,0.0,0.0,0.0,0.0,0.0,0.0,0.0,0.0,0.0,0.0,0.0,,,0.0,0.0,0.0,0.0,Garrett Cleavinger,17897,664076
Cody Ponce,TOR,1.0,0.0,0.0,0.0,0.0,0.0,0.0,0.0,0.0,0.0,0.0,0.0,0.0,0.0,,,0.0,0.0,0.0,0.0,Cody Ponce,17920,664074
Trent Thornton,CHC,48.0,0.0,0.0,0.0,0.0,0.0,0.0,0.0,0.0,0.0,0.0,0.0,0.0,0.0,,,0.0,0.0,0.0,0.0,Trent Thornton,17948,663423
Tyler Gilbert,CHW,5.0,0.0,0.0,0.0,0.0,0.0,0.0,0.0,0.0,0.0,0.0,0.0,0.0,0.0,,,0.0,0.0,0.0,0.0,Tyler Gilbert,17964,656457
Brock Burke,CIN,77.0,0.0,0.0,0.0,0.0,0.0,0.0,0.0,0.0,0.0,0.0,0.0,0.0,0.0,,,0.0,0.0,0.0,0.0,Brock Burke,17968,656271
Peter Lambert,HOU,29.0,0.0,0.0,0.0,0.0,0.0,0.0,0.0,0.0,0.0,0.0,0.0,0.0,0.0,,,0.0,0.0,0.0,0.0,Peter Lambert,17969,663567
Logan Webb,SFG,27.0,0.0,0.0,0.0,0.0,0.0,0.0,0.0,0.0,0.0,0.0,0.0,0.0,0.0,,,0.0,0.0,0.0,0.0,Logan Webb,17995,657277
Pete Fairbanks,MIA,46.0,0.0,0.0,0.0,0.0,0.0,0.0,0.0,0.0,0.0,0.0,0.0,0.0,0.0,,,0.0,0.0,0.0,0.0,Pete Fairbanks,17998,664126
Phil Maton,CHC,31.0,0.0,0.0,0.0,0.0,0.0,0.0,0.0,0.0,0.0,0.0,0.0,0.0,0.0,,,0.0,0.0,0.0,0.0,Phil Maton,18064,664208
Ryan Helsley,BAL,17.0,0.0,0.0,0.0,0.0,0.0,0.0,0.0,0.0,0.0,0.0,0.0,0.0,0.0,,,0.0,0.0,0.0,0.0,Ryan Helsley,18138,664854
Tyler Kinley,- - -,64.0,0.0,0.0,0.0,0.0,0.0,0.0,0.0,0.0,0.0,0.0,0.0,0.0,0.0,,,0.0,0.0,0.0,0.0,Tyler Kinley,18297,641755
Jacob Waguespack,DET,35.0,0.0,0.0,0.0,0.0,0.0,0.0,0.0,0.0,0.0,0.0,0.0,0.0,0.0,,,0.0,0.0,0.0,0.0,Jacob Waguespack,18318,621097
Julian Fernandez,WSN,3.0,0.0,0.0,0.0,0.0,0.0,0.0,0.0,0.0,0.0,0.0,0.0,0.0,0.0,,,0.0,0.0,0.0,0.0,Julian Fernandez,18341,642759
Michael Soroka,ARI,22.0,0.0,0.0,0.0,0.0,0.0,0.0,0.0,0.0,0.0,0.0,0.0,0.0,0.0,,,0.0,0.0,0.0,0.0,Michael Soroka,18383,647336
Enyel De Los Santos,HOU,66.0,0.0,0.0,0.0,0.0,0.0,0.0,0.0,0.0,0.0,0.0,0.0,0.0,0.0,,,0.0,0.0,0.0,0.0,Enyel De Los Santos,18403,660853
Jose Urquidy,- - -,13.0,0.0,0.0,0.0,0.0,0.0,0.0,0.0,0.0,0.0,0.0,0.0,0.0,0.0,,,0.0,0.0,0.0,0.0,Jose Urquidy,18413,664353
Danny Young,ATL,16.0,0.0,0.0,0.0,0.0,0.0,0.0,0.0,0.0,0.0,0.0,0.0,0.0,0.0,,,0.0,0.0,0.0,0.0,Danny Young,18439,664849
Dylan Cease,TOR,29.0,0.0,0.0,0.0,0.0,0.0,0.0,0.0,0.0,0.0,0.0,0.0,0.0,0.0,,,0.0,0.0,0.0,0.0,Dylan Cease,18525,656302
Sam Hentges,SFG,45.0,0.0,0.0,0.0,0.0,0.0,0.0,0.0,0.0,0.0,0.0,0.0,0.0,0.0,,,0.0,0.0,0.0,0.0,Sam Hentges,18548,656529
Enmanuel De Jesus,DET,30.0,0.0,0.0,0.0,0.0,0.0,0.0,0.0,0.0,0.0,0.0,0.0,0.0,0.0,,,0.0,0.0,0.0,0.0,Enmanuel De Jesus,18554,646241
A.J. Minter,- - -,48.0,0.0,0.0,0.0,0.0,0.0,0.0,0.0,0.0,0.0,0.0,0.0,0.0,0.0,,,0.0,0.0,0.0,0.0,A.J. Minter,18655,621345
Jake Woodford,- - -,19.0,0.0,0.0,0.0,0.0,0.0,0.0,0.0,0.0,0.0,0.0,0.0,0.0,0.0,,,0.0,0.0,0.0,0.0,Jake Woodford,18674,663765
Freddy Peralta,- - -,32.0,0.0,0.0,0.0,0.0,0.0,0.0,0.0,0.0,0.0,0.0,0.0,0.0,0.0,,,0.0,0.0,0.0,0.0,Freddy Peralta,18679,642547
Sandy Alcantara,MIA,36.0,0.0,0.0,0.0,0.0,0.0,0.0,0.0,0.0,0.0,0.0,0.0,0.0,0.0,,,0.0,0.0,0.0,0.0,Sandy Alcantara,18684,645261
Kolby Allard,CLE,4.0,0.0,0.0,0.0,0.0,0.0,0.0,0.0,0.0,0.0,0.0,0.0,0.0,0.0,,,0.0,0.0,0.0,0.0,Kolby Allard,18694,663465
Tommy Nance,- - -,57.0,0.0,0.0,0.0,0.0,0.0,0.0,0.0,0.0,0.0,0.0,0.0,0.0,0.0,,,0.0,0.0,0.0,0.0,Tommy Nance,19178,667297
Jesse Scholtens,TBR,12.0,0.0,0.0,0.0,0.0,0.0,0.0,0.0,0.0,0.0,0.0,0.0,0.0,0.0,,,0.0,0.0,0.0,0.0,Jesse Scholtens,19205,669947
Lake Bachar,- - -,53.0,0.0,0.0,0.0,0.0,0.0,0.0,0.0,0.0,0.0,0.0,0.0,0.0,0.0,,,0.0,0.0,0.0,0.0,Lake Bachar,19222,669199
Cole Irvin,LAD,1.0,0.0,0.0,0.0,0.0,0.0,0.0,0.0,0.0,0.0,0.0,0.0,0.0,0.0,,,0.0,0.0,0.0,0.0,Cole Irvin,19244,608344
Seranthony Dominguez,- - -,67.0,0.0,0.0,0.0,0.0,0.0,0.0,0.0,0.0,0.0,0.0,0.0,0.0,0.0,,,0.0,0.0,0.0,0.0,Seranthony Dominguez,19249,622554
Ian Hamilton,ATL,4.0,0.0,0.0,0.0,0.0,0.0,0.0,0.0,0.0,0.0,0.0,0.0,0.0,0.0,,,0.0,0.0,0.0,0.0,Ian Hamilton,19261,641656
Jacob Webb,CHC,68.0,0.0,0.0,0.0,0.0,0.0,0.0,0.0,0.0,0.0,0.0,0.0,0.0,0.0,,,0.0,0.0,0.0,0.0,Jacob Webb,19274,657097
Zac Gallen,ARI,22.0,0.0,0.0,0.0,0.0,0.0,0.0,0.0,0.0,0.0,0.0,0.0,0.0,0.0,,,0.0,0.0,0.0,0.0,Zac Gallen,19291,668678
Trevor Richards,- - -,54.0,0.0,0.0,0.0,0.0,0.0,0.0,0.0,0.0,0.0,0.0,0.0,0.0,0.0,,,0.0,0.0,0.0,0.0,Trevor Richards,19309,670950
Cal Quantrill,TEX,32.0,0.0,0.0,0.0,0.0,0.0,0.0,0.0,0.0,0.0,0.0,0.0,0.0,0.0,,,0.0,0.0,0.0,0.0,Cal Quantrill,19312,615698
Matt Krook,- - -,11.0,0.0,0.0,0.0,0.0,0.0,0.0,0.0,0.0,0.0,0.0,0.0,0.0,0.0,,,0.0,0.0,0.0,0.0,Matt Krook,19315,640454
Eric Lauer,- - -,22.0,0.0,0.0,0.0,0.0,0.0,0.0,0.0,0.0,0.0,0.0,0.0,0.0,0.0,,,0.0,0.0,0.0,0.0,Eric Lauer,19316,641778
Joey Lucchesi,LAA,5.0,0.0,0.0,0.0,0.0,0.0,0.0,0.0,0.0,0.0,0.0,0.0,0.0,0.0,,,0.0,0.0,0.0,0.0,Joey Lucchesi,19320,664192
Matt Festa,CLE,66.0,0.0,0.0,0.0,0.0,0.0,0.0,0.0,0.0,0.0,0.0,0.0,0.0,0.0,,,0.0,0.0,0.0,0.0,Matt Festa,19330,670036
Richard Lovelady,- - -,38.0,0.0,0.0,0.0,0.0,0.0,0.0,0.0,0.0,0.0,0.0,0.0,0.0,0.0,,,0.0,0.0,0.0,0.0,Richard Lovelady,19337,663992
Caleb Ferguson,- - -,35.0,0.0,0.0,0.0,0.0,0.0,0.0,0.0,0.0,0.0,0.0,0.0,0.0,0.0,,,0.0,0.0,0.0,0.0,Caleb Ferguson,19349,657571
Dean Kremer,- - -,17.0,0.0,0.0,0.0,0.0,0.0,0.0,0.0,0.0,0.0,0.0,0.0,0.0,0.0,,,0.0,0.0,0.0,0.0,Dean Kremer,19350,665152
Lucas Erceg,KCR,52.0,0.0,0.0,0.0,0.0,0.0,0.0,0.0,0.0,0.0,0.0,0.0,0.0,0.0,,,0.0,0.0,0.0,0.0,Lucas Erceg,19360,668674
Corbin Burnes,ARI,3.0,0.0,0.0,0.0,0.0,0.0,0.0,0.0,0.0,0.0,0.0,0.0,0.0,0.0,,,0.0,0.0,0.0,0.0,Corbin Burnes,19361,669203
Keegan Akin,BAL,24.0,0.0,0.0,0.0,0.0,0.0,0.0,0.0,0.0,0.0,0.0,0.0,0.0,0.0,,,0.0,0.0,0.0,0.0,Keegan Akin,19362,669211
Walker Buehler,SDP,32.0,0.0,0.0,0.0,0.0,0.0,0.0,0.0,0.0,0.0,0.0,0.0,0.0,0.0,,,0.0,0.0,0.0,0.0,Walker Buehler,19374,621111
Tony Gonsolin,KCR,1.0,0.0,0.0,0.0,0.0,0.0,0.0,0.0,0.0,0.0,0.0,0.0,0.0,0.0,,,0.0,0.0,0.0,0.0,Tony Gonsolin,19388,664062
Ronel Blanco,HOU,8.0,0.0,0.0,0.0,0.0,0.0,0.0,0.0,0.0,0.0,0.0,0.0,0.0,0.0,,,0.0,0.0,0.0,0.0,Ronel Blanco,19407,669854
Shane Bieber,TOR,11.0,0.0,0.0,0.0,0.0,0.0,0.0,0.0,0.0,0.0,0.0,0.0,0.0,0.0,,,0.0,0.0,0.0,0.0,Shane Bieber,19427,669456
Yohan Ramirez,PIT,66.0,0.0,0.0,0.0,0.0,0.0,0.0,0.0,0.0,0.0,0.0,0.0,0.0,0.0,,,0.0,0.0,0.0,0.0,Yohan Ramirez,19444,670990
Patrick Sandoval,BOS,15.0,0.0,0.0,0.0,0.0,0.0,0.0,0.0,0.0,0.0,0.0,0.0,0.0,0.0,,,0.0,0.0,0.0,0.0,Patrick Sandoval,19447,663776
Shaun Anderson,LAA,12.0,0.0,0.0,0.0,0.0,0.0,0.0,0.0,0.0,0.0,0.0,0.0,0.0,0.0,,,0.0,0.0,0.0,0.0,Shaun Anderson,19453,641312
Michael Rucker,SEA,37.0,0.0,0.0,0.0,0.0,0.0,0.0,0.0,0.0,0.0,0.0,0.0,0.0,0.0,,,0.0,0.0,0.0,0.0,Michael Rucker,19454,621074
Aaron Civale,- - -,34.0,0.0,0.0,0.0,0.0,0.0,0.0,0.0,0.0,0.0,0.0,0.0,0.0,0.0,,,0.0,0.0,0.0,0.0,Aaron Civale,19479,650644
Tyler Ferguson,- - -,18.0,0.0,0.0,0.0,0.0,0.0,0.0,0.0,0.0,0.0,0.0,0.0,0.0,0.0,,,0.0,0.0,0.0,0.0,Tyler Ferguson,19481,621053
Alan Rangel,PHI,7.0,0.0,0.0,0.0,0.0,0.0,0.0,0.0,0.0,0.0,0.0,0.0,0.0,0.0,,,0.0,0.0,0.0,0.0,Alan Rangel,19524,660604
Jason Foley,SFG,24.0,0.0,0.0,0.0,0.0,0.0,0.0,0.0,0.0,0.0,0.0,0.0,0.0,0.0,,,0.0,0.0,0.0,0.0,Jason Foley,19531,671345
Geoff Hartlieb,ATH,18.0,0.0,0.0,0.0,0.0,0.0,0.0,0.0,0.0,0.0,0.0,0.0,0.0,0.0,,,0.0,0.0,0.0,0.0,Geoff Hartlieb,19558,664129
David Bednar,NYY,64.0,0.0,0.0,0.0,0.0,0.0,0.0,0.0,0.0,0.0,0.0,0.0,0.0,0.0,,,0.0,0.0,0.0,0.0,David Bednar,19569,670280
JoJo Romero,- - -,55.0,0.0,0.0,0.0,0.0,0.0,0.0,0.0,0.0,0.0,0.0,0.0,0.0,0.0,,,0.0,0.0,0.0,0.0,JoJo Romero,19574,668941
Guillo Zuniga,NYM,1.0,0.0,0.0,0.0,0.0,0.0,0.0,0.0,0.0,0.0,0.0,0.0,0.0,0.0,,,0.0,0.0,0.0,0.0,Guillo Zuniga,19588,670871
Brian Keller,PHI,1.0,0.0,0.0,0.0,0.0,0.0,0.0,0.0,0.0,0.0,0.0,0.0,0.0,0.0,,,0.0,0.0,0.0,0.0,Brian Keller,19593,662144
Cionel Perez,- - -,40.0,0.0,0.0,0.0,0.0,0.0,0.0,0.0,0.0,0.0,0.0,0.0,0.0,0.0,,,0.0,0.0,0.0,0.0,Cionel Perez,19614,672335
Jordan Hicks,CHW,53.0,0.0,0.0,0.0,0.0,0.0,0.0,0.0,0.0,0.0,0.0,0.0,0.0,0.0,,,0.0,0.0,0.0,0.0,Jordan Hicks,19618,663855
Kyle Hart,SDP,46.0,0.0,0.0,0.0,0.0,0.0,0.0,0.0,0.0,0.0,0.0,0.0,0.0,0.0,,,0.0,0.0,0.0,0.0,Kyle Hart,19646,606996
Jason Alexander,HOU,4.0,0.0,0.0,0.0,0.0,0.0,0.0,0.0,0.0,0.0,0.0,0.0,0.0,0.0,,,0.0,0.0,0.0,0.0,Jason Alexander,19666,669920
Gregory Soto,PIT,69.0,0.0,0.0,0.0,0.0,0.0,0.0,0.0,0.0,0.0,0.0,0.0,0.0,0.0,,,0.0,0.0,0.0,0.0,Gregory Soto,19677,642397
Connor Seabold,- - -,21.0,0.0,0.0,0.0,0.0,0.0,0.0,0.0,0.0,0.0,0.0,0.0,0.0,0.0,,,0.0,0.0,0.0,0.0,Connor Seabold,19695,657756
Dustin May,- - -,31.0,0.0,0.0,0.0,0.0,0.0,0.0,0.0,0.0,0.0,0.0,0.0,0.0,0.0,,,0.0,0.0,0.0,0.0,Dustin May,19716,669160
Anthony Bender,MIA,35.0,0.0,0.0,0.0,0.0,0.0,0.0,0.0,0.0,0.0,0.0,0.0,0.0,0.0,,,0.0,0.0,0.0,0.0,Anthony Bender,19742,669622
Jonathan Loaisiga,ARI,67.0,0.0,0.0,0.0,0.0,0.0,0.0,0.0,0.0,0.0,0.0,0.0,0.0,0.0,,,0.0,0.0,0.0,0.0,Jonathan Loaisiga,19753,642528
Reiver Sanmartin,SFG,24.0,0.0,0.0,0.0,0.0,0.0,0.0,0.0,0.0,0.0,0.0,0.0,0.0,0.0,,,0.0,0.0,0.0,0.0,Reiver Sanmartin,19754,665665
Will Vest,DET,27.0,0.0,0.0,0.0,0.0,0.0,0.0,0.0,0.0,0.0,0.0,0.0,0.0,0.0,,,0.0,0.0,0.0,0.0,Will Vest,19769,676684
Keegan Thompson,COL,5.0,0.0,0.0,0.0,0.0,0.0,0.0,0.0,0.0,0.0,0.0,0.0,0.0,0.0,,,0.0,0.0,0.0,0.0,Keegan Thompson,19795,624522
Bryan Baker,TBR,65.0,0.0,0.0,0.0,0.0,0.0,0.0,0.0,0.0,0.0,0.0,0.0,0.0,0.0,,,0.0,0.0,0.0,0.0,Bryan Baker,19804,641329
Michael King,SDP,32.0,0.0,0.0,0.0,0.0,0.0,0.0,0.0,0.0,0.0,0.0,0.0,0.0,0.0,,,0.0,0.0,0.0,0.0,Michael King,19853,650633
Charlie Barnes,- - -,5.0,0.0,0.0,0.0,0.0,0.0,0.0,0.0,0.0,0.0,0.0,0.0,0.0,0.0,,,0.0,0.0,0.0,0.0,Charlie Barnes,19865,656212
Griffin Canning,SDP,30.0,0.0,0.0,0.0,0.0,0.0,0.0,0.0,0.0,0.0,0.0,0.0,0.0,0.0,,,0.0,0.0,0.0,0.0,Griffin Canning,19867,656288
Kevin Ginkel,ARI,74.0,0.0,0.0,0.0,0.0,0.0,0.0,0.0,0.0,0.0,0.0,0.0,0.0,0.0,,,0.0,0.0,0.0,0.0,Kevin Ginkel,19876,656464
Tanner Houck,BOS,1.0,0.0,0.0,0.0,0.0,0.0,0.0,0.0,0.0,0.0,0.0,0.0,0.0,0.0,,,0.0,0.0,0.0,0.0,Tanner Houck,19879,656557
Alex Lange,KCR,59.0,0.0,0.0,0.0,0.0,0.0,0.0,0.0,0.0,0.0,0.0,0.0,0.0,0.0,,,0.0,0.0,0.0,0.0,Alex Lange,19883,656638
Corbin Martin,CHC,7.0,0.0,0.0,0.0,0.0,0.0,0.0,0.0,0.0,0.0,0.0,0.0,0.0,0.0,,,0.0,0.0,0.0,0.0,Corbin Martin,19884,656686
Clarke Schmidt,NYY,1.0,0.0,0.0,0.0,0.0,0.0,0.0,0.0,0.0,0.0,0.0,0.0,0.0,0.0,,,0.0,0.0,0.0,0.0,Clarke Schmidt,19899,657376
Jose Suarez,- - -,45.0,0.0,0.0,0.0,0.0,0.0,0.0,0.0,0.0,0.0,0.0,0.0,0.0,0.0,,,0.0,0.0,0.0,0.0,Jose Suarez,19911,660761
Bryan Hudson,CHW,70.0,0.0,0.0,0.0,0.0,0.0,0.0,0.0,0.0,0.0,0.0,0.0,0.0,0.0,,,0.0,0.0,0.0,0.0,Bryan Hudson,19924,663542
Tony Santillan,CIN,44.0,0.0,0.0,0.0,0.0,0.0,0.0,0.0,0.0,0.0,0.0,0.0,0.0,0.0,,,0.0,0.0,0.0,0.0,Tony Santillan,19926,663574
Jesus Luzardo,PHI,30.0,0.0,0.0,0.0,0.0,0.0,0.0,0.0,0.0,0.0,0.0,0.0,0.0,0.0,,,0.0,0.0,0.0,0.0,Jesus Luzardo,19959,666200
Bryse Wilson,- - -,16.0,0.0,0.0,0.0,0.0,0.0,0.0,0.0,0.0,0.0,0.0,0.0,0.0,0.0,,,0.0,0.0,0.0,0.0,Bryse Wilson,19990,669060
Joel Kuhnel,- - -,45.0,0.0,0.0,0.0,0.0,0.0,0.0,0.0,0.0,0.0,0.0,0.0,0.0,0.0,,,0.0,0.0,0.0,0.0,Joel Kuhnel,19995,669270
Dylan Lee,ATL,71.0,0.0,0.0,0.0,0.0,0.0,0.0,0.0,0.0,0.0,0.0,0.0,0.0,0.0,,,0.0,0.0,0.0,0.0,Dylan Lee,19996,669276
Tyler Wells,- - -,57.0,0.0,0.0,0.0,0.0,0.0,0.0,0.0,0.0,0.0,0.0,0.0,0.0,0.0,,,0.0,0.0,0.0,0.0,Tyler Wells,20000,669330
Wyatt Mills,LAD,6.0,0.0,0.0,0.0,0.0,0.0,0.0,0.0,0.0,0.0,0.0,0.0,0.0,0.0,,,0.0,0.0,0.0,0.0,Wyatt Mills,20010,670090
John Schreiber,- - -,66.0,0.0,0.0,0.0,0.0,0.0,0.0,0.0,0.0,0.0,0.0,0.0,0.0,0.0,,,0.0,0.0,0.0,0.0,John Schreiber,20020,670167
Rico Garcia,BAL,75.0,0.0,0.0,0.0,0.0,0.0,0.0,0.0,0.0,0.0,0.0,0.0,0.0,0.0,,,0.0,0.0,0.0,0.0,Rico Garcia,20023,670329
Adrian Morejon,SDP,76.0,0.0,0.0,0.0,0.0,0.0,0.0,0.0,0.0,0.0,0.0,0.0,0.0,0.0,,,0.0,0.0,0.0,0.0,Adrian Morejon,20039,670970
Bailey Falter,- - -,7.0,0.0,0.0,0.0,0.0,0.0,0.0,0.0,0.0,0.0,0.0,0.0,0.0,0.0,,,0.0,0.0,0.0,0.0,Bailey Falter,20070,663559
Chris Paddack,- - -,14.0,0.0,0.0,0.0,0.0,0.0,0.0,0.0,0.0,0.0,0.0,0.0,0.0,0.0,,,0.0,0.0,0.0,0.0,Chris Paddack,20099,663978
Calvin Faucher,MIA,69.0,0.0,0.0,0.0,0.0,0.0,0.0,0.0,0.0,0.0,0.0,0.0,0.0,0.0,,,0.0,0.0,0.0,0.0,Calvin Faucher,20116,676534
James Karinchak,ATL,9.0,0.0,0.0,0.0,0.0,0.0,0.0,0.0,0.0,0.0,0.0,0.0,0.0,0.0,,,0.0,0.0,0.0,0.0,James Karinchak,20151,675916
Nate Pearson,- - -,42.0,0.0,0.0,0.0,0.0,0.0,0.0,0.0,0.0,0.0,0.0,0.0,0.0,0.0,,,0.0,0.0,0.0,0.0,Nate Pearson,20160,663878
Zach Pop,PHI,7.0,0.0,0.0,0.0,0.0,0.0,0.0,0.0,0.0,0.0,0.0,0.0,0.0,0.0,,,0.0,0.0,0.0,0.0,Zach Pop,20185,647315
Garrett Whitlock,BOS,54.0,0.0,0.0,0.0,0.0,0.0,0.0,0.0,0.0,0.0,0.0,0.0,0.0,0.0,,,0.0,0.0,0.0,0.0,Garrett Whitlock,20191,676477
Ben Bowden,ATH,1.0,0.0,0.0,0.0,0.0,0.0,0.0,0.0,0.0,0.0,0.0,0.0,0.0,0.0,,,0.0,0.0,0.0,0.0,Ben Bowden,20198,641386
Eli Morgan,KCR,16.0,0.0,0.0,0.0,0.0,0.0,0.0,0.0,0.0,0.0,0.0,0.0,0.0,0.0,,,0.0,0.0,0.0,0.0,Eli Morgan,20203,669212
Griffin Jax,TBR,34.0,0.0,0.0,0.0,0.0,0.0,0.0,0.0,0.0,0.0,0.0,0.0,0.0,0.0,,,0.0,0.0,0.0,0.0,Griffin Jax,20253,643377
Blake Weiman,LAA,18.0,0.0,0.0,0.0,0.0,0.0,0.0,0.0,0.0,0.0,0.0,0.0,0.0,0.0,,,0.0,0.0,0.0,0.0,Blake Weiman,20257,676620
Jhonathan Diaz,SEA,1.0,0.0,0.0,0.0,0.0,0.0,0.0,0.0,0.0,0.0,0.0,0.0,0.0,0.0,,,0.0,0.0,0.0,0.0,Jhonathan Diaz,20298,646242
David Peterson,- - -,32.0,0.0,0.0,0.0,0.0,0.0,0.0,0.0,0.0,0.0,0.0,0.0,0.0,0.0,,,0.0,0.0,0.0,0.0,David Peterson,20302,656849
Nick Raquet,BAL,4.0,0.0,0.0,0.0,0.0,0.0,0.0,0.0,0.0,0.0,0.0,0.0,0.0,0.0,,,0.0,0.0,0.0,0.0,Nick Raquet,20333,675919
Riley O'Brien,STL,66.0,0.0,0.0,0.0,0.0,0.0,0.0,0.0,0.0,0.0,0.0,0.0,0.0,0.0,,,0.0,0.0,0.0,0.0,Riley O'Brien,20348,676617
Zack Kelly,BOS,17.0,0.0,0.0,0.0,0.0,0.0,0.0,0.0,0.0,0.0,0.0,0.0,0.0,0.0,,,0.0,0.0,0.0,0.0,Zack Kelly,20349,677161
Bruce Zimmermann,STL,1.0,0.0,0.0,0.0,0.0,0.0,0.0,0.0,0.0,0.0,0.0,0.0,0.0,0.0,,,0.0,0.0,0.0,0.0,Bruce Zimmermann,20370,669145
Andres Munoz,SEA,61.0,0.0,0.0,0.0,0.0,0.0,0.0,0.0,0.0,0.0,0.0,0.0,0.0,0.0,,,0.0,0.0,0.0,0.0,Andres Munoz,20373,662253
Greg Weissert,BOS,63.0,0.0,0.0,0.0,0.0,0.0,0.0,0.0,0.0,0.0,0.0,0.0,0.0,0.0,,,0.0,0.0,0.0,0.0,Greg Weissert,20375,669711
Tyler Zuber,MIA,44.0,0.0,0.0,0.0,0.0,0.0,0.0,0.0,0.0,0.0,0.0,0.0,0.0,0.0,,,0.0,0.0,0.0,0.0,Tyler Zuber,20379,676604
Isaac Mattson,PIT,38.0,0.0,0.0,0.0,0.0,0.0,0.0,0.0,0.0,0.0,0.0,0.0,0.0,0.0,,,0.0,0.0,0.0,0.0,Isaac Mattson,20385,676755
Anthony Kay,CHW,33.0,0.0,0.0,0.0,0.0,0.0,0.0,0.0,0.0,0.0,0.0,0.0,0.0,0.0,,,0.0,0.0,0.0,0.0,Anthony Kay,20387,641743
Josh Fleming,TOR,1.0,0.0,0.0,0.0,0.0,0.0,0.0,0.0,0.0,0.0,0.0,0.0,0.0,0.0,,,0.0,0.0,0.0,0.0,Josh Fleming,20418,676596
Jovani Moran,BOS,50.0,0.0,0.0,0.0,0.0,0.0,0.0,0.0,0.0,0.0,0.0,0.0,0.0,0.0,,,0.0,0.0,0.0,0.0,Jovani Moran,20422,663558
Ryan Walker,SFG,33.0,0.0,0.0,0.0,0.0,0.0,0.0,0.0,0.0,0.0,0.0,0.0,0.0,0.0,,,0.0,0.0,0.0,0.0,Ryan Walker,20423,676254
Casey Mize,- - -,26.0,0.0,0.0,0.0,0.0,0.0,0.0,0.0,0.0,0.0,0.0,0.0,0.0,0.0,,,0.0,0.0,0.0,0.0,Casey Mize,20492,663554
Nick Sandlin,LAA,8.0,0.0,0.0,0.0,0.0,0.0,0.0,0.0,0.0,0.0,0.0,0.0,0.0,0.0,,,0.0,0.0,0.0,0.0,Nick Sandlin,20517,680704
Grant Anderson,MIL,52.0,0.0,0.0,0.0,0.0,0.0,0.0,0.0,0.0,0.0,0.0,0.0,0.0,0.0,,,0.0,0.0,0.0,0.0,Grant Anderson,20546,681982
Tyler Phillips,MIA,37.0,0.0,0.0,0.0,0.0,0.0,0.0,0.0,0.0,0.0,0.0,0.0,0.0,0.0,,,0.0,0.0,0.0,0.0,Tyler Phillips,20629,663969
Yusei Kikuchi,LAA,14.0,0.0,0.0,0.0,0.0,0.0,0.0,0.0,0.0,0.0,0.0,0.0,0.0,0.0,,,0.0,0.0,0.0,0.0,Yusei Kikuchi,20633,579328
Felix Bautista,BAL,2.0,0.0,0.0,0.0,0.0,0.0,0.0,0.0,0.0,0.0,0.0,0.0,0.0,0.0,,,0.0,0.0,0.0,0.0,Felix Bautista,20666,642585
Cristopher Sanchez,PHI,33.0,0.0,0.0,0.0,0.0,0.0,0.0,0.0,0.0,0.0,0.0,0.0,0.0,0.0,,,0.0,0.0,0.0,0.0,Cristopher Sanchez,20778,650911
Manuel Rodriguez,TBR,6.0,0.0,0.0,0.0,0.0,0.0,0.0,0.0,0.0,0.0,0.0,0.0,0.0,0.0,,,0.0,0.0,0.0,0.0,Manuel Rodriguez,20794,655889
Michael Petersen,MIA,65.0,0.0,0.0,0.0,0.0,0.0,0.0,0.0,0.0,0.0,0.0,0.0,0.0,0.0,,,0.0,0.0,0.0,0.0,Michael Petersen,20827,656848
Eduard Bazardo,SEA,73.0,0.0,0.0,0.0,0.0,0.0,0.0,0.0,0.0,0.0,0.0,0.0,0.0,0.0,,,0.0,0.0,0.0,0.0,Eduard Bazardo,20997,660825
Jhoan Duran,PHI,61.0,0.0,0.0,0.0,0.0,0.0,0.0,0.0,0.0,0.0,0.0,0.0,0.0,0.0,,,0.0,0.0,0.0,0.0,Jhoan Duran,21029,661395
Seth Martinez,BOS,1.0,0.0,0.0,0.0,0.0,0.0,0.0,0.0,0.0,0.0,0.0,0.0,0.0,0.0,,,0.0,0.0,0.0,0.0,Seth Martinez,21045,661527
Luis Gil,NYY,9.0,0.0,0.0,0.0,0.0,0.0,0.0,0.0,0.0,0.0,0.0,0.0,0.0,0.0,,,0.0,0.0,0.0,0.0,Luis Gil,21052,661563
Jose Espada,BAL,1.0,0.0,0.0,0.0,0.0,0.0,0.0,0.0,0.0,0.0,0.0,0.0,0.0,0.0,,,0.0,0.0,0.0,0.0,Jose Espada,21131,664744
Brooks Kriske,ATH,2.0,0.0,0.0,0.0,0.0,0.0,0.0,0.0,0.0,0.0,0.0,0.0,0.0,0.0,,,0.0,0.0,0.0,0.0,Brooks Kriske,21189,621139
Connor Brogdon,CLE,16.0,0.0,0.0,0.0,0.0,0.0,0.0,0.0,0.0,0.0,0.0,0.0,0.0,0.0,,,0.0,0.0,0.0,0.0,Connor Brogdon,21205,641401
J.P. France,HOU,3.0,0.0,0.0,0.0,0.0,0.0,0.0,0.0,0.0,0.0,0.0,0.0,0.0,0.0,,,0.0,0.0,0.0,0.0,J.P. France,21212,641585
Bailey Ober,MIN,25.0,0.0,0.0,0.0,0.0,0.0,0.0,0.0,0.0,0.0,0.0,0.0,0.0,0.0,,,0.0,0.0,0.0,0.0,Bailey Ober,21224,641927
Jake Bird,- - -,44.0,0.0,0.0,0.0,0.0,0.0,0.0,0.0,0.0,0.0,0.0,0.0,0.0,0.0,,,0.0,0.0,0.0,0.0,Jake Bird,21267,656234
Jacob Latz,TEX,58.0,0.0,0.0,0.0,0.0,0.0,0.0,0.0,0.0,0.0,0.0,0.0,0.0,0.0,,,0.0,0.0,0.0,0.0,Jacob Latz,21306,656641
Parker Mushinski,COL,8.0,0.0,0.0,0.0,0.0,0.0,0.0,0.0,0.0,0.0,0.0,0.0,0.0,0.0,,,0.0,0.0,0.0,0.0,Parker Mushinski,21324,656786
Bennett Sousa,HOU,35.0,0.0,0.0,0.0,0.0,0.0,0.0,0.0,0.0,0.0,0.0,0.0,0.0,0.0,,,0.0,0.0,0.0,0.0,Bennett Sousa,21345,656986
Peter Strzelecki,STL,8.0,0.0,0.0,0.0,0.0,0.0,0.0,0.0,0.0,0.0,0.0,0.0,0.0,0.0,,,0.0,0.0,0.0,0.0,Peter Strzelecki,21367,657265
Joe Ryan,MIN,27.0,0.0,0.0,0.0,0.0,0.0,0.0,0.0,0.0,0.0,0.0,0.0,0.0,0.0,,,0.0,0.0,0.0,0.0,Joe Ryan,21390,657746
Yerry De Los Santos,NYY,16.0,0.0,0.0,0.0,0.0,0.0,0.0,0.0,0.0,0.0,0.0,0.0,0.0,0.0,,,0.0,0.0,0.0,0.0,Yerry De Los Santos,21420,660787
Ryan Feltner,COL,26.0,0.0,0.0,0.0,0.0,0.0,0.0,0.0,0.0,0.0,0.0,0.0,0.0,0.0,,,0.0,0.0,0.0,0.0,Ryan Feltner,21446,663372
Davis Martin,CHW,29.0,0.0,0.0,0.0,0.0,0.0,0.0,0.0,0.0,0.0,0.0,0.0,0.0,0.0,,,0.0,0.0,0.0,0.0,Davis Martin,21448,663436
Kris Bubic,- - -,14.0,0.0,0.0,0.0,0.0,0.0,0.0,0.0,0.0,0.0,0.0,0.0,0.0,0.0,,,0.0,0.0,0.0,0.0,Kris Bubic,21455,663460
Cole Sands,MIN,13.0,0.0,0.0,0.0,0.0,0.0,0.0,0.0,0.0,0.0,0.0,0.0,0.0,0.0,,,0.0,0.0,0.0,0.0,Cole Sands,21461,663485
Shane McClanahan,TBR,24.0,0.0,0.0,0.0,0.0,0.0,0.0,0.0,0.0,0.0,0.0,0.0,0.0,0.0,,,0.0,0.0,0.0,0.0,Shane McClanahan,21483,663556
Stephen Kolek,KCR,10.0,0.0,0.0,0.0,0.0,0.0,0.0,0.0,0.0,0.0,0.0,0.0,0.0,0.0,,,0.0,0.0,0.0,0.0,Stephen Kolek,21487,663568
Jake Irvin,WSN,22.0,0.0,0.0,0.0,0.0,0.0,0.0,0.0,0.0,0.0,0.0,0.0,0.0,0.0,,,0.0,0.0,0.0,0.0,Jake Irvin,21504,663623
Hogan Harris,ATH,74.0,0.0,0.0,0.0,0.0,0.0,0.0,0.0,0.0,0.0,0.0,0.0,0.0,0.0,,,0.0,0.0,0.0,0.0,Hogan Harris,21520,663687
Daniel Lynch IV,KCR,56.0,0.0,0.0,0.0,0.0,0.0,0.0,0.0,0.0,0.0,0.0,0.0,0.0,0.0,,,0.0,0.0,0.0,0.0,Daniel Lynch IV,21537,663738
Chase Shugart,PHI,46.0,0.0,0.0,0.0,0.0,0.0,0.0,0.0,0.0,0.0,0.0,0.0,0.0,0.0,,,0.0,0.0,0.0,0.0,Chase Shugart,21544,663767
Justin Hagenman,NYM,3.0,0.0,0.0,0.0,0.0,0.0,0.0,0.0,0.0,0.0,0.0,0.0,0.0,0.0,,,0.0,0.0,0.0,0.0,Justin Hagenman,21546,663795
Nolan Kingham,TEX,1.0,0.0,0.0,0.0,0.0,0.0,0.0,0.0,0.0,0.0,0.0,0.0,0.0,0.0,,,0.0,0.0,0.0,0.0,Nolan Kingham,21573,663884
Brendon Little,TOR,30.0,0.0,0.0,0.0,0.0,0.0,0.0,0.0,0.0,0.0,0.0,0.0,0.0,0.0,,,0.0,0.0,0.0,0.0,Brendon Little,21574,663893
Tristan Beck,SFG,14.0,0.0,0.0,0.0,0.0,0.0,0.0,0.0,0.0,0.0,0.0,0.0,0.0,0.0,,,0.0,0.0,0.0,0.0,Tristan Beck,21584,663941
Grant Wolfram,BAL,60.0,0.0,0.0,0.0,0.0,0.0,0.0,0.0,0.0,0.0,0.0,0.0,0.0,0.0,,,0.0,0.0,0.0,0.0,Grant Wolfram,21623,664991
Luis Medina,ATH,60.0,0.0,0.0,0.0,0.0,0.0,0.0,0.0,0.0,0.0,0.0,0.0,0.0,0.0,,,0.0,0.0,0.0,0.0,Luis Medina,21649,665622
Kervin Castro,NYY,5.0,0.0,0.0,0.0,0.0,0.0,0.0,0.0,0.0,0.0,0.0,0.0,0.0,0.0,,,0.0,0.0,0.0,0.0,Kervin Castro,21656,665645
Elvis Alvarado,ATH,56.0,0.0,0.0,0.0,0.0,0.0,0.0,0.0,0.0,0.0,0.0,0.0,0.0,0.0,,,0.0,0.0,0.0,0.0,Elvis Alvarado,21662,665660
Edward Cabrera,CHC,18.0,0.0,0.0,0.0,0.0,0.0,0.0,0.0,0.0,0.0,0.0,0.0,0.0,0.0,,,0.0,0.0,0.0,0.0,Edward Cabrera,21690,665795
Javier Assad,CHC,28.0,0.0,0.0,0.0,0.0,0.0,0.0,0.0,0.0,0.0,0.0,0.0,0.0,0.0,,,0.0,0.0,0.0,0.0,Javier Assad,21741,665871
Braxton Garrett,- - -,3.0,0.0,0.0,0.0,0.0,0.0,0.0,0.0,0.0,0.0,0.0,0.0,0.0,0.0,,,0.0,0.0,0.0,0.0,Braxton Garrett,21844,666129
Cole Ragans,KCR,8.0,0.0,0.0,0.0,0.0,0.0,0.0,0.0,0.0,0.0,0.0,0.0,0.0,0.0,,,0.0,0.0,0.0,0.0,Cole Ragans,21846,666142
George Soriano,STL,70.0,0.0,0.0,0.0,0.0,0.0,0.0,0.0,0.0,0.0,0.0,0.0,0.0,0.0,,,0.0,0.0,0.0,0.0,George Soriano,21863,666277
Gregory Santos,SFG,3.0,0.0,0.0,0.0,0.0,0.0,0.0,0.0,0.0,0.0,0.0,0.0,0.0,0.0,,,0.0,0.0,0.0,0.0,Gregory Santos,21894,666619
Juan Morillo,ARI,70.0,0.0,0.0,0.0,0.0,0.0,0.0,0.0,0.0,0.0,0.0,0.0,0.0,0.0,,,0.0,0.0,0.0,0.0,Juan Morillo,21924,666661
Joel Peguero,SFG,11.0,0.0,0.0,0.0,0.0,0.0,0.0,0.0,0.0,0.0,0.0,0.0,0.0,0.0,,,0.0,0.0,0.0,0.0,Joel Peguero,21951,666711
Camilo Doval,- - -,66.0,0.0,0.0,0.0,0.0,0.0,0.0,0.0,0.0,0.0,0.0,0.0,0.0,0.0,,,0.0,0.0,0.0,0.0,Camilo Doval,21992,666808
John King,MIA,50.0,0.0,0.0,0.0,0.0,0.0,0.0,0.0,0.0,0.0,0.0,0.0,0.0,0.0,,,0.0,0.0,0.0,0.0,John King,22051,667463
Jose Soriano,- - -,32.0,0.0,0.0,0.0,0.0,0.0,0.0,0.0,0.0,0.0,0.0,0.0,0.0,0.0,,,0.0,0.0,0.0,0.0,Jose Soriano,22100,667755
Cole Winn,TEX,51.0,0.0,0.0,0.0,0.0,0.0,0.0,0.0,0.0,0.0,0.0,0.0,0.0,0.0,,,0.0,0.0,0.0,0.0,Cole Winn,22113,668390
Max Kranick,WSN,17.0,0.0,0.0,0.0,0.0,0.0,0.0,0.0,0.0,0.0,0.0,0.0,0.0,0.0,,,0.0,0.0,0.0,0.0,Max Kranick,22175,668820
Easton McGee,- - -,9.0,0.0,0.0,0.0,0.0,0.0,0.0,0.0,0.0,0.0,0.0,0.0,0.0,0.0,,,0.0,0.0,0.0,0.0,Easton McGee,22176,668834
Hunter Greene,CIN,5.0,0.0,0.0,0.0,0.0,0.0,0.0,0.0,0.0,0.0,0.0,0.0,0.0,0.0,,,0.0,0.0,0.0,0.0,Hunter Greene,22182,668881
Tobias Myers,NYM,32.0,0.0,0.0,0.0,0.0,0.0,0.0,0.0,0.0,0.0,0.0,0.0,0.0,0.0,,,0.0,0.0,0.0,0.0,Tobias Myers,22191,668964
Ryan Rolison,CHC,60.0,0.0,0.0,0.0,0.0,0.0,0.0,0.0,0.0,0.0,0.0,0.0,0.0,0.0,,,0.0,0.0,0.0,0.0,Ryan Rolison,22200,669020
MacKenzie Gore,TEX,34.0,0.0,0.0,0.0,0.0,0.0,0.0,0.0,0.0,0.0,0.0,0.0,0.0,0.0,,,0.0,0.0,0.0,0.0,MacKenzie Gore,22201,669022
DL Hall,MIL,47.0,0.0,0.0,0.0,0.0,0.0,0.0,0.0,0.0,0.0,0.0,0.0,0.0,0.0,,,0.0,0.0,0.0,0.0,DL Hall,22207,669084
Jeremiah Estrada,SDP,33.0,0.0,0.0,0.0,0.0,0.0,0.0,0.0,0.0,0.0,0.0,0.0,0.0,0.0,,,0.0,0.0,0.0,0.0,Jeremiah Estrada,22210,669093
Jonathan Heasley,TBR,1.0,0.0,0.0,0.0,0.0,0.0,0.0,0.0,0.0,0.0,0.0,0.0,0.0,0.0,,,0.0,0.0,0.0,0.0,Jonathan Heasley,22224,669169
Logan Gilbert,SEA,32.0,0.0,0.0,0.0,0.0,0.0,0.0,0.0,0.0,0.0,0.0,0.0,0.0,0.0,,,0.0,0.0,0.0,0.0,Logan Gilbert,22250,669302
Shane Baz,BAL,31.0,0.0,0.0,0.0,0.0,0.0,0.0,0.0,0.0,0.0,0.0,0.0,0.0,0.0,,,0.0,0.0,0.0,0.0,Shane Baz,22264,669358
Tarik Skubal,- - -,26.0,0.0,0.0,0.0,0.0,0.0,0.0,0.0,0.0,0.0,0.0,0.0,0.0,0.0,,,0.0,0.0,0.0,0.0,Tarik Skubal,22267,669373
Trevor Rogers,BAL,30.0,0.0,0.0,0.0,0.0,0.0,0.0,0.0,0.0,0.0,0.0,0.0,0.0,0.0,,,0.0,0.0,0.0,0.0,Trevor Rogers,22286,669432
Mason Englert,TBR,15.0,0.0,0.0,0.0,0.0,0.0,0.0,0.0,0.0,0.0,0.0,0.0,0.0,0.0,,,0.0,0.0,0.0,0.0,Mason Englert,22288,669438
Matthew Liberatore,STL,31.0,0.0,0.0,0.0,0.0,0.0,0.0,0.0,0.0,0.0,0.0,0.0,0.0,0.0,,,0.0,0.0,0.0,0.0,Matthew Liberatore,22294,669461
Brenan Hanifee,DET,23.0,0.0,0.0,0.0,0.0,0.0,0.0,0.0,0.0,0.0,0.0,0.0,0.0,0.0,,,0.0,0.0,0.0,0.0,Brenan Hanifee,22304,669724
Colin Holderman,CLE,54.0,0.0,0.0,0.0,0.0,0.0,0.0,0.0,0.0,0.0,0.0,0.0,0.0,0.0,,,0.0,0.0,0.0,0.0,Colin Holderman,22361,670059
Julian Garcia,CIN,33.0,0.0,0.0,0.0,0.0,0.0,0.0,0.0,0.0,0.0,0.0,0.0,0.0,0.0,,,0.0,0.0,0.0,0.0,Julian Garcia,22362,670062
Raymond Burgos,BOS,9.0,0.0,0.0,0.0,0.0,0.0,0.0,0.0,0.0,0.0,0.0,0.0,0.0,0.0,,,0.0,0.0,0.0,0.0,Raymond Burgos,22370,670103
Johan Oviedo,BOS,1.0,0.0,0.0,0.0,0.0,0.0,0.0,0.0,0.0,0.0,0.0,0.0,0.0,0.0,,,0.0,0.0,0.0,0.0,Johan Oviedo,22487,670912
Taj Bradley,MIN,31.0,0.0,0.0,0.0,0.0,0.0,0.0,0.0,0.0,0.0,0.0,0.0,0.0,0.0,,,0.0,0.0,0.0,0.0,Taj Bradley,22543,671737
Yovanny Cruz,- - -,17.0,0.0,0.0,0.0,0.0,0.0,0.0,0.0,0.0,0.0,0.0,0.0,0.0,0.0,,,0.0,0.0,0.0,0.0,Yovanny Cruz,22622,672442
Keider Montero,DET,32.0,0.0,0.0,0.0,0.0,0.0,0.0,0.0,0.0,0.0,0.0,0.0,0.0,0.0,,,0.0,0.0,0.0,0.0,Keider Montero,22630,672456
Carlos Hernandez,CLE,2.0,0.0,0.0,0.0,0.0,0.0,0.0,0.0,0.0,0.0,0.0,0.0,0.0,0.0,,,0.0,0.0,0.0,0.0,Carlos Hernandez,22713,672578
Angel Zerpa,MIL,12.0,0.0,0.0,0.0,0.0,0.0,0.0,0.0,0.0,0.0,0.0,0.0,0.0,0.0,,,0.0,0.0,0.0,0.0,Angel Zerpa,22717,672582
Gerardo Carrillo,ARI,13.0,0.0,0.0,0.0,0.0,0.0,0.0,0.0,0.0,0.0,0.0,0.0,0.0,0.0,,,0.0,0.0,0.0,0.0,Gerardo Carrillo,22754,672629
Yoendrys Gomez,- - -,65.0,0.0,0.0,0.0,0.0,0.0,0.0,0.0,0.0,0.0,0.0,0.0,0.0,0.0,,,0.0,0.0,0.0,0.0,Yoendrys Gomez,22872,672782
Carlos Vargas,SEA,16.0,0.0,0.0,0.0,0.0,0.0,0.0,0.0,0.0,0.0,0.0,0.0,0.0,0.0,,,0.0,0.0,0.0,0.0,Carlos Vargas,22915,672841
Dedniel Nunez,NYM,18.0,0.0,0.0,0.0,0.0,0.0,0.0,0.0,0.0,0.0,0.0,0.0,0.0,0.0,,,0.0,0.0,0.0,0.0,Dedniel Nunez,23055,673380
Osvaldo Bido,- - -,11.0,0.0,0.0,0.0,0.0,0.0,0.0,0.0,0.0,0.0,0.0,0.0,0.0,0.0,,,0.0,0.0,0.0,0.0,Osvaldo Bido,23150,674370
Steven Cruz,KCR,56.0,0.0,0.0,0.0,0.0,0.0,0.0,0.0,0.0,0.0,0.0,0.0,0.0,0.0,,,0.0,0.0,0.0,0.0,Steven Cruz,23165,674444
Michael Grove,TBR,3.0,0.0,0.0,0.0,0.0,0.0,0.0,0.0,0.0,0.0,0.0,0.0,0.0,0.0,,,0.0,0.0,0.0,0.0,Michael Grove,23221,675627
Juan Mejia,COL,65.0,0.0,0.0,0.0,0.0,0.0,0.0,0.0,0.0,0.0,0.0,0.0,0.0,0.0,,,0.0,0.0,0.0,0.0,Juan Mejia,23237,675848
Cody Bolton,HOU,8.0,0.0,0.0,0.0,0.0,0.0,0.0,0.0,0.0,0.0,0.0,0.0,0.0,0.0,,,0.0,0.0,0.0,0.0,Cody Bolton,23265,675989
Codi Heuer,CLE,8.0,0.0,0.0,0.0,0.0,0.0,0.0,0.0,0.0,0.0,0.0,0.0,0.0,0.0,,,0.0,0.0,0.0,0.0,Codi Heuer,23293,676051
Janson Junk,MIA,26.0,0.0,0.0,0.0,0.0,0.0,0.0,0.0,0.0,0.0,0.0,0.0,0.0,0.0,,,0.0,0.0,0.0,0.0,Janson Junk,23301,676083
Jose Butto,SFG,3.0,0.0,0.0,0.0,0.0,0.0,0.0,0.0,0.0,0.0,0.0,0.0,0.0,0.0,,,0.0,0.0,0.0,0.0,Jose Butto,23313,676130
Joey Cantillo,CLE,33.0,0.0,0.0,0.0,0.0,0.0,0.0,0.0,0.0,0.0,0.0,0.0,0.0,0.0,,,0.0,0.0,0.0,0.0,Joey Cantillo,23335,676282
Robert Garcia,TEX,20.0,0.0,0.0,0.0,0.0,0.0,0.0,0.0,0.0,0.0,0.0,0.0,0.0,0.0,,,0.0,0.0,0.0,0.0,Robert Garcia,23363,676395
Nolan Hoffman,- - -,15.0,0.0,0.0,0.0,0.0,0.0,0.0,0.0,0.0,0.0,0.0,0.0,0.0,0.0,,,0.0,0.0,0.0,0.0,Nolan Hoffman,23381,676510
Ricky Vanasco,DET,5.0,0.0,0.0,0.0,0.0,0.0,0.0,0.0,0.0,0.0,0.0,0.0,0.0,0.0,,,0.0,0.0,0.0,0.0,Ricky Vanasco,23391,676568
PJ Poulin,WSN,35.0,0.0,0.0,0.0,0.0,0.0,0.0,0.0,0.0,0.0,0.0,0.0,0.0,0.0,,,0.0,0.0,0.0,0.0,PJ Poulin,23394,676571
Max Lazar,PHI,8.0,0.0,0.0,0.0,0.0,0.0,0.0,0.0,0.0,0.0,0.0,0.0,0.0,0.0,,,0.0,0.0,0.0,0.0,Max Lazar,23426,676661
JP Sears,SDP,8.0,0.0,0.0,0.0,0.0,0.0,0.0,0.0,0.0,0.0,0.0,0.0,0.0,0.0,,,0.0,0.0,0.0,0.0,JP Sears,23429,676664
Tom Cosgrove,WSN,18.0,0.0,0.0,0.0,0.0,0.0,0.0,0.0,0.0,0.0,0.0,0.0,0.0,0.0,,,0.0,0.0,0.0,0.0,Tom Cosgrove,23443,676680
Hunter Stratton,- - -,3.0,0.0,0.0,0.0,0.0,0.0,0.0,0.0,0.0,0.0,0.0,0.0,0.0,0.0,,,0.0,0.0,0.0,0.0,Hunter Stratton,23455,676702
Cam Sanders,- - -,28.0,0.0,0.0,0.0,0.0,0.0,0.0,0.0,0.0,0.0,0.0,0.0,0.0,0.0,,,0.0,0.0,0.0,0.0,Cam Sanders,23479,676742
Ron Marinaccio,- - -,41.0,0.0,0.0,0.0,0.0,0.0,0.0,0.0,0.0,0.0,0.0,0.0,0.0,0.0,,,0.0,0.0,0.0,0.0,Ron Marinaccio,23488,676760
Keaton Winn,SFG,44.0,0.0,0.0,0.0,0.0,0.0,0.0,0.0,0.0,0.0,0.0,0.0,0.0,0.0,,,0.0,0.0,0.0,0.0,Keaton Winn,23499,676775
Aaron Ashby,MIL,75.0,0.0,0.0,0.0,0.0,0.0,0.0,0.0,0.0,0.0,0.0,0.0,0.0,0.0,,,0.0,0.0,0.0,0.0,Aaron Ashby,23550,676879
Matt Seelinger,NYM,1.0,0.0,0.0,0.0,0.0,0.0,0.0,0.0,0.0,0.0,0.0,0.0,0.0,0.0,,,0.0,0.0,0.0,0.0,Matt Seelinger,23563,676910
Ben Brown,CHC,20.0,0.0,0.0,0.0,0.0,0.0,0.0,0.0,0.0,0.0,0.0,0.0,0.0,0.0,,,0.0,0.0,0.0,0.0,Ben Brown,23590,676962
Josh Walker,BAL,31.0,0.0,0.0,0.0,0.0,0.0,0.0,0.0,0.0,0.0,0.0,0.0,0.0,0.0,,,0.0,0.0,0.0,0.0,Josh Walker,23617,677020
Justin Bruihl,STL,73.0,0.0,0.0,0.0,0.0,0.0,0.0,0.0,0.0,0.0,0.0,0.0,0.0,0.0,,,0.0,0.0,0.0,0.0,Justin Bruihl,23779,677865
Braxton Ashcraft,PIT,28.0,0.0,0.0,0.0,0.0,0.0,0.0,0.0,0.0,0.0,0.0,0.0,0.0,0.0,,,0.0,0.0,0.0,0.0,Braxton Ashcraft,23793,677952
Ryan Weathers,NYY,25.0,0.0,0.0,0.0,0.0,0.0,0.0,0.0,0.0,0.0,0.0,0.0,0.0,0.0,,,0.0,0.0,0.0,0.0,Ryan Weathers,23796,677960
Randy Dobnak,KCR,15.0,0.0,0.0,0.0,0.0,0.0,0.0,0.0,0.0,0.0,0.0,0.0,0.0,0.0,,,0.0,0.0,0.0,0.0,Randy Dobnak,23798,677976
Ray Kerr,ATL,9.0,0.0,0.0,0.0,0.0,0.0,0.0,0.0,0.0,0.0,0.0,0.0,0.0,0.0,,,0.0,0.0,0.0,0.0,Ray Kerr,23809,678061
Valente Bellozo,COL,3.0,0.0,0.0,0.0,0.0,0.0,0.0,0.0,0.0,0.0,0.0,0.0,0.0,0.0,,,0.0,0.0,0.0,0.0,Valente Bellozo,23899,678368
Brayan Bello,BOS,26.0,0.0,0.0,0.0,0.0,0.0,0.0,0.0,0.0,0.0,0.0,0.0,0.0,0.0,,,0.0,0.0,0.0,0.0,Brayan Bello,23920,678394
Wilkin Ramos,SFG,2.0,0.0,0.0,0.0,0.0,0.0,0.0,0.0,0.0,0.0,0.0,0.0,0.0,0.0,,,0.0,0.0,0.0,0.0,Wilkin Ramos,23988,678576
Jose A. Ferrer,SEA,73.0,0.0,0.0,0.0,0.0,0.0,0.0,0.0,0.0,0.0,0.0,0.0,0.0,0.0,,,0.0,0.0,0.0,0.0,Jose A. Ferrer,24017,678606
Eddy Yean,WSN,8.0,0.0,0.0,0.0,0.0,0.0,0.0,0.0,0.0,0.0,0.0,0.0,0.0,0.0,,,0.0,0.0,0.0,0.0,Eddy Yean,24248,678868
Kai-Wei Teng,HOU,30.0,0.0,0.0,0.0,0.0,0.0,0.0,0.0,0.0,0.0,0.0,0.0,0.0,0.0,,,0.0,0.0,0.0,0.0,Kai-Wei Teng,24282,678906
Luinder Avila,KCR,21.0,0.0,0.0,0.0,0.0,0.0,0.0,0.0,0.0,0.0,0.0,0.0,0.0,0.0,,,0.0,0.0,0.0,0.0,Luinder Avila,24452,679883
Justin Martinez,ARI,15.0,0.0,0.0,0.0,0.0,0.0,0.0,0.0,0.0,0.0,0.0,0.0,0.0,0.0,,,0.0,0.0,0.0,0.0,Justin Martinez,24453,679885
Carlos Duran,KCR,2.0,0.0,0.0,0.0,0.0,0.0,0.0,0.0,0.0,0.0,0.0,0.0,0.0,0.0,,,0.0,0.0,0.0,0.0,Carlos Duran,24458,679922
Grayson Rodriguez,LAA,20.0,0.0,0.0,0.0,0.0,0.0,0.0,0.0,0.0,0.0,0.0,0.0,0.0,0.0,,,0.0,0.0,0.0,0.0,Grayson Rodriguez,24492,680570
Simeon Woods Richardson,- - -,20.0,0.0,0.0,0.0,0.0,0.0,0.0,0.0,0.0,0.0,0.0,0.0,0.0,0.0,,,0.0,0.0,0.0,0.0,Simeon Woods Richardson,24494,680573
Josiah Gray,WSN,3.0,0.0,0.0,0.0,0.0,0.0,0.0,0.0,0.0,0.0,0.0,0.0,0.0,0.0,,,0.0,0.0,0.0,0.0,Josiah Gray,24580,680686
Lyon Richardson,- - -,3.0,0.0,0.0,0.0,0.0,0.0,0.0,0.0,0.0,0.0,0.0,0.0,0.0,0.0,,,0.0,0.0,0.0,0.0,Lyon Richardson,24581,680689
Kyle Bradish,BAL,29.0,0.0,0.0,0.0,0.0,0.0,0.0,0.0,0.0,0.0,0.0,0.0,0.0,0.0,,,0.0,0.0,0.0,0.0,Kyle Bradish,24586,680694
Joey Gerber,NYM,7.0,0.0,0.0,0.0,0.0,0.0,0.0,0.0,0.0,0.0,0.0,0.0,0.0,0.0,,,0.0,0.0,0.0,0.0,Joey Gerber,24591,680702
Drew Rom,- - -,18.0,0.0,0.0,0.0,0.0,0.0,0.0,0.0,0.0,0.0,0.0,0.0,0.0,0.0,,,0.0,0.0,0.0,0.0,Drew Rom,24602,680723
Jonathan Bowlan,PHI,59.0,0.0,0.0,0.0,0.0,0.0,0.0,0.0,0.0,0.0,0.0,0.0,0.0,0.0,,,0.0,0.0,0.0,0.0,Jonathan Bowlan,24607,680742
Braydon Fisher,TOR,75.0,0.0,0.0,0.0,0.0,0.0,0.0,0.0,0.0,0.0,0.0,0.0,0.0,0.0,,,0.0,0.0,0.0,0.0,Braydon Fisher,24609,680755
Victor Vodnik,- - -,53.0,0.0,0.0,0.0,0.0,0.0,0.0,0.0,0.0,0.0,0.0,0.0,0.0,0.0,,,0.0,0.0,0.0,0.0,Victor Vodnik,24614,680767
Ryan Weiss,HOU,9.0,0.0,0.0,0.0,0.0,0.0,0.0,0.0,0.0,0.0,0.0,0.0,0.0,0.0,,,0.0,0.0,0.0,0.0,Ryan Weiss,24621,680802
Tanner Andrews,TOR,2.0,0.0,0.0,0.0,0.0,0.0,0.0,0.0,0.0,0.0,0.0,0.0,0.0,0.0,,,0.0,0.0,0.0,0.0,Tanner Andrews,24698,681084
Luis Curvelo,TEX,9.0,0.0,0.0,0.0,0.0,0.0,0.0,0.0,0.0,0.0,0.0,0.0,0.0,0.0,,,0.0,0.0,0.0,0.0,Luis Curvelo,24710,681168
Mike Burrows,HOU,18.0,0.0,0.0,0.0,0.0,0.0,0.0,0.0,0.0,0.0,0.0,0.0,0.0,0.0,,,0.0,0.0,0.0,0.0,Mike Burrows,24728,681347
Gus Varland,WSN,34.0,0.0,0.0,0.0,0.0,0.0,0.0,0.0,0.0,0.0,0.0,0.0,0.0,0.0,,,0.0,0.0,0.0,0.0,Gus Varland,24737,681402
Kyle Leahy,STL,30.0,0.0,0.0,0.0,0.0,0.0,0.0,0.0,0.0,0.0,0.0,0.0,0.0,0.0,,,0.0,0.0,0.0,0.0,Kyle Leahy,24763,681517
Ryan Fernandez,STL,17.0,0.0,0.0,0.0,0.0,0.0,0.0,0.0,0.0,0.0,0.0,0.0,0.0,0.0,,,0.0,0.0,0.0,0.0,Ryan Fernandez,24862,681676
Lazaro Estrada,TOR,8.0,0.0,0.0,0.0,0.0,0.0,0.0,0.0,0.0,0.0,0.0,0.0,0.0,0.0,,,0.0,0.0,0.0,0.0,Lazaro Estrada,24914,681751
Ethan Roberts,CHC,23.0,0.0,0.0,0.0,0.0,0.0,0.0,0.0,0.0,0.0,0.0,0.0,0.0,0.0,,,0.0,0.0,0.0,0.0,Ethan Roberts,24930,681799
Andrew Wantz,- - -,2.0,0.0,0.0,0.0,0.0,0.0,0.0,0.0,0.0,0.0,0.0,0.0,0.0,0.0,,,0.0,0.0,0.0,0.0,Andrew Wantz,24933,681806
Austin Warren,NYM,41.0,0.0,0.0,0.0,0.0,0.0,0.0,0.0,0.0,0.0,0.0,0.0,0.0,0.0,,,0.0,0.0,0.0,0.0,Austin Warren,24937,681810
Cooper Criswell,SEA,37.0,0.0,0.0,0.0,0.0,0.0,0.0,0.0,0.0,0.0,0.0,0.0,0.0,0.0,,,0.0,0.0,0.0,0.0,Cooper Criswell,24975,681867
Erik Sabrowski,CLE,60.0,0.0,0.0,0.0,0.0,0.0,0.0,0.0,0.0,0.0,0.0,0.0,0.0,0.0,,,0.0,0.0,0.0,0.0,Erik Sabrowski,24978,681870
Kody Funderburk,MIN,58.0,0.0,0.0,0.0,0.0,0.0,0.0,0.0,0.0,0.0,0.0,0.0,0.0,0.0,,,0.0,0.0,0.0,0.0,Kody Funderburk,24993,681892
Evan Sisk,PIT,41.0,0.0,0.0,0.0,0.0,0.0,0.0,0.0,0.0,0.0,0.0,0.0,0.0,0.0,,,0.0,0.0,0.0,0.0,Evan Sisk,24995,681895
Alex Vesia,LAD,72.0,0.0,0.0,0.0,0.0,0.0,0.0,0.0,0.0,0.0,0.0,0.0,0.0,0.0,,,0.0,0.0,0.0,0.0,Alex Vesia,25007,681911
Jacob Lopez,ATH,27.0,0.0,0.0,0.0,0.0,0.0,0.0,0.0,0.0,0.0,0.0,0.0,0.0,0.0,,,0.0,0.0,0.0,0.0,Jacob Lopez,25098,682052
Tim Herrin,CLE,67.0,0.0,0.0,0.0,0.0,0.0,0.0,0.0,0.0,0.0,0.0,0.0,0.0,0.0,,,0.0,0.0,0.0,0.0,Tim Herrin,25139,682120
Yaramil Hiraldo,BAL,8.0,0.0,0.0,0.0,0.0,0.0,0.0,0.0,0.0,0.0,0.0,0.0,0.0,0.0,,,0.0,0.0,0.0,0.0,Yaramil Hiraldo,25215,682274
Domingo Gonzalez,SEA,5.0,0.0,0.0,0.0,0.0,0.0,0.0,0.0,0.0,0.0,0.0,0.0,0.0,0.0,,,0.0,0.0,0.0,0.0,Domingo Gonzalez,25241,682445
Peyton Gray,TEX,49.0,0.0,0.0,0.0,0.0,0.0,0.0,0.0,0.0,0.0,0.0,0.0,0.0,0.0,,,0.0,0.0,0.0,0.0,Peyton Gray,25310,682608
Roddery Munoz,HOU,3.0,0.0,0.0,0.0,0.0,0.0,0.0,0.0,0.0,0.0,0.0,0.0,0.0,0.0,,,0.0,0.0,0.0,0.0,Roddery Munoz,25311,682610
Abner Uribe,MIL,61.0,0.0,0.0,0.0,0.0,0.0,0.0,0.0,0.0,0.0,0.0,0.0,0.0,0.0,,,0.0,0.0,0.0,0.0,Abner Uribe,25327,682842
Nick Mears,KCR,21.0,0.0,0.0,0.0,0.0,0.0,0.0,0.0,0.0,0.0,0.0,0.0,0.0,0.0,,,0.0,0.0,0.0,0.0,Nick Mears,25376,683232
Brady Singer,CIN,31.0,0.0,0.0,0.0,0.0,0.0,0.0,0.0,0.0,0.0,0.0,0.0,0.0,0.0,,,0.0,0.0,0.0,0.0,Brady Singer,25377,663903
Drew Rasmussen,TBR,30.0,0.0,0.0,0.0,0.0,0.0,0.0,0.0,0.0,0.0,0.0,0.0,0.0,0.0,,,0.0,0.0,0.0,0.0,Drew Rasmussen,25385,656876
Jhony Brito,SDP,5.0,0.0,0.0,0.0,0.0,0.0,0.0,0.0,0.0,0.0,0.0,0.0,0.0,0.0,,,0.0,0.0,0.0,0.0,Jhony Brito,25386,666745
Ryan Zeferjahn,- - -,65.0,0.0,0.0,0.0,0.0,0.0,0.0,0.0,0.0,0.0,0.0,0.0,0.0,0.0,,,0.0,0.0,0.0,0.0,Ryan Zeferjahn,25420,666171
Gavin Hollowell,CHC,15.0,0.0,0.0,0.0,0.0,0.0,0.0,0.0,0.0,0.0,0.0,0.0,0.0,0.0,,,0.0,0.0,0.0,0.0,Gavin Hollowell,25427,668970
George Kirby,SEA,30.0,0.0,0.0,0.0,0.0,0.0,0.0,0.0,0.0,0.0,0.0,0.0,0.0,0.0,,,0.0,0.0,0.0,0.0,George Kirby,25436,669923
Brandon Williamson,CIN,12.0,0.0,0.0,0.0,0.0,0.0,0.0,0.0,0.0,0.0,0.0,0.0,0.0,0.0,,,0.0,0.0,0.0,0.0,Brandon Williamson,25463,682227
Chase Solesky,TBR,1.0,0.0,0.0,0.0,0.0,0.0,0.0,0.0,0.0,0.0,0.0,0.0,0.0,0.0,,,0.0,0.0,0.0,0.0,Chase Solesky,25480,686678
Joe La Sorsa,BOS,1.0,0.0,0.0,0.0,0.0,0.0,0.0,0.0,0.0,0.0,0.0,0.0,0.0,0.0,,,0.0,0.0,0.0,0.0,Joe La Sorsa,25481,686747
Paxton Schultz,WSN,27.0,0.0,0.0,0.0,0.0,0.0,0.0,0.0,0.0,0.0,0.0,0.0,0.0,0.0,,,0.0,0.0,0.0,0.0,Paxton Schultz,25501,687606
Matt Waldron,- - -,17.0,0.0,0.0,0.0,0.0,0.0,0.0,0.0,0.0,0.0,0.0,0.0,0.0,0.0,,,0.0,0.0,0.0,0.0,Matt Waldron,25550,663362
Brady Basso,ATH,26.0,0.0,0.0,0.0,0.0,0.0,0.0,0.0,0.0,0.0,0.0,0.0,0.0,0.0,,,0.0,0.0,0.0,0.0,Brady Basso,25582,669620
Sammy Peralta,- - -,16.0,0.0,0.0,0.0,0.0,0.0,0.0,0.0,0.0,0.0,0.0,0.0,0.0,0.0,,,0.0,0.0,0.0,0.0,Sammy Peralta,25589,671111
Adam Macko,- - -,30.0,0.0,0.0,0.0,0.0,0.0,0.0,0.0,0.0,0.0,0.0,0.0,0.0,0.0,,,0.0,0.0,0.0,0.0,Adam Macko,25590,671936
Xzavion Curry,NYM,9.0,0.0,0.0,0.0,0.0,0.0,0.0,0.0,0.0,0.0,0.0,0.0,0.0,0.0,,,0.0,0.0,0.0,0.0,Xzavion Curry,25595,675540
Antoine Kelly,CHC,1.0,0.0,0.0,0.0,0.0,0.0,0.0,0.0,0.0,0.0,0.0,0.0,0.0,0.0,,,0.0,0.0,0.0,0.0,Antoine Kelly,25611,681520
Luis Mey,CIN,29.0,0.0,0.0,0.0,0.0,0.0,0.0,0.0,0.0,0.0,0.0,0.0,0.0,0.0,,,0.0,0.0,0.0,0.0,Luis Mey,25620,682825
Daniel Espino,CLE,14.0,0.0,0.0,0.0,0.0,0.0,0.0,0.0,0.0,0.0,0.0,0.0,0.0,0.0,,,0.0,0.0,0.0,0.0,Daniel Espino,25625,682982
Hunter Gaddis,CLE,68.0,0.0,0.0,0.0,0.0,0.0,0.0,0.0,0.0,0.0,0.0,0.0,0.0,0.0,,,0.0,0.0,0.0,0.0,Hunter Gaddis,25636,683769
Justin Slaten,BOS,36.0,0.0,0.0,0.0,0.0,0.0,0.0,0.0,0.0,0.0,0.0,0.0,0.0,0.0,,,0.0,0.0,0.0,0.0,Justin Slaten,25648,686580
Kevin Kelly,TBR,71.0,0.0,0.0,0.0,0.0,0.0,0.0,0.0,0.0,0.0,0.0,0.0,0.0,0.0,,,0.0,0.0,0.0,0.0,Kevin Kelly,25679,687330
Zak Kent,- - -,11.0,0.0,0.0,0.0,0.0,0.0,0.0,0.0,0.0,0.0,0.0,0.0,0.0,0.0,,,0.0,0.0,0.0,0.0,Zak Kent,25703,687849
Matt Brash,SEA,20.0,0.0,0.0,0.0,0.0,0.0,0.0,0.0,0.0,0.0,0.0,0.0,0.0,0.0,,,0.0,0.0,0.0,0.0,Matt Brash,25756,666374
Anthony Nunez,BAL,52.0,0.0,0.0,0.0,0.0,0.0,0.0,0.0,0.0,0.0,0.0,0.0,0.0,0.0,,,0.0,0.0,0.0,0.0,Anthony Nunez,25796,689296
Connor Thomas,- - -,19.0,0.0,0.0,0.0,0.0,0.0,0.0,0.0,0.0,0.0,0.0,0.0,0.0,0.0,,,0.0,0.0,0.0,0.0,Connor Thomas,25873,671162
Hunter Brown,HOU,20.0,0.0,0.0,0.0,0.0,0.0,0.0,0.0,0.0,0.0,0.0,0.0,0.0,0.0,,,0.0,0.0,0.0,0.0,Hunter Brown,25880,686613
Bryan King,HOU,60.0,0.0,0.0,0.0,0.0,0.0,0.0,0.0,0.0,0.0,0.0,0.0,0.0,0.0,,,0.0,0.0,0.0,0.0,Bryan King,25890,687911
Yennier Cano,BAL,68.0,0.0,0.0,0.0,0.0,0.0,0.0,0.0,0.0,0.0,0.0,0.0,0.0,0.0,,,0.0,0.0,0.0,0.0,Yennier Cano,25911,666974
Casey Legumina,- - -,55.0,0.0,0.0,0.0,0.0,0.0,0.0,0.0,0.0,0.0,0.0,0.0,0.0,0.0,,,0.0,0.0,0.0,0.0,Casey Legumina,25921,668984
Andrew Nardi,MIA,25.0,0.0,0.0,0.0,0.0,0.0,0.0,0.0,0.0,0.0,0.0,0.0,0.0,0.0,,,0.0,0.0,0.0,0.0,Andrew Nardi,25942,677053
Josh Simpson,SEA,8.0,0.0,0.0,0.0,0.0,0.0,0.0,0.0,0.0,0.0,0.0,0.0,0.0,0.0,,,0.0,0.0,0.0,0.0,Josh Simpson,25957,681006
Seth Johnson,- - -,28.0,0.0,0.0,0.0,0.0,0.0,0.0,0.0,0.0,0.0,0.0,0.0,0.0,0.0,,,0.0,0.0,0.0,0.0,Seth Johnson,26020,686751
Beau Brieske,DET,18.0,0.0,0.0,0.0,0.0,0.0,0.0,0.0,0.0,0.0,0.0,0.0,0.0,0.0,,,0.0,0.0,0.0,0.0,Beau Brieske,26079,689225
Bradley Hanner,NYY,5.0,0.0,0.0,0.0,0.0,0.0,0.0,0.0,0.0,0.0,0.0,0.0,0.0,0.0,,,0.0,0.0,0.0,0.0,Bradley Hanner,26097,690440
Jack Ralston,MIA,16.0,0.0,0.0,0.0,0.0,0.0,0.0,0.0,0.0,0.0,0.0,0.0,0.0,0.0,,,0.0,0.0,0.0,0.0,Jack Ralston,26104,667652
Andre Pallante,STL,29.0,0.0,0.0,0.0,0.0,0.0,0.0,0.0,0.0,0.0,0.0,0.0,0.0,0.0,,,0.0,0.0,0.0,0.0,Andre Pallante,26108,669467
Blas Castano,COL,15.0,0.0,0.0,0.0,0.0,0.0,0.0,0.0,0.0,0.0,0.0,0.0,0.0,0.0,,,0.0,0.0,0.0,0.0,Blas Castano,26117,680604
Josh Hendrickson,HOU,2.0,0.0,0.0,0.0,0.0,0.0,0.0,0.0,0.0,0.0,0.0,0.0,0.0,0.0,,,0.0,0.0,0.0,0.0,Josh Hendrickson,26163,681973
Kade Strowd,ARI,2.0,0.0,0.0,0.0,0.0,0.0,0.0,0.0,0.0,0.0,0.0,0.0,0.0,0.0,,,0.0,0.0,0.0,0.0,Kade Strowd,26191,669704
Caleb Kilian,- - -,49.0,0.0,0.0,0.0,0.0,0.0,0.0,0.0,0.0,0.0,0.0,0.0,0.0,0.0,,,0.0,0.0,0.0,0.0,Caleb Kilian,26213,668873
Chris Murphy,CHW,33.0,0.0,0.0,0.0,0.0,0.0,0.0,0.0,0.0,0.0,0.0,0.0,0.0,0.0,,,0.0,0.0,0.0,0.0,Chris Murphy,26214,669684
Jackson Rutledge,WSN,1.0,0.0,0.0,0.0,0.0,0.0,0.0,0.0,0.0,0.0,0.0,0.0,0.0,0.0,,,0.0,0.0,0.0,0.0,Jackson Rutledge,26215,671131
Alec Gamboa,BOS,21.0,0.0,0.0,0.0,0.0,0.0,0.0,0.0,0.0,0.0,0.0,0.0,0.0,0.0,,,0.0,0.0,0.0,0.0,Alec Gamboa,26227,687941
Tyler Holton,DET,67.0,0.0,0.0,0.0,0.0,0.0,0.0,0.0,0.0,0.0,0.0,0.0,0.0,0.0,,,0.0,0.0,0.0,0.0,Tyler Holton,26231,663947
Orlando Ribalta,WSN,45.0,0.0,0.0,0.0,0.0,0.0,0.0,0.0,0.0,0.0,0.0,0.0,0.0,0.0,,,0.0,0.0,0.0,0.0,Orlando Ribalta,26247,687377
Erik Miller,- - -,57.0,0.0,0.0,0.0,0.0,0.0,0.0,0.0,0.0,0.0,0.0,0.0,0.0,0.0,,,0.0,0.0,0.0,0.0,Erik Miller,26252,669062
Ryne Nelson,ARI,19.0,0.0,0.0,0.0,0.0,0.0,0.0,0.0,0.0,0.0,0.0,0.0,0.0,0.0,,,0.0,0.0,0.0,0.0,Ryne Nelson,26253,669194
Joey Estes,ATH,2.0,0.0,0.0,0.0,0.0,0.0,0.0,0.0,0.0,0.0,0.0,0.0,0.0,0.0,,,0.0,0.0,0.0,0.0,Joey Estes,26257,683155
Hunter Bigge,TBR,18.0,0.0,0.0,0.0,0.0,0.0,0.0,0.0,0.0,0.0,0.0,0.0,0.0,0.0,,,0.0,0.0,0.0,0.0,Hunter Bigge,26259,685801
Drey Jameson,ARI,12.0,0.0,0.0,0.0,0.0,0.0,0.0,0.0,0.0,0.0,0.0,0.0,0.0,0.0,,,0.0,0.0,0.0,0.0,Drey Jameson,26260,686753
Blake Walston,ARI,2.0,0.0,0.0,0.0,0.0,0.0,0.0,0.0,0.0,0.0,0.0,0.0,0.0,0.0,,,0.0,0.0,0.0,0.0,Blake Walston,26270,686796
Brendan Cellucci,TOR,6.0,0.0,0.0,0.0,0.0,0.0,0.0,0.0,0.0,0.0,0.0,0.0,0.0,0.0,,,0.0,0.0,0.0,0.0,Brendan Cellucci,26318,676454
Jack Weisenburger,NYM,7.0,0.0,0.0,0.0,0.0,0.0,0.0,0.0,0.0,0.0,0.0,0.0,0.0,0.0,,,0.0,0.0,0.0,0.0,Jack Weisenburger,26333,674073
Taylor Rashi,- - -,4.0,0.0,0.0,0.0,0.0,0.0,0.0,0.0,0.0,0.0,0.0,0.0,0.0,0.0,,,0.0,0.0,0.0,0.0,Taylor Rashi,26344,688497
Gavin Collyer,TEX,24.0,0.0,0.0,0.0,0.0,0.0,0.0,0.0,0.0,0.0,0.0,0.0,0.0,0.0,,,0.0,0.0,0.0,0.0,Gavin Collyer,26349,686560
Nick Lodolo,CIN,21.0,0.0,0.0,0.0,0.0,0.0,0.0,0.0,0.0,0.0,0.0,0.0,0.0,0.0,,,0.0,0.0,0.0,0.0,Nick Lodolo,26378,666157
DJ Herz,WSN,2.0,0.0,0.0,0.0,0.0,0.0,0.0,0.0,0.0,0.0,0.0,0.0,0.0,0.0,,,0.0,0.0,0.0,0.0,DJ Herz,26389,687792
Ben Peoples,TEX,16.0,0.0,0.0,0.0,0.0,0.0,0.0,0.0,0.0,0.0,0.0,0.0,0.0,0.0,,,0.0,0.0,0.0,0.0,Ben Peoples,26406,687239
Alek Manoah,LAA,3.0,0.0,0.0,0.0,0.0,0.0,0.0,0.0,0.0,0.0,0.0,0.0,0.0,0.0,,,0.0,0.0,0.0,0.0,Alek Manoah,26410,666201
Bradley Blalock,MIA,4.0,0.0,0.0,0.0,0.0,0.0,0.0,0.0,0.0,0.0,0.0,0.0,0.0,0.0,,,0.0,0.0,0.0,0.0,Bradley Blalock,26419,687134
Cody Laweryson,MIN,15.0,0.0,0.0,0.0,0.0,0.0,0.0,0.0,0.0,0.0,0.0,0.0,0.0,0.0,,,0.0,0.0,0.0,0.0,Cody Laweryson,26429,689520
Ryan Gusto,MIA,23.0,0.0,0.0,0.0,0.0,0.0,0.0,0.0,0.0,0.0,0.0,0.0,0.0,0.0,,,0.0,0.0,0.0,0.0,Ryan Gusto,26440,687473
Sam Aldegheri,LAA,9.0,0.0,0.0,0.0,0.0,0.0,0.0,0.0,0.0,0.0,0.0,0.0,0.0,0.0,,,0.0,0.0,0.0,0.0,Sam Aldegheri,26443,691951
Trevor McDonald,SFG,14.0,0.0,0.0,0.0,0.0,0.0,0.0,0.0,0.0,0.0,0.0,0.0,0.0,0.0,,,0.0,0.0,0.0,0.0,Trevor McDonald,26448,686790
Jayden Murray,- - -,10.0,0.0,0.0,0.0,0.0,0.0,0.0,0.0,0.0,0.0,0.0,0.0,0.0,0.0,,,0.0,0.0,0.0,0.0,Jayden Murray,26482,681151
Alexander Cornielle,NYY,1.0,0.0,0.0,0.0,0.0,0.0,0.0,0.0,0.0,0.0,0.0,0.0,0.0,0.0,,,0.0,0.0,0.0,0.0,Alexander Cornielle,26489,529017
Angel Chivilli,NYY,15.0,0.0,0.0,0.0,0.0,0.0,0.0,0.0,0.0,0.0,0.0,0.0,0.0,0.0,,,0.0,0.0,0.0,0.0,Angel Chivilli,26790,683409
Edgardo Henriquez,LAD,61.0,0.0,0.0,0.0,0.0,0.0,0.0,0.0,0.0,0.0,0.0,0.0,0.0,0.0,,,0.0,0.0,0.0,0.0,Edgardo Henriquez,26944,683618
Anthony Molina,- - -,9.0,0.0,0.0,0.0,0.0,0.0,0.0,0.0,0.0,0.0,0.0,0.0,0.0,0.0,,,0.0,0.0,0.0,0.0,Anthony Molina,26952,683627
Jose Franco,CIN,10.0,0.0,0.0,0.0,0.0,0.0,0.0,0.0,0.0,0.0,0.0,0.0,0.0,0.0,,,0.0,0.0,0.0,0.0,Jose Franco,27014,683742
Hancel Rincon,STL,3.0,0.0,0.0,0.0,0.0,0.0,0.0,0.0,0.0,0.0,0.0,0.0,0.0,0.0,,,0.0,0.0,0.0,0.0,Hancel Rincon,27144,684516
Juan Burgos,ARI,4.0,0.0,0.0,0.0,0.0,0.0,0.0,0.0,0.0,0.0,0.0,0.0,0.0,0.0,,,0.0,0.0,0.0,0.0,Juan Burgos,27271,686228
Rolddy Munoz,ATL,1.0,0.0,0.0,0.0,0.0,0.0,0.0,0.0,0.0,0.0,0.0,0.0,0.0,0.0,,,0.0,0.0,0.0,0.0,Rolddy Munoz,27407,691548
Garrett Crochet,BOS,6.0,0.0,0.0,0.0,0.0,0.0,0.0,0.0,0.0,0.0,0.0,0.0,0.0,0.0,,,0.0,0.0,0.0,0.0,Garrett Crochet,27463,676979
Reid Detmers,LAA,32.0,0.0,0.0,0.0,0.0,0.0,0.0,0.0,0.0,0.0,0.0,0.0,0.0,0.0,,,0.0,0.0,0.0,0.0,Reid Detmers,27468,672282
Emerson Hancock,SEA,25.0,0.0,0.0,0.0,0.0,0.0,0.0,0.0,0.0,0.0,0.0,0.0,0.0,0.0,,,0.0,0.0,0.0,0.0,Emerson Hancock,27470,676106
Jared Shuster,STL,5.0,0.0,0.0,0.0,0.0,0.0,0.0,0.0,0.0,0.0,0.0,0.0,0.0,0.0,,,0.0,0.0,0.0,0.0,Jared Shuster,27472,694363
Cade Cavalli,WSN,32.0,0.0,0.0,0.0,0.0,0.0,0.0,0.0,0.0,0.0,0.0,0.0,0.0,0.0,,,0.0,0.0,0.0,0.0,Cade Cavalli,27473,676917
Max Meyer,MIA,20.0,0.0,0.0,0.0,0.0,0.0,0.0,0.0,0.0,0.0,0.0,0.0,0.0,0.0,,,0.0,0.0,0.0,0.0,Max Meyer,27474,676974
Cole Wilcox,SEA,23.0,0.0,0.0,0.0,0.0,0.0,0.0,0.0,0.0,0.0,0.0,0.0,0.0,0.0,,,0.0,0.0,0.0,0.0,Cole Wilcox,27481,677961
Bobby Miller,LAD,3.0,0.0,0.0,0.0,0.0,0.0,0.0,0.0,0.0,0.0,0.0,0.0,0.0,0.0,,,0.0,0.0,0.0,0.0,Bobby Miller,27483,676272
Garrett Stallings,MIL,6.0,0.0,0.0,0.0,0.0,0.0,0.0,0.0,0.0,0.0,0.0,0.0,0.0,0.0,,,0.0,0.0,0.0,0.0,Garrett Stallings,27485,668831
Landon Knack,LAD,4.0,0.0,0.0,0.0,0.0,0.0,0.0,0.0,0.0,0.0,0.0,0.0,0.0,0.0,,,0.0,0.0,0.0,0.0,Landon Knack,27487,689017
Clayton Beeter,WSN,50.0,0.0,0.0,0.0,0.0,0.0,0.0,0.0,0.0,0.0,0.0,0.0,0.0,0.0,,,0.0,0.0,0.0,0.0,Clayton Beeter,27494,690925
Spencer Strider,ATL,8.0,0.0,0.0,0.0,0.0,0.0,0.0,0.0,0.0,0.0,0.0,0.0,0.0,0.0,,,0.0,0.0,0.0,0.0,Spencer Strider,27498,675911
Slade Cecconi,CLE,28.0,0.0,0.0,0.0,0.0,0.0,0.0,0.0,0.0,0.0,0.0,0.0,0.0,0.0,,,0.0,0.0,0.0,0.0,Slade Cecconi,27500,677944
Kyle Hurt,LAD,44.0,0.0,0.0,0.0,0.0,0.0,0.0,0.0,0.0,0.0,0.0,0.0,0.0,0.0,,,0.0,0.0,0.0,0.0,Kyle Hurt,27514,669165
Jared Koenig,MIL,9.0,0.0,0.0,0.0,0.0,0.0,0.0,0.0,0.0,0.0,0.0,0.0,0.0,0.0,,,0.0,0.0,0.0,0.0,Jared Koenig,27517,657649
Graham Ashcraft,CIN,35.0,0.0,0.0,0.0,0.0,0.0,0.0,0.0,0.0,0.0,0.0,0.0,0.0,0.0,,,0.0,0.0,0.0,0.0,Graham Ashcraft,27552,668933
TJ Shook,COL,5.0,0.0,0.0,0.0,0.0,0.0,0.0,0.0,0.0,0.0,0.0,0.0,0.0,0.0,,,0.0,0.0,0.0,0.0,TJ Shook,27567,669298
CJ Van Eyk,TOR,5.0,0.0,0.0,0.0,0.0,0.0,0.0,0.0,0.0,0.0,0.0,0.0,0.0,0.0,,,0.0,0.0,0.0,0.0,CJ Van Eyk,27568,669310
Cole Henry,WSN,11.0,0.0,0.0,0.0,0.0,0.0,0.0,0.0,0.0,0.0,0.0,0.0,0.0,0.0,,,0.0,0.0,0.0,0.0,Cole Henry,27570,669371
Carmen Mlodzinski,PIT,37.0,0.0,0.0,0.0,0.0,0.0,0.0,0.0,0.0,0.0,0.0,0.0,0.0,0.0,,,0.0,0.0,0.0,0.0,Carmen Mlodzinski,27572,669387
Hayden Wesneski,HOU,11.0,0.0,0.0,0.0,0.0,0.0,0.0,0.0,0.0,0.0,0.0,0.0,0.0,0.0,,,0.0,0.0,0.0,0.0,Hayden Wesneski,27581,669713
Garrett Acton,MIN,7.0,0.0,0.0,0.0,0.0,0.0,0.0,0.0,0.0,0.0,0.0,0.0,0.0,0.0,,,0.0,0.0,0.0,0.0,Garrett Acton,27583,670183
Logan Allen,CLE,7.0,0.0,0.0,0.0,0.0,0.0,0.0,0.0,0.0,0.0,0.0,0.0,0.0,0.0,,,0.0,0.0,0.0,0.0,Logan Allen,27589,671106
Jake Eder,LAD,4.0,0.0,0.0,0.0,0.0,0.0,0.0,0.0,0.0,0.0,0.0,0.0,0.0,0.0,,,0.0,0.0,0.0,0.0,Jake Eder,27590,671109
Cody Bradford,TEX,10.0,0.0,0.0,0.0,0.0,0.0,0.0,0.0,0.0,0.0,0.0,0.0,0.0,0.0,,,0.0,0.0,0.0,0.0,Cody Bradford,27597,674003
Jeff Criswell,COL,3.0,0.0,0.0,0.0,0.0,0.0,0.0,0.0,0.0,0.0,0.0,0.0,0.0,0.0,,,0.0,0.0,0.0,0.0,Jeff Criswell,27608,676105
Eric Orze,MIN,36.0,0.0,0.0,0.0,0.0,0.0,0.0,0.0,0.0,0.0,0.0,0.0,0.0,0.0,,,0.0,0.0,0.0,0.0,Eric Orze,27626,679358
Mitchell Parker,WSN,22.0,0.0,0.0,0.0,0.0,0.0,0.0,0.0,0.0,0.0,0.0,0.0,0.0,0.0,,,0.0,0.0,0.0,0.0,Mitchell Parker,27636,680730
Connor Phillips,CIN,27.0,0.0,0.0,0.0,0.0,0.0,0.0,0.0,0.0,0.0,0.0,0.0,0.0,0.0,,,0.0,0.0,0.0,0.0,Connor Phillips,27649,683175
Christian Roa,HOU,7.0,0.0,0.0,0.0,0.0,0.0,0.0,0.0,0.0,0.0,0.0,0.0,0.0,0.0,,,0.0,0.0,0.0,0.0,Christian Roa,27662,685005
Zach McCambley,CIN,11.0,0.0,0.0,0.0,0.0,0.0,0.0,0.0,0.0,0.0,0.0,0.0,0.0,0.0,,,0.0,0.0,0.0,0.0,Zach McCambley,27666,685112
Brandon Eisert,- - -,40.0,0.0,0.0,0.0,0.0,0.0,0.0,0.0,0.0,0.0,0.0,0.0,0.0,0.0,,,0.0,0.0,0.0,0.0,Brandon Eisert,27668,685126
Tanner Gordon,COL,24.0,0.0,0.0,0.0,0.0,0.0,0.0,0.0,0.0,0.0,0.0,0.0,0.0,0.0,,,0.0,0.0,0.0,0.0,Tanner Gordon,27669,685299
Ken Waldichuk,WSN,5.0,0.0,0.0,0.0,0.0,0.0,0.0,0.0,0.0,0.0,0.0,0.0,0.0,0.0,,,0.0,0.0,0.0,0.0,Ken Waldichuk,27681,686610
Carson Spiers,CIN,2.0,0.0,0.0,0.0,0.0,0.0,0.0,0.0,0.0,0.0,0.0,0.0,0.0,0.0,,,0.0,0.0,0.0,0.0,Carson Spiers,27685,686730
Jack Kochanowicz,LAA,13.0,0.0,0.0,0.0,0.0,0.0,0.0,0.0,0.0,0.0,0.0,0.0,0.0,0.0,,,0.0,0.0,0.0,0.0,Jack Kochanowicz,27688,686799
Louie Varland,TOR,71.0,0.0,0.0,0.0,0.0,0.0,0.0,0.0,0.0,0.0,0.0,0.0,0.0,0.0,,,0.0,0.0,0.0,0.0,Louie Varland,27691,686973
Justin Sterner,ATH,46.0,0.0,0.0,0.0,0.0,0.0,0.0,0.0,0.0,0.0,0.0,0.0,0.0,0.0,,,0.0,0.0,0.0,0.0,Justin Sterner,27694,686993
Brent Headrick,NYY,81.0,0.0,0.0,0.0,0.0,0.0,0.0,0.0,0.0,0.0,0.0,0.0,0.0,0.0,,,0.0,0.0,0.0,0.0,Brent Headrick,27702,687396
Mitch Spence,KCR,3.0,0.0,0.0,0.0,0.0,0.0,0.0,0.0,0.0,0.0,0.0,0.0,0.0,0.0,,,0.0,0.0,0.0,0.0,Mitch Spence,27707,687765
Nick Davila,SEA,24.0,0.0,0.0,0.0,0.0,0.0,0.0,0.0,0.0,0.0,0.0,0.0,0.0,0.0,,,0.0,0.0,0.0,0.0,Nick Davila,27741,689546
Mick Abel,MIN,4.0,0.0,0.0,0.0,0.0,0.0,0.0,0.0,0.0,0.0,0.0,0.0,0.0,0.0,,,0.0,0.0,0.0,0.0,Mick Abel,27756,690953
Dax Fulton,MIA,16.0,0.0,0.0,0.0,0.0,0.0,0.0,0.0,0.0,0.0,0.0,0.0,0.0,0.0,,,0.0,0.0,0.0,0.0,Dax Fulton,27757,690978
Kyle Harrison,MIL,28.0,0.0,0.0,0.0,0.0,0.0,0.0,0.0,0.0,0.0,0.0,0.0,0.0,0.0,,,0.0,0.0,0.0,0.0,Kyle Harrison,27758,690986
Eury Perez,MIA,30.0,0.0,0.0,0.0,0.0,0.0,0.0,0.0,0.0,0.0,0.0,0.0,0.0,0.0,,,0.0,0.0,0.0,0.0,Eury Perez,27768,691587
Kyle Nicolas,CIN,7.0,0.0,0.0,0.0,0.0,0.0,0.0,0.0,0.0,0.0,0.0,0.0,0.0,0.0,,,0.0,0.0,0.0,0.0,Kyle Nicolas,27775,693312
Bryce Elder,ATL,26.0,0.0,0.0,0.0,0.0,0.0,0.0,0.0,0.0,0.0,0.0,0.0,0.0,0.0,,,0.0,0.0,0.0,0.0,Bryce Elder,27779,693821
Brandon Pfaadt,ARI,29.0,0.0,0.0,0.0,0.0,0.0,0.0,0.0,0.0,0.0,0.0,0.0,0.0,0.0,,,0.0,0.0,0.0,0.0,Brandon Pfaadt,27782,694297
Zach Brzykcy,MIA,2.0,0.0,0.0,0.0,0.0,0.0,0.0,0.0,0.0,0.0,0.0,0.0,0.0,0.0,,,0.0,0.0,0.0,0.0,Zach Brzykcy,27783,694350
Will Klein,LAD,36.0,0.0,0.0,0.0,0.0,0.0,0.0,0.0,0.0,0.0,0.0,0.0,0.0,0.0,,,0.0,0.0,0.0,0.0,Will Klein,27787,694361
Braxton Roxby,SFG,4.0,0.0,0.0,0.0,0.0,0.0,0.0,0.0,0.0,0.0,0.0,0.0,0.0,0.0,,,0.0,0.0,0.0,0.0,Braxton Roxby,27793,694820
Shane Drohan,MIL,33.0,0.0,0.0,0.0,0.0,0.0,0.0,0.0,0.0,0.0,0.0,0.0,0.0,0.0,,,0.0,0.0,0.0,0.0,Shane Drohan,27814,675660
Brandon Young,BAL,28.0,0.0,0.0,0.0,0.0,0.0,0.0,0.0,0.0,0.0,0.0,0.0,0.0,0.0,,,0.0,0.0,0.0,0.0,Brandon Young,27819,687064
Ryan Watson,- - -,53.0,0.0,0.0,0.0,0.0,0.0,0.0,0.0,0.0,0.0,0.0,0.0,0.0,0.0,,,0.0,0.0,0.0,0.0,Ryan Watson,27853,670245
Nick Frasso,COL,20.0,0.0,0.0,0.0,0.0,0.0,0.0,0.0,0.0,0.0,0.0,0.0,0.0,0.0,,,0.0,0.0,0.0,0.0,Nick Frasso,27861,693308
Jared Jones,PIT,21.0,0.0,0.0,0.0,0.0,0.0,0.0,0.0,0.0,0.0,0.0,0.0,0.0,0.0,,,0.0,0.0,0.0,0.0,Jared Jones,27863,683003
Cade Smith,CLE,69.0,0.0,0.0,0.0,0.0,0.0,0.0,0.0,0.0,0.0,0.0,0.0,0.0,0.0,,,0.0,0.0,0.0,0.0,Cade Smith,27867,671922
Beck Way,KCR,19.0,0.0,0.0,0.0,0.0,0.0,0.0,0.0,0.0,0.0,0.0,0.0,0.0,0.0,,,0.0,0.0,0.0,0.0,Beck Way,27877,694360
J.T. Ginn,ATH,27.0,0.0,0.0,0.0,0.0,0.0,0.0,0.0,0.0,0.0,0.0,0.0,0.0,0.0,,,0.0,0.0,0.0,0.0,J.T. Ginn,27889,669372
Jefry Yan,NYM,18.0,0.0,0.0,0.0,0.0,0.0,0.0,0.0,0.0,0.0,0.0,0.0,0.0,0.0,,,0.0,0.0,0.0,0.0,Jefry Yan,27902,642376
Noah Murdock,PIT,3.0,0.0,0.0,0.0,0.0,0.0,0.0,0.0,0.0,0.0,0.0,0.0,0.0,0.0,,,0.0,0.0,0.0,0.0,Noah Murdock,27908,668716
Daniel Palencia,CHC,32.0,0.0,0.0,0.0,0.0,0.0,0.0,0.0,0.0,0.0,0.0,0.0,0.0,0.0,,,0.0,0.0,0.0,0.0,Daniel Palencia,27914,694037
Coleman Crow,MIL,5.0,0.0,0.0,0.0,0.0,0.0,0.0,0.0,0.0,0.0,0.0,0.0,0.0,0.0,,,0.0,0.0,0.0,0.0,Coleman Crow,27926,689441
Ian Seymour,TBR,47.0,0.0,0.0,0.0,0.0,0.0,0.0,0.0,0.0,0.0,0.0,0.0,0.0,0.0,,,0.0,0.0,0.0,0.0,Ian Seymour,27932,693855
Jose Corniell,TEX,2.0,0.0,0.0,0.0,0.0,0.0,0.0,0.0,0.0,0.0,0.0,0.0,0.0,0.0,,,0.0,0.0,0.0,0.0,Jose Corniell,27984,692030
Emiliano Teodo,TEX,1.0,0.0,0.0,0.0,0.0,0.0,0.0,0.0,0.0,0.0,0.0,0.0,0.0,0.0,,,0.0,0.0,0.0,0.0,Emiliano Teodo,27999,693713
Luke Little,CHC,1.0,0.0,0.0,0.0,0.0,0.0,0.0,0.0,0.0,0.0,0.0,0.0,0.0,0.0,,,0.0,0.0,0.0,0.0,Luke Little,28036,681432
Eiberson Castellano,COL,1.0,0.0,0.0,0.0,0.0,0.0,0.0,0.0,0.0,0.0,0.0,0.0,0.0,0.0,,,0.0,0.0,0.0,0.0,Eiberson Castellano,28040,682769
Brandan Bidois,PIT,15.0,0.0,0.0,0.0,0.0,0.0,0.0,0.0,0.0,0.0,0.0,0.0,0.0,0.0,,,0.0,0.0,0.0,0.0,Brandan Bidois,28052,684049
Luis Perales,WSN,6.0,0.0,0.0,0.0,0.0,0.0,0.0,0.0,0.0,0.0,0.0,0.0,0.0,0.0,,,0.0,0.0,0.0,0.0,Luis Perales,28148,691384
Jose Rodriguez,TOR,4.0,0.0,0.0,0.0,0.0,0.0,0.0,0.0,0.0,0.0,0.0,0.0,0.0,0.0,,,0.0,0.0,0.0,0.0,Jose Rodriguez,28393,692064
Winston Santos,TEX,1.0,0.0,0.0,0.0,0.0,0.0,0.0,0.0,0.0,0.0,0.0,0.0,0.0,0.0,,,0.0,0.0,0.0,0.0,Winston Santos,28489,692437
Alimber Santa,HOU,10.0,0.0,0.0,0.0,0.0,0.0,0.0,0.0,0.0,0.0,0.0,0.0,0.0,0.0,,,0.0,0.0,0.0,0.0,Alimber Santa,28846,695001
Wilber Dotel,PIT,22.0,0.0,0.0,0.0,0.0,0.0,0.0,0.0,0.0,0.0,0.0,0.0,0.0,0.0,,,0.0,0.0,0.0,0.0,Wilber Dotel,28901,696062
Antwone Kelly,PIT,8.0,0.0,0.0,0.0,0.0,0.0,0.0,0.0,0.0,0.0,0.0,0.0,0.0,0.0,,,0.0,0.0,0.0,0.0,Antwone Kelly,29000,699008
Miguel Ullola,HOU,11.0,0.0,0.0,0.0,0.0,0.0,0.0,0.0,0.0,0.0,0.0,0.0,0.0,0.0,,,0.0,0.0,0.0,0.0,Miguel Ullola,29036,699044
Bradgley Rodriguez,SDP,68.0,0.0,0.0,0.0,0.0,0.0,0.0,0.0,0.0,0.0,0.0,0.0,0.0,0.0,,,0.0,0.0,0.0,0.0,Bradgley Rodriguez,29107,699134
Jedixson Paez,- - -,5.0,0.0,0.0,0.0,0.0,0.0,0.0,0.0,0.0,0.0,0.0,0.0,0.0,0.0,,,0.0,0.0,0.0,0.0,Jedixson Paez,29114,699151
Yilber Diaz,- - -,5.0,0.0,0.0,0.0,0.0,0.0,0.0,0.0,0.0,0.0,0.0,0.0,0.0,0.0,,,0.0,0.0,0.0,0.0,Yilber Diaz,29271,700270
Welinton Herrera,COL,3.0,0.0,0.0,0.0,0.0,0.0,0.0,0.0,0.0,0.0,0.0,0.0,0.0,0.0,,,0.0,0.0,0.0,0.0,Welinton Herrera,29318,700327
Walbert Urena,LAA,29.0,0.0,0.0,0.0,0.0,0.0,0.0,0.0,0.0,0.0,0.0,0.0,0.0,0.0,,,0.0,0.0,0.0,0.0,Walbert Urena,29357,700712
Kendry Rojas,MIN,12.0,0.0,0.0,0.0,0.0,0.0,0.0,0.0,0.0,0.0,0.0,0.0,0.0,0.0,,,0.0,0.0,0.0,0.0,Kendry Rojas,29423,696070
River Ryan,DET,2.0,0.0,0.0,0.0,0.0,0.0,0.0,0.0,0.0,0.0,0.0,0.0,0.0,0.0,,,0.0,0.0,0.0,0.0,River Ryan,29514,689981
Gordon Graceffo,STL,62.0,0.0,0.0,0.0,0.0,0.0,0.0,0.0,0.0,0.0,0.0,0.0,0.0,0.0,,,0.0,0.0,0.0,0.0,Gordon Graceffo,29519,700669
Andre Granillo,WSN,8.0,0.0,0.0,0.0,0.0,0.0,0.0,0.0,0.0,0.0,0.0,0.0,0.0,0.0,,,0.0,0.0,0.0,0.0,Andre Granillo,29542,701552
Patrick Monteverde,MIA,1.0,0.0,0.0,0.0,0.0,0.0,0.0,0.0,0.0,0.0,0.0,0.0,0.0,0.0,,,0.0,0.0,0.0,0.0,Patrick Monteverde,29564,687287
Chase Lee,TOR,8.0,0.0,0.0,0.0,0.0,0.0,0.0,0.0,0.0,0.0,0.0,0.0,0.0,0.0,,,0.0,0.0,0.0,0.0,Chase Lee,29574,695445
Joe Boyle,TBR,4.0,0.0,0.0,0.0,0.0,0.0,0.0,0.0,0.0,0.0,0.0,0.0,0.0,0.0,,,0.0,0.0,0.0,0.0,Joe Boyle,29608,671212
Kyle Backhus,PHI,21.0,0.0,0.0,0.0,0.0,0.0,0.0,0.0,0.0,0.0,0.0,0.0,0.0,0.0,,,0.0,0.0,0.0,0.0,Kyle Backhus,29615,679775
Alek Jacob,SDP,3.0,0.0,0.0,0.0,0.0,0.0,0.0,0.0,0.0,0.0,0.0,0.0,0.0,0.0,,,0.0,0.0,0.0,0.0,Alek Jacob,29628,689690
Matt Svanson,STL,41.0,0.0,0.0,0.0,0.0,0.0,0.0,0.0,0.0,0.0,0.0,0.0,0.0,0.0,,,0.0,0.0,0.0,0.0,Matt Svanson,29629,694335
Andrew Hoffmann,ARI,8.0,0.0,0.0,0.0,0.0,0.0,0.0,0.0,0.0,0.0,0.0,0.0,0.0,0.0,,,0.0,0.0,0.0,0.0,Andrew Hoffmann,29633,694851
Hayden Juenger,- - -,15.0,0.0,0.0,0.0,0.0,0.0,0.0,0.0,0.0,0.0,0.0,0.0,0.0,0.0,,,0.0,0.0,0.0,0.0,Hayden Juenger,29640,696522
Sam Bachman,LAA,44.0,0.0,0.0,0.0,0.0,0.0,0.0,0.0,0.0,0.0,0.0,0.0,0.0,0.0,,,0.0,0.0,0.0,0.0,Sam Bachman,29754,696147
Mason Montgomery,PIT,70.0,0.0,0.0,0.0,0.0,0.0,0.0,0.0,0.0,0.0,0.0,0.0,0.0,0.0,,,0.0,0.0,0.0,0.0,Mason Montgomery,29770,682254
Robert Gasser,MIL,21.0,0.0,0.0,0.0,0.0,0.0,0.0,0.0,0.0,0.0,0.0,0.0,0.0,0.0,,,0.0,0.0,0.0,0.0,Robert Gasser,29812,688107
Brett Kerry,LAA,3.0,0.0,0.0,0.0,0.0,0.0,0.0,0.0,0.0,0.0,0.0,0.0,0.0,0.0,,,0.0,0.0,0.0,0.0,Brett Kerry,29826,695049
Bryce Miller,SEA,22.0,0.0,0.0,0.0,0.0,0.0,0.0,0.0,0.0,0.0,0.0,0.0,0.0,0.0,,,0.0,0.0,0.0,0.0,Bryce Miller,29837,682243
Emmet Sheehan,LAD,23.0,0.0,0.0,0.0,0.0,0.0,0.0,0.0,0.0,0.0,0.0,0.0,0.0,0.0,,,0.0,0.0,0.0,0.0,Emmet Sheehan,29839,686218
Chayce McDermott,- - -,5.0,0.0,0.0,0.0,0.0,0.0,0.0,0.0,0.0,0.0,0.0,0.0,0.0,0.0,,,0.0,0.0,0.0,0.0,Chayce McDermott,29866,694646
Bubba Chandler,PIT,31.0,0.0,0.0,0.0,0.0,0.0,0.0,0.0,0.0,0.0,0.0,0.0,0.0,0.0,,,0.0,0.0,0.0,0.0,Bubba Chandler,29868,696149
Michael McGreevy,STL,31.0,0.0,0.0,0.0,0.0,0.0,0.0,0.0,0.0,0.0,0.0,0.0,0.0,0.0,,,0.0,0.0,0.0,0.0,Michael McGreevy,29869,700241
Sean Burke,CHW,32.0,0.0,0.0,0.0,0.0,0.0,0.0,0.0,0.0,0.0,0.0,0.0,0.0,0.0,,,0.0,0.0,0.0,0.0,Sean Burke,29878,680732
Tanner McDougal,CHW,1.0,0.0,0.0,0.0,0.0,0.0,0.0,0.0,0.0,0.0,0.0,0.0,0.0,0.0,,,0.0,0.0,0.0,0.0,Tanner McDougal,29887,701780
Andrew Abbott,CIN,32.0,0.0,0.0,0.0,0.0,0.0,0.0,0.0,0.0,0.0,0.0,0.0,0.0,0.0,,,0.0,0.0,0.0,0.0,Andrew Abbott,29911,671096
Andrew Alvarez,WSN,25.0,0.0,0.0,0.0,0.0,0.0,0.0,0.0,0.0,0.0,0.0,0.0,0.0,0.0,,,0.0,0.0,0.0,0.0,Andrew Alvarez,29914,674841
Spencer Arrighetti,- - -,24.0,0.0,0.0,0.0,0.0,0.0,0.0,0.0,0.0,0.0,0.0,0.0,0.0,0.0,,,0.0,0.0,0.0,0.0,Spencer Arrighetti,29921,681293
Wyatt Olds,BOS,14.0,0.0,0.0,0.0,0.0,0.0,0.0,0.0,0.0,0.0,0.0,0.0,0.0,0.0,,,0.0,0.0,0.0,0.0,Wyatt Olds,29922,681544
Dylan Dodd,ATL,48.0,0.0,0.0,0.0,0.0,0.0,0.0,0.0,0.0,0.0,0.0,0.0,0.0,0.0,,,0.0,0.0,0.0,0.0,Dylan Dodd,29928,689266
Riley Martin,CHC,8.0,0.0,0.0,0.0,0.0,0.0,0.0,0.0,0.0,0.0,0.0,0.0,0.0,0.0,,,0.0,0.0,0.0,0.0,Riley Martin,29934,702303
Jack Sinclair,WSN,11.0,0.0,0.0,0.0,0.0,0.0,0.0,0.0,0.0,0.0,0.0,0.0,0.0,0.0,,,0.0,0.0,0.0,0.0,Jack Sinclair,29945,695378
Jordan Leasure,CHW,18.0,0.0,0.0,0.0,0.0,0.0,0.0,0.0,0.0,0.0,0.0,0.0,0.0,0.0,,,0.0,0.0,0.0,0.0,Jordan Leasure,29950,673929
Luke Murphy,LAA,22.0,0.0,0.0,0.0,0.0,0.0,0.0,0.0,0.0,0.0,0.0,0.0,0.0,0.0,,,0.0,0.0,0.0,0.0,Luke Murphy,29952,684665
AJ Smith-Shawver,ATL,9.0,0.0,0.0,0.0,0.0,0.0,0.0,0.0,0.0,0.0,0.0,0.0,0.0,0.0,,,0.0,0.0,0.0,0.0,AJ Smith-Shawver,29960,700363
Tyler Uberstine,BOS,1.0,0.0,0.0,0.0,0.0,0.0,0.0,0.0,0.0,0.0,0.0,0.0,0.0,0.0,,,0.0,0.0,0.0,0.0,Tyler Uberstine,29961,700413
Grant Holman,PHI,1.0,0.0,0.0,0.0,0.0,0.0,0.0,0.0,0.0,0.0,0.0,0.0,0.0,0.0,,,0.0,0.0,0.0,0.0,Grant Holman,30002,680880
Mitch Bratt,ARI,10.0,0.0,0.0,0.0,0.0,0.0,0.0,0.0,0.0,0.0,0.0,0.0,0.0,0.0,,,0.0,0.0,0.0,0.0,Mitch Bratt,30003,683352
Joe Rock,- - -,5.0,0.0,0.0,0.0,0.0,0.0,0.0,0.0,0.0,0.0,0.0,0.0,0.0,0.0,,,0.0,0.0,0.0,0.0,Joe Rock,30016,697812
Julian Aguiar,CIN,1.0,0.0,0.0,0.0,0.0,0.0,0.0,0.0,0.0,0.0,0.0,0.0,0.0,0.0,,,0.0,0.0,0.0,0.0,Julian Aguiar,30031,687924
Cade Povich,BAL,8.0,0.0,0.0,0.0,0.0,0.0,0.0,0.0,0.0,0.0,0.0,0.0,0.0,0.0,,,0.0,0.0,0.0,0.0,Cade Povich,30055,700249
Will Dion,- - -,27.0,0.0,0.0,0.0,0.0,0.0,0.0,0.0,0.0,0.0,0.0,0.0,0.0,0.0,,,0.0,0.0,0.0,0.0,Will Dion,30061,702021
Seth Lonsway,SFG,2.0,0.0,0.0,0.0,0.0,0.0,0.0,0.0,0.0,0.0,0.0,0.0,0.0,0.0,,,0.0,0.0,0.0,0.0,Seth Lonsway,30064,675920
Chase Silseth,- - -,73.0,0.0,0.0,0.0,0.0,0.0,0.0,0.0,0.0,0.0,0.0,0.0,0.0,0.0,,,0.0,0.0,0.0,0.0,Chase Silseth,30074,681217
Landen Roupp,SFG,29.0,0.0,0.0,0.0,0.0,0.0,0.0,0.0,0.0,0.0,0.0,0.0,0.0,0.0,,,0.0,0.0,0.0,0.0,Landen Roupp,30076,694738
Tyler Samaniego,BOS,20.0,0.0,0.0,0.0,0.0,0.0,0.0,0.0,0.0,0.0,0.0,0.0,0.0,0.0,,,0.0,0.0,0.0,0.0,Tyler Samaniego,30081,701719
Carson Seymour,SFG,25.0,0.0,0.0,0.0,0.0,0.0,0.0,0.0,0.0,0.0,0.0,0.0,0.0,0.0,,,0.0,0.0,0.0,0.0,Carson Seymour,30084,693313
Ben Casparius,LAD,5.0,0.0,0.0,0.0,0.0,0.0,0.0,0.0,0.0,0.0,0.0,0.0,0.0,0.0,,,0.0,0.0,0.0,0.0,Ben Casparius,30085,676508
Jack Anderson,- - -,7.0,0.0,0.0,0.0,0.0,0.0,0.0,0.0,0.0,0.0,0.0,0.0,0.0,0.0,,,0.0,0.0,0.0,0.0,Jack Anderson,30086,681252
Andrew Painter,PHI,25.0,0.0,0.0,0.0,0.0,0.0,0.0,0.0,0.0,0.0,0.0,0.0,0.0,0.0,,,0.0,0.0,0.0,0.0,Andrew Painter,30091,691725
Jordan Wicks,CHC,4.0,0.0,0.0,0.0,0.0,0.0,0.0,0.0,0.0,0.0,0.0,0.0,0.0,0.0,,,0.0,0.0,0.0,0.0,Jordan Wicks,30094,696136
Christian Scott,NYM,23.0,0.0,0.0,0.0,0.0,0.0,0.0,0.0,0.0,0.0,0.0,0.0,0.0,0.0,,,0.0,0.0,0.0,0.0,Christian Scott,30107,681035
Nate Lavender,NYM,21.0,0.0,0.0,0.0,0.0,0.0,0.0,0.0,0.0,0.0,0.0,0.0,0.0,0.0,,,0.0,0.0,0.0,0.0,Nate Lavender,30109,681320
Chad Patrick,MIL,57.0,0.0,0.0,0.0,0.0,0.0,0.0,0.0,0.0,0.0,0.0,0.0,0.0,0.0,,,0.0,0.0,0.0,0.0,Chad Patrick,30113,694477
Robert Suarez,ATL,33.0,0.0,0.0,0.0,0.0,0.0,0.0,0.0,0.0,0.0,0.0,0.0,0.0,0.0,,,0.0,0.0,0.0,0.0,Robert Suarez,30115,663158
Gavin Williams,CLE,32.0,0.0,0.0,0.0,0.0,0.0,0.0,0.0,0.0,0.0,0.0,0.0,0.0,0.0,,,0.0,0.0,0.0,0.0,Gavin Williams,30122,668909
Eric Cerantola,KCR,4.0,0.0,0.0,0.0,0.0,0.0,0.0,0.0,0.0,0.0,0.0,0.0,0.0,0.0,,,0.0,0.0,0.0,0.0,Eric Cerantola,30128,672021
Brant Hurter,DET,29.0,0.0,0.0,0.0,0.0,0.0,0.0,0.0,0.0,0.0,0.0,0.0,0.0,0.0,,,0.0,0.0,0.0,0.0,Brant Hurter,30133,676428
Tanner Bibee,CLE,33.0,0.0,0.0,0.0,0.0,0.0,0.0,0.0,0.0,0.0,0.0,0.0,0.0,0.0,,,0.0,0.0,0.0,0.0,Tanner Bibee,30134,676440
Ty Madden,DET,20.0,0.0,0.0,0.0,0.0,0.0,0.0,0.0,0.0,0.0,0.0,0.0,0.0,0.0,,,0.0,0.0,0.0,0.0,Ty Madden,30140,680744
Doug Nikhazy,CHW,1.0,0.0,0.0,0.0,0.0,0.0,0.0,0.0,0.0,0.0,0.0,0.0,0.0,0.0,,,0.0,0.0,0.0,0.0,Doug Nikhazy,30142,680951
Dylan Smith,SFG,42.0,0.0,0.0,0.0,0.0,0.0,0.0,0.0,0.0,0.0,0.0,0.0,0.0,0.0,,,0.0,0.0,0.0,0.0,Dylan Smith,30145,681916
Jack Leiter,TEX,15.0,0.0,0.0,0.0,0.0,0.0,0.0,0.0,0.0,0.0,0.0,0.0,0.0,0.0,,,0.0,0.0,0.0,0.0,Jack Leiter,30146,683004
Chad Dallas,TOR,6.0,0.0,0.0,0.0,0.0,0.0,0.0,0.0,0.0,0.0,0.0,0.0,0.0,0.0,,,0.0,0.0,0.0,0.0,Chad Dallas,30158,689149
Carlos Rodriguez,MIL,4.0,0.0,0.0,0.0,0.0,0.0,0.0,0.0,0.0,0.0,0.0,0.0,0.0,0.0,,,0.0,0.0,0.0,0.0,Carlos Rodriguez,30161,692230
Ricky Tiedemann,TOR,5.0,0.0,0.0,0.0,0.0,0.0,0.0,0.0,0.0,0.0,0.0,0.0,0.0,0.0,,,0.0,0.0,0.0,0.0,Ricky Tiedemann,30165,694357
Marco Raya,MIN,3.0,0.0,0.0,0.0,0.0,0.0,0.0,0.0,0.0,0.0,0.0,0.0,0.0,0.0,,,0.0,0.0,0.0,0.0,Marco Raya,30166,694397
Robby Ahlstrom,TEX,42.0,0.0,0.0,0.0,0.0,0.0,0.0,0.0,0.0,0.0,0.0,0.0,0.0,0.0,,,0.0,0.0,0.0,0.0,Robby Ahlstrom,30167,695239
Chase Petty,CIN,16.0,0.0,0.0,0.0,0.0,0.0,0.0,0.0,0.0,0.0,0.0,0.0,0.0,0.0,,,0.0,0.0,0.0,0.0,Chase Petty,30170,695534
Mason Black,KCR,17.0,0.0,0.0,0.0,0.0,0.0,0.0,0.0,0.0,0.0,0.0,0.0,0.0,0.0,,,0.0,0.0,0.0,0.0,Mason Black,30171,696131
Travis Adams,MIN,40.0,0.0,0.0,0.0,0.0,0.0,0.0,0.0,0.0,0.0,0.0,0.0,0.0,0.0,,,0.0,0.0,0.0,0.0,Travis Adams,30180,701519
Will Warren,NYY,32.0,0.0,0.0,0.0,0.0,0.0,0.0,0.0,0.0,0.0,0.0,0.0,0.0,0.0,,,0.0,0.0,0.0,0.0,Will Warren,30182,701542
Noah Cameron,KCR,31.0,0.0,0.0,0.0,0.0,0.0,0.0,0.0,0.0,0.0,0.0,0.0,0.0,0.0,,,0.0,0.0,0.0,0.0,Noah Cameron,30184,702070
Mike Paredes,MIN,9.0,0.0,0.0,0.0,0.0,0.0,0.0,0.0,0.0,0.0,0.0,0.0,0.0,0.0,,,0.0,0.0,0.0,0.0,Mike Paredes,30187,702474
Franco Aleman,CLE,21.0,0.0,0.0,0.0,0.0,0.0,0.0,0.0,0.0,0.0,0.0,0.0,0.0,0.0,,,0.0,0.0,0.0,0.0,Franco Aleman,30195,680916
Jackson Jobe,DET,9.0,0.0,0.0,0.0,0.0,0.0,0.0,0.0,0.0,0.0,0.0,0.0,0.0,0.0,,,0.0,0.0,0.0,0.0,Jackson Jobe,30203,695549
Spencer Bivens,- - -,6.0,0.0,0.0,0.0,0.0,0.0,0.0,0.0,0.0,0.0,0.0,0.0,0.0,0.0,,,0.0,0.0,0.0,0.0,Spencer Bivens,30226,702352
Carter Baumler,TEX,4.0,0.0,0.0,0.0,0.0,0.0,0.0,0.0,0.0,0.0,0.0,0.0,0.0,0.0,,,0.0,0.0,0.0,0.0,Carter Baumler,30231,691945
Hunter Dobbins,STL,11.0,0.0,0.0,0.0,0.0,0.0,0.0,0.0,0.0,0.0,0.0,0.0,0.0,0.0,,,0.0,0.0,0.0,0.0,Hunter Dobbins,30240,690928
Jack Dreyer,LAD,67.0,0.0,0.0,0.0,0.0,0.0,0.0,0.0,0.0,0.0,0.0,0.0,0.0,0.0,,,0.0,0.0,0.0,0.0,Jack Dreyer,30249,676263
Jaden Hill,COL,46.0,0.0,0.0,0.0,0.0,0.0,0.0,0.0,0.0,0.0,0.0,0.0,0.0,0.0,,,0.0,0.0,0.0,0.0,Jaden Hill,30250,677955
Bryan Woo,SEA,30.0,0.0,0.0,0.0,0.0,0.0,0.0,0.0,0.0,0.0,0.0,0.0,0.0,0.0,,,0.0,0.0,0.0,0.0,Bryan Woo,30279,693433
Cesar Perdomo,SFG,5.0,0.0,0.0,0.0,0.0,0.0,0.0,0.0,0.0,0.0,0.0,0.0,0.0,0.0,,,0.0,0.0,0.0,0.0,Cesar Perdomo,30334,702885
Jose Cabrera,ARI,8.0,0.0,0.0,0.0,0.0,0.0,0.0,0.0,0.0,0.0,0.0,0.0,0.0,0.0,,,0.0,0.0,0.0,0.0,Jose Cabrera,30412,703615
Didier Fuentes,ATL,58.0,0.0,0.0,0.0,0.0,0.0,0.0,0.0,0.0,0.0,0.0,0.0,0.0,0.0,,,0.0,0.0,0.0,0.0,Didier Fuentes,30661,800311
Luis De Leon,BAL,8.0,0.0,0.0,0.0,0.0,0.0,0.0,0.0,0.0,0.0,0.0,0.0,0.0,0.0,,,0.0,0.0,0.0,0.0,Luis De Leon,30944,801725
Yunior Marte,SFG,5.0,0.0,0.0,0.0,0.0,0.0,0.0,0.0,0.0,0.0,0.0,0.0,0.0,0.0,,,0.0,0.0,0.0,0.0,Yunior Marte,31097,805074
Justin Wrobleski,LAD,28.0,0.0,0.0,0.0,0.0,0.0,0.0,0.0,0.0,0.0,0.0,0.0,0.0,0.0,,,0.0,0.0,0.0,0.0,Justin Wrobleski,31204,680736
Chris Roycroft,- - -,27.0,0.0,0.0,0.0,0.0,0.0,0.0,0.0,0.0,0.0,0.0,0.0,0.0,0.0,,,0.0,0.0,0.0,0.0,Chris Roycroft,31261,688297
Eduardo Rivera,BOS,4.0,0.0,0.0,0.0,0.0,0.0,0.0,0.0,0.0,0.0,0.0,0.0,0.0,0.0,,,0.0,0.0,0.0,0.0,Eduardo Rivera,31280,700842
Colton Gordon,- - -,5.0,0.0,0.0,0.0,0.0,0.0,0.0,0.0,0.0,0.0,0.0,0.0,0.0,0.0,,,0.0,0.0,0.0,0.0,Colton Gordon,31312,676467
Ben Joyce,LAA,16.0,0.0,0.0,0.0,0.0,0.0,0.0,0.0,0.0,0.0,0.0,0.0,0.0,0.0,,,0.0,0.0,0.0,0.0,Ben Joyce,31461,690829
Jack Perkins,ATH,37.0,0.0,0.0,0.0,0.0,0.0,0.0,0.0,0.0,0.0,0.0,0.0,0.0,0.0,,,0.0,0.0,0.0,0.0,Jack Perkins,31468,678022
Logan Henderson,MIL,18.0,0.0,0.0,0.0,0.0,0.0,0.0,0.0,0.0,0.0,0.0,0.0,0.0,0.0,,,0.0,0.0,0.0,0.0,Logan Henderson,31475,701656
Blake Adams,COL,1.0,0.0,0.0,0.0,0.0,0.0,0.0,0.0,0.0,0.0,0.0,0.0,0.0,0.0,,,0.0,0.0,0.0,0.0,Blake Adams,31492,687060
Zach Agnos,COL,41.0,0.0,0.0,0.0,0.0,0.0,0.0,0.0,0.0,0.0,0.0,0.0,0.0,0.0,,,0.0,0.0,0.0,0.0,Zach Agnos,31552,688642
Mason Fluharty,TOR,83.0,0.0,0.0,0.0,0.0,0.0,0.0,0.0,0.0,0.0,0.0,0.0,0.0,0.0,,,0.0,0.0,0.0,0.0,Mason Fluharty,31553,689254
Paul Gervase,LAD,4.0,0.0,0.0,0.0,0.0,0.0,0.0,0.0,0.0,0.0,0.0,0.0,0.0,0.0,,,0.0,0.0,0.0,0.0,Paul Gervase,31571,801434
Zach Maxwell,CIN,12.0,0.0,0.0,0.0,0.0,0.0,0.0,0.0,0.0,0.0,0.0,0.0,0.0,0.0,,,0.0,0.0,0.0,0.0,Zach Maxwell,31610,687209
Carson Palmquist,WSN,11.0,0.0,0.0,0.0,0.0,0.0,0.0,0.0,0.0,0.0,0.0,0.0,0.0,0.0,,,0.0,0.0,0.0,0.0,Carson Palmquist,31612,687223
Gabriel Hughes,COL,14.0,0.0,0.0,0.0,0.0,0.0,0.0,0.0,0.0,0.0,0.0,0.0,0.0,0.0,,,0.0,0.0,0.0,0.0,Gabriel Hughes,31614,687312
William Kempner,MIA,9.0,0.0,0.0,0.0,0.0,0.0,0.0,0.0,0.0,0.0,0.0,0.0,0.0,0.0,,,0.0,0.0,0.0,0.0,William Kempner,31615,687531
David Morgan,SDP,32.0,0.0,0.0,0.0,0.0,0.0,0.0,0.0,0.0,0.0,0.0,0.0,0.0,0.0,,,0.0,0.0,0.0,0.0,David Morgan,31616,688158
Spencer Miles,TOR,49.0,0.0,0.0,0.0,0.0,0.0,0.0,0.0,0.0,0.0,0.0,0.0,0.0,0.0,,,0.0,0.0,0.0,0.0,Spencer Miles,31621,693686
Jacob Misiorowski,MIL,30.0,0.0,0.0,0.0,0.0,0.0,0.0,0.0,0.0,0.0,0.0,0.0,0.0,0.0,,,0.0,0.0,0.0,0.0,Jacob Misiorowski,31623,694819
Brian Fitzpatrick,MIL,5.0,0.0,0.0,0.0,0.0,0.0,0.0,0.0,0.0,0.0,0.0,0.0,0.0,0.0,,,0.0,0.0,0.0,0.0,Brian Fitzpatrick,31624,702153
Mason Adams,COL,6.0,0.0,0.0,0.0,0.0,0.0,0.0,0.0,0.0,0.0,0.0,0.0,0.0,0.0,,,0.0,0.0,0.0,0.0,Mason Adams,31663,690279
Carson Whisenhunt,SFG,8.0,0.0,0.0,0.0,0.0,0.0,0.0,0.0,0.0,0.0,0.0,0.0,0.0,0.0,,,0.0,0.0,0.0,0.0,Carson Whisenhunt,31676,687931
Shane Smith,CHW,3.0,0.0,0.0,0.0,0.0,0.0,0.0,0.0,0.0,0.0,0.0,0.0,0.0,0.0,,,0.0,0.0,0.0,0.0,Shane Smith,31687,681343
Cameron Weston,BAL,1.0,0.0,0.0,0.0,0.0,0.0,0.0,0.0,0.0,0.0,0.0,0.0,0.0,0.0,,,0.0,0.0,0.0,0.0,Cameron Weston,31696,687721
Blade Tidwell,SFG,17.0,0.0,0.0,0.0,0.0,0.0,0.0,0.0,0.0,0.0,0.0,0.0,0.0,0.0,,,0.0,0.0,0.0,0.0,Blade Tidwell,31701,694918
Jonathan Cannon,CHW,2.0,0.0,0.0,0.0,0.0,0.0,0.0,0.0,0.0,0.0,0.0,0.0,0.0,0.0,,,0.0,0.0,0.0,0.0,Jonathan Cannon,31730,686563
Josh White,MIA,1.0,0.0,0.0,0.0,0.0,0.0,0.0,0.0,0.0,0.0,0.0,0.0,0.0,0.0,,,0.0,0.0,0.0,0.0,Josh White,31738,687985
Mason Barnett,ATH,20.0,0.0,0.0,0.0,0.0,0.0,0.0,0.0,0.0,0.0,0.0,0.0,0.0,0.0,,,0.0,0.0,0.0,0.0,Mason Barnett,31741,686930
David Sandlin,CHW,8.0,0.0,0.0,0.0,0.0,0.0,0.0,0.0,0.0,0.0,0.0,0.0,0.0,0.0,,,0.0,0.0,0.0,0.0,David Sandlin,31743,689818
Mason Miller,SDP,66.0,0.0,0.0,0.0,0.0,0.0,0.0,0.0,0.0,0.0,0.0,0.0,0.0,0.0,,,0.0,0.0,0.0,0.0,Mason Miller,31757,695243
JR Ritchie,ATL,17.0,0.0,0.0,0.0,0.0,0.0,0.0,0.0,0.0,0.0,0.0,0.0,0.0,0.0,,,0.0,0.0,0.0,0.0,JR Ritchie,31760,702275
Owen Murphy,ATL,5.0,0.0,0.0,0.0,0.0,0.0,0.0,0.0,0.0,0.0,0.0,0.0,0.0,0.0,,,0.0,0.0,0.0,0.0,Owen Murphy,31761,702566
A.J. Blubaugh,HOU,64.0,0.0,0.0,0.0,0.0,0.0,0.0,0.0,0.0,0.0,0.0,0.0,0.0,0.0,,,0.0,0.0,0.0,0.0,A.J. Blubaugh,31764,805123
Alex McFarlane,PHI,19.0,0.0,0.0,0.0,0.0,0.0,0.0,0.0,0.0,0.0,0.0,0.0,0.0,0.0,,,0.0,0.0,0.0,0.0,Alex McFarlane,31773,686934
Orion Kerkering,PHI,63.0,0.0,0.0,0.0,0.0,0.0,0.0,0.0,0.0,0.0,0.0,0.0,0.0,0.0,,,0.0,0.0,0.0,0.0,Orion Kerkering,31776,689147
Troy Melton,DET,20.0,0.0,0.0,0.0,0.0,0.0,0.0,0.0,0.0,0.0,0.0,0.0,0.0,0.0,,,0.0,0.0,0.0,0.0,Troy Melton,31807,675512
Blake Burkhalter,ATL,1.0,0.0,0.0,0.0,0.0,0.0,0.0,0.0,0.0,0.0,0.0,0.0,0.0,0.0,,,0.0,0.0,0.0,0.0,Blake Burkhalter,31809,686628
Elmer Rodriguez,NYY,6.0,0.0,0.0,0.0,0.0,0.0,0.0,0.0,0.0,0.0,0.0,0.0,0.0,0.0,,,0.0,0.0,0.0,0.0,Elmer Rodriguez,31811,695684
Cade Gibson,MIA,47.0,0.0,0.0,0.0,0.0,0.0,0.0,0.0,0.0,0.0,0.0,0.0,0.0,0.0,,,0.0,0.0,0.0,0.0,Cade Gibson,31815,806188
Zebby Matthews,MIN,23.0,0.0,0.0,0.0,0.0,0.0,0.0,0.0,0.0,0.0,0.0,0.0,0.0,0.0,,,0.0,0.0,0.0,0.0,Zebby Matthews,31827,805673
Kodai Senga,NYM,31.0,0.0,0.0,0.0,0.0,0.0,0.0,0.0,0.0,0.0,0.0,0.0,0.0,0.0,,,0.0,0.0,0.0,0.0,Kodai Senga,31838,673540
Kumar Rocker,TEX,30.0,0.0,0.0,0.0,0.0,0.0,0.0,0.0,0.0,0.0,0.0,0.0,0.0,0.0,,,0.0,0.0,0.0,0.0,Kumar Rocker,31843,677958
Cade Winquest,STL,11.0,0.0,0.0,0.0,0.0,0.0,0.0,0.0,0.0,0.0,0.0,0.0,0.0,0.0,,,0.0,0.0,0.0,0.0,Cade Winquest,31850,685464
Cooper Hjerpe,STL,4.0,0.0,0.0,0.0,0.0,0.0,0.0,0.0,0.0,0.0,0.0,0.0,0.0,0.0,,,0.0,0.0,0.0,0.0,Cooper Hjerpe,31853,687309
Connor Prielipp,MIN,24.0,0.0,0.0,0.0,0.0,0.0,0.0,0.0,0.0,0.0,0.0,0.0,0.0,0.0,,,0.0,0.0,0.0,0.0,Connor Prielipp,31857,687570
Peyton Pallette,CLE,16.0,0.0,0.0,0.0,0.0,0.0,0.0,0.0,0.0,0.0,0.0,0.0,0.0,0.0,,,0.0,0.0,0.0,0.0,Peyton Pallette,31865,688883
Matthew Pushard,STL,6.0,0.0,0.0,0.0,0.0,0.0,0.0,0.0,0.0,0.0,0.0,0.0,0.0,0.0,,,0.0,0.0,0.0,0.0,Matthew Pushard,31870,690155
Cade Horton,CHC,2.0,0.0,0.0,0.0,0.0,0.0,0.0,0.0,0.0,0.0,0.0,0.0,0.0,0.0,,,0.0,0.0,0.0,0.0,Cade Horton,31872,690990
Maxwel Rajcic,STL,6.0,0.0,0.0,0.0,0.0,0.0,0.0,0.0,0.0,0.0,0.0,0.0,0.0,0.0,,,0.0,0.0,0.0,0.0,Maxwel Rajcic,31873,691008
Trevor Martin,- - -,8.0,0.0,0.0,0.0,0.0,0.0,0.0,0.0,0.0,0.0,0.0,0.0,0.0,0.0,,,0.0,0.0,0.0,0.0,Trevor Martin,31878,694680
Alex Hoppe,- - -,42.0,0.0,0.0,0.0,0.0,0.0,0.0,0.0,0.0,0.0,0.0,0.0,0.0,0.0,,,0.0,0.0,0.0,0.0,Alex Hoppe,31880,695380
Troy Taylor,SEA,2.0,0.0,0.0,0.0,0.0,0.0,0.0,0.0,0.0,0.0,0.0,0.0,0.0,0.0,,,0.0,0.0,0.0,0.0,Troy Taylor,31883,700187
Logan VanWey,HOU,10.0,0.0,0.0,0.0,0.0,0.0,0.0,0.0,0.0,0.0,0.0,0.0,0.0,0.0,,,0.0,0.0,0.0,0.0,Logan VanWey,31884,701121
Duncan Davitt,- - -,6.0,0.0,0.0,0.0,0.0,0.0,0.0,0.0,0.0,0.0,0.0,0.0,0.0,0.0,,,0.0,0.0,0.0,0.0,Duncan Davitt,31886,701474
Andrew Morris,MIN,64.0,0.0,0.0,0.0,0.0,0.0,0.0,0.0,0.0,0.0,0.0,0.0,0.0,0.0,,,0.0,0.0,0.0,0.0,Andrew Morris,31891,702193
Robby Snelling,MIA,1.0,0.0,0.0,0.0,0.0,0.0,0.0,0.0,0.0,0.0,0.0,0.0,0.0,0.0,,,0.0,0.0,0.0,0.0,Robby Snelling,31893,702281
Brycen Mautz,STL,8.0,0.0,0.0,0.0,0.0,0.0,0.0,0.0,0.0,0.0,0.0,0.0,0.0,0.0,,,0.0,0.0,0.0,0.0,Brycen Mautz,31910,802408
Tyler Schweitzer,CHW,18.0,0.0,0.0,0.0,0.0,0.0,0.0,0.0,0.0,0.0,0.0,0.0,0.0,0.0,,,0.0,0.0,0.0,0.0,Tyler Schweitzer,31920,805326
Samuel Natera,LAA,28.0,0.0,0.0,0.0,0.0,0.0,0.0,0.0,0.0,0.0,0.0,0.0,0.0,0.0,,,0.0,0.0,0.0,0.0,Samuel Natera,31936,696519
Cameron Foster,BAL,6.0,0.0,0.0,0.0,0.0,0.0,0.0,0.0,0.0,0.0,0.0,0.0,0.0,0.0,,,0.0,0.0,0.0,0.0,Cameron Foster,31942,671382
Riley Cornelio,WSN,18.0,0.0,0.0,0.0,0.0,0.0,0.0,0.0,0.0,0.0,0.0,0.0,0.0,0.0,,,0.0,0.0,0.0,0.0,Riley Cornelio,31953,683000
Jake Bennett,BOS,20.0,0.0,0.0,0.0,0.0,0.0,0.0,0.0,0.0,0.0,0.0,0.0,0.0,0.0,,,0.0,0.0,0.0,0.0,Jake Bennett,31959,687562
Brad Lord,WSN,40.0,0.0,0.0,0.0,0.0,0.0,0.0,0.0,0.0,0.0,0.0,0.0,0.0,0.0,,,0.0,0.0,0.0,0.0,Brad Lord,31972,695418
Parker Messick,CLE,32.0,0.0,0.0,0.0,0.0,0.0,0.0,0.0,0.0,0.0,0.0,0.0,0.0,0.0,,,0.0,0.0,0.0,0.0,Parker Messick,31986,800048
Austin Peterson,CLE,2.0,0.0,0.0,0.0,0.0,0.0,0.0,0.0,0.0,0.0,0.0,0.0,0.0,0.0,,,0.0,0.0,0.0,0.0,Austin Peterson,31994,804926
Alex Cook,TBR,4.0,0.0,0.0,0.0,0.0,0.0,0.0,0.0,0.0,0.0,0.0,0.0,0.0,0.0,,,0.0,0.0,0.0,0.0,Alex Cook,32015,702047
Drew Sommers,DET,43.0,0.0,0.0,0.0,0.0,0.0,0.0,0.0,0.0,0.0,0.0,0.0,0.0,0.0,,,0.0,0.0,0.0,0.0,Drew Sommers,32026,805427
Noah Schultz,CHW,19.0,0.0,0.0,0.0,0.0,0.0,0.0,0.0,0.0,0.0,0.0,0.0,0.0,0.0,,,0.0,0.0,0.0,0.0,Noah Schultz,32056,702273
Erik Tolman,WSN,15.0,0.0,0.0,0.0,0.0,0.0,0.0,0.0,0.0,0.0,0.0,0.0,0.0,0.0,,,0.0,0.0,0.0,0.0,Erik Tolman,32065,680899
Kohl Drake,ARI,5.0,0.0,0.0,0.0,0.0,0.0,0.0,0.0,0.0,0.0,0.0,0.0,0.0,0.0,,,0.0,0.0,0.0,0.0,Kohl Drake,32070,684442
Cameron Schlittler,NYY,33.0,0.0,0.0,0.0,0.0,0.0,0.0,0.0,0.0,0.0,0.0,0.0,0.0,0.0,,,0.0,0.0,0.0,0.0,Cameron Schlittler,32095,693645
John Klein,- - -,4.0,0.0,0.0,0.0,0.0,0.0,0.0,0.0,0.0,0.0,0.0,0.0,0.0,0.0,,,0.0,0.0,0.0,0.0,John Klein,32155,804619
Jonah Tong,NYM,7.0,0.0,0.0,0.0,0.0,0.0,0.0,0.0,0.0,0.0,0.0,0.0,0.0,0.0,,,0.0,0.0,0.0,0.0,Jonah Tong,32157,804636
Luis Morales,ATH,5.0,0.0,0.0,0.0,0.0,0.0,0.0,0.0,0.0,0.0,0.0,0.0,0.0,0.0,,,0.0,0.0,0.0,0.0,Luis Morales,32227,806960
Yunior Tur,ATH,8.0,0.0,0.0,0.0,0.0,0.0,0.0,0.0,0.0,0.0,0.0,0.0,0.0,0.0,,,0.0,0.0,0.0,0.0,Yunior Tur,33026,814305
Luis Gastelum,STL,34.0,0.0,0.0,0.0,0.0,0.0,0.0,0.0,0.0,0.0,0.0,0.0,0.0,0.0,,,0.0,0.0,0.0,0.0,Luis Gastelum,33027,703725
Brendan Beck,NYY,4.0,0.0,0.0,0.0,0.0,0.0,0.0,0.0,0.0,0.0,0.0,0.0,0.0,0.0,,,0.0,0.0,0.0,0.0,Brendan Beck,33043,694341
Hunter Barco,PIT,7.0,0.0,0.0,0.0,0.0,0.0,0.0,0.0,0.0,0.0,0.0,0.0,0.0,0.0,,,0.0,0.0,0.0,0.0,Hunter Barco,33174,682995
Trenton Harris,SFG,22.0,0.0,0.0,0.0,0.0,0.0,0.0,0.0,0.0,0.0,0.0,0.0,0.0,0.0,,,0.0,0.0,0.0,0.0,Trenton Harris,33214,805345
Craig Yoho,- - -,34.0,0.0,0.0,0.0,0.0,0.0,0.0,0.0,0.0,0.0,0.0,0.0,0.0,0.0,,,0.0,0.0,0.0,0.0,Craig Yoho,33248,684974
Seth Halvorsen,- - -,32.0,0.0,0.0,0.0,0.0,0.0,0.0,0.0,0.0,0.0,0.0,0.0,0.0,0.0,,,0.0,0.0,0.0,0.0,Seth Halvorsen,33294,678020
Jared Simpson,WSN,4.0,0.0,0.0,0.0,0.0,0.0,0.0,0.0,0.0,0.0,0.0,0.0,0.0,0.0,,,0.0,0.0,0.0,0.0,Jared Simpson,33458,688692
George Klassen,LAA,6.0,0.0,0.0,0.0,0.0,0.0,0.0,0.0,0.0,0.0,0.0,0.0,0.0,0.0,,,0.0,0.0,0.0,0.0,George Klassen,33464,691946
Chase Dollander,COL,10.0,0.0,0.0,0.0,0.0,0.0,0.0,0.0,0.0,0.0,0.0,0.0,0.0,0.0,,,0.0,0.0,0.0,0.0,Chase Dollander,33482,801403
Sean Sullivan,COL,5.0,0.0,0.0,0.0,0.0,0.0,0.0,0.0,0.0,0.0,0.0,0.0,0.0,0.0,,,0.0,0.0,0.0,0.0,Sean Sullivan,33502,807743
Ethan Pecko,HOU,8.0,0.0,0.0,0.0,0.0,0.0,0.0,0.0,0.0,0.0,0.0,0.0,0.0,0.0,,,0.0,0.0,0.0,0.0,Ethan Pecko,33515,814490
Hurston Waldrep,ATL,3.0,0.0,0.0,0.0,0.0,0.0,0.0,0.0,0.0,0.0,0.0,0.0,0.0,0.0,,,0.0,0.0,0.0,0.0,Hurston Waldrep,33527,694462
Brandyn Garcia,ARI,57.0,0.0,0.0,0.0,0.0,0.0,0.0,0.0,0.0,0.0,0.0,0.0,0.0,0.0,,,0.0,0.0,0.0,0.0,Brandyn Garcia,33568,805299
Mark Manfredi,COL,14.0,0.0,0.0,0.0,0.0,0.0,0.0,0.0,0.0,0.0,0.0,0.0,0.0,0.0,,,0.0,0.0,0.0,0.0,Mark Manfredi,33603,815081
Mitch Farris,LAA,33.0,0.0,0.0,0.0,0.0,0.0,0.0,0.0,0.0,0.0,0.0,0.0,0.0,0.0,,,0.0,0.0,0.0,0.0,Mitch Farris,33628,815083
Andrew Sears,DET,6.0,0.0,0.0,0.0,0.0,0.0,0.0,0.0,0.0,0.0,0.0,0.0,0.0,0.0,,,0.0,0.0,0.0,0.0,Andrew Sears,33664,808825
Connelly Early,- - -,18.0,0.0,0.0,0.0,0.0,0.0,0.0,0.0,0.0,0.0,0.0,0.0,0.0,0.0,,,0.0,0.0,0.0,0.0,Connelly Early,33666,813349
Paul Skenes,PIT,32.0,0.0,0.0,0.0,0.0,0.0,0.0,0.0,0.0,0.0,0.0,0.0,0.0,0.0,,,0.0,0.0,0.0,0.0,Paul Skenes,33677,694973
Nolan McLean,NYM,31.0,0.0,0.0,0.0,0.0,0.0,0.0,0.0,0.0,0.0,0.0,0.0,0.0,0.0,,,0.0,0.0,0.0,0.0,Nolan McLean,33703,690997
Matthew Wilkinson,SFG,8.0,0.0,0.0,0.0,0.0,0.0,0.0,0.0,0.0,0.0,0.0,0.0,0.0,0.0,,,0.0,0.0,0.0,0.0,Matthew Wilkinson,33760,683363
Josh Ekness,MIA,30.0,0.0,0.0,0.0,0.0,0.0,0.0,0.0,0.0,0.0,0.0,0.0,0.0,0.0,,,0.0,0.0,0.0,0.0,Josh Ekness,33785,694795
Kade Morris,ATH,6.0,0.0,0.0,0.0,0.0,0.0,0.0,0.0,0.0,0.0,0.0,0.0,0.0,0.0,,,0.0,0.0,0.0,0.0,Kade Morris,33787,695034
Trey Gibson,BAL,9.0,0.0,0.0,0.0,0.0,0.0,0.0,0.0,0.0,0.0,0.0,0.0,0.0,0.0,,,0.0,0.0,0.0,0.0,Trey Gibson,33794,694346
Philip Abner,- - -,13.0,0.0,0.0,0.0,0.0,0.0,0.0,0.0,0.0,0.0,0.0,0.0,0.0,0.0,,,0.0,0.0,0.0,0.0,Philip Abner,33821,691769
Yoshinobu Yamamoto,LAD,28.0,0.0,0.0,0.0,0.0,0.0,0.0,0.0,0.0,0.0,0.0,0.0,0.0,0.0,,,0.0,0.0,0.0,0.0,Yoshinobu Yamamoto,33825,808967
Yuki Matsui,SDP,54.0,0.0,0.0,0.0,0.0,0.0,0.0,0.0,0.0,0.0,0.0,0.0,0.0,0.0,,,0.0,0.0,0.0,0.0,Yuki Matsui,33826,673513
Woo Suk Go,MIN,4.0,0.0,0.0,0.0,0.0,0.0,0.0,0.0,0.0,0.0,0.0,0.0,0.0,0.0,,,0.0,0.0,0.0,0.0,Woo Suk Go,33827,808970
Shota Imanaga,CHC,32.0,0.0,0.0,0.0,0.0,0.0,0.0,0.0,0.0,0.0,0.0,0.0,0.0,0.0,,,0.0,0.0,0.0,0.0,Shota Imanaga,33829,684007
Yariel Rodriguez,TOR,10.0,0.0,0.0,0.0,0.0,0.0,0.0,0.0,0.0,0.0,0.0,0.0,0.0,0.0,,,0.0,0.0,0.0,0.0,Yariel Rodriguez,33838,684320
Brandon Sproat,MIL,22.0,0.0,0.0,0.0,0.0,0.0,0.0,0.0,0.0,0.0,0.0,0.0,0.0,0.0,,,0.0,0.0,0.0,0.0,Brandon Sproat,33850,687075
Quinn Mathews,STL,9.0,0.0,0.0,0.0,0.0,0.0,0.0,0.0,0.0,0.0,0.0,0.0,0.0,0.0,,,0.0,0.0,0.0,0.0,Quinn Mathews,33851,687273
Ty Johnson,TBR,8.0,0.0,0.0,0.0,0.0,0.0,0.0,0.0,0.0,0.0,0.0,0.0,0.0,0.0,,,0.0,0.0,0.0,0.0,Ty Johnson,33862,694494
Khristian Curtis,PIT,6.0,0.0,0.0,0.0,0.0,0.0,0.0,0.0,0.0,0.0,0.0,0.0,0.0,0.0,,,0.0,0.0,0.0,0.0,Khristian Curtis,33865,694753
Rhett Lowder,CIN,29.0,0.0,0.0,0.0,0.0,0.0,0.0,0.0,0.0,0.0,0.0,0.0,0.0,0.0,,,0.0,0.0,0.0,0.0,Rhett Lowder,33876,695076
Zachary Thornton,NYM,15.0,0.0,0.0,0.0,0.0,0.0,0.0,0.0,0.0,0.0,0.0,0.0,0.0,0.0,,,0.0,0.0,0.0,0.0,Zachary Thornton,33891,804267
Brody Hopkins,TBR,6.0,0.0,0.0,0.0,0.0,0.0,0.0,0.0,0.0,0.0,0.0,0.0,0.0,0.0,,,0.0,0.0,0.0,0.0,Brody Hopkins,33903,811315
Jose Fermin,LAA,53.0,0.0,0.0,0.0,0.0,0.0,0.0,0.0,0.0,0.0,0.0,0.0,0.0,0.0,,,0.0,0.0,0.0,0.0,Jose Fermin,33908,820862
Grant Taylor,CHW,60.0,0.0,0.0,0.0,0.0,0.0,0.0,0.0,0.0,0.0,0.0,0.0,0.0,0.0,,,0.0,0.0,0.0,0.0,Grant Taylor,33927,691799
Jonathan Pintaro,NYM,22.0,0.0,0.0,0.0,0.0,0.0,0.0,0.0,0.0,0.0,0.0,0.0,0.0,0.0,,,0.0,0.0,0.0,0.0,Jonathan Pintaro,33980,702752
Tyler Davis,CHW,31.0,0.0,0.0,0.0,0.0,0.0,0.0,0.0,0.0,0.0,0.0,0.0,0.0,0.0,,,0.0,0.0,0.0,0.0,Tyler Davis,34847,699823
Hagen Smith,CHW,18.0,0.0,0.0,0.0,0.0,0.0,0.0,0.0,0.0,0.0,0.0,0.0,0.0,0.0,,,0.0,0.0,0.0,0.0,Hagen Smith,35205,696146
Dylan Ross,NYM,1.0,0.0,0.0,0.0,0.0,0.0,0.0,0.0,0.0,0.0,0.0,0.0,0.0,0.0,,,0.0,0.0,0.0,0.0,Dylan Ross,35309,697811
Tomoyuki Sugano,COL,29.0,0.0,0.0,0.0,0.0,0.0,0.0,0.0,0.0,0.0,0.0,0.0,0.0,0.0,,,0.0,0.0,0.0,0.0,Tomoyuki Sugano,35321,608372
Roki Sasaki,LAD,26.0,0.0,0.0,0.0,0.0,0.0,0.0,0.0,0.0,0.0,0.0,0.0,0.0,0.0,,,0.0,0.0,0.0,0.0,Roki Sasaki,35323,808963
Ryan Johnson,LAA,22.0,0.0,0.0,0.0,0.0,0.0,0.0,0.0,0.0,0.0,0.0,0.0,0.0,0.0,,,0.0,0.0,0.0,0.0,Ryan Johnson,35325,696270
Chase Burns,CIN,29.0,0.0,0.0,0.0,0.0,0.0,0.0,0.0,0.0,0.0,0.0,0.0,0.0,0.0,,,0.0,0.0,0.0,0.0,Chase Burns,35333,695505
Gage Jump,ATH,20.0,0.0,0.0,0.0,0.0,0.0,0.0,0.0,0.0,0.0,0.0,0.0,0.0,0.0,,,0.0,0.0,0.0,0.0,Gage Jump,35418,695611
Trey Yesavage,TOR,20.0,0.0,0.0,0.0,0.0,0.0,0.0,0.0,0.0,0.0,0.0,0.0,0.0,0.0,,,0.0,0.0,0.0,0.0,Trey Yesavage,35456,702056
Jackson Kent,WSN,8.0,0.0,0.0,0.0,0.0,0.0,0.0,0.0,0.0,0.0,0.0,0.0,0.0,0.0,,,0.0,0.0,0.0,0.0,Jackson Kent,35462,800600
Payton Tolle,BOS,26.0,0.0,0.0,0.0,0.0,0.0,0.0,0.0,0.0,0.0,0.0,0.0,0.0,0.0,,,0.0,0.0,0.0,0.0,Payton Tolle,35466,801139
Tatsuya Imai,HOU,23.0,0.0,0.0,0.0,0.0,0.0,0.0,0.0,0.0,0.0,0.0,0.0,0.0,0.0,,,0.0,0.0,0.0,0.0,Tatsuya Imai,37124,837227
Kade Anderson,SEA,7.0,0.0,0.0,0.0,0.0,0.0,0.0,0.0,0.0,0.0,0.0,0.0,0.0,0.0,,,0.0,0.0,0.0,0.0,Kade Anderson,37238,807739
Austin Slater,- - -,28.0,74.0,0.0,6.0,3.0,4.0,0.108108108,0.283783783,0.046153846,0.333333333,0.23076923,0.31081081,0.276923076,0.27096172925588247,0.23534126804299552,69.25754983493606,0.9042042341898195,-1.844841956922365,-0.6413612812757492,-0.0007127365582340756,Austin Slater,16153,596103
Taylor Trammell,HOU,99.0,289.0,8.0,29.0,22.0,4.0,0.10034602,0.321799307,0.149019608,0.266233766,0.192156862,0.284722222,0.34117647,0.28041957521272454,0.2832245245212462,77.91281352587714,0.20186737878248096,-7.222429427534825,-3.027312994003296,-0.0007558777160593388,Taylor Trammell,19960,666211
Christian Koss,SFG,71.0,221.0,4.0,27.0,12.0,5.0,0.040723981,0.266968325,0.088669951,0.285714285,0.216748768,0.257009345,0.305418719,0.25126916476499256,0.23480140038256375,57.7252108902005,1.0611065323464572,-10.19220610190538,2.991928517818451,-0.0014935388973126296,Christian Koss,27653,683766
Jimmy Crooks,STL,52.0,149.0,5.0,10.0,14.0,0.0,0.060402684,0.322147651,0.156716418,0.231707317,0.179104477,0.255033557,0.335820895,0.2638701496508298,0.29419481432115707,65.12701217778285,-0.37331661907956004,-6.631987113640225,1.755122423171997,-0.0032854453028780817,Jimmy Crooks,31354,699625
Trey Mancini,LAA,5.0,14.0,0.0,1.0,4.0,0.0,0.0,0.214285714,0.153846154,0.363636363,0.307692307,0.285714285,0.461538461,0.3047087958880833,0.28171428612300325,94.35061507153416,0.11216468410566449,0.020173483336835468,-0.5560006648302078,-0.004037900668934953,Trey Mancini,15149,641820
Corey Julks,DET,4.0,7.0,0.0,1.0,0.0,0.0,0.0,0.142857142,0.142857143,0.333333333,0.285714285,0.285714285,0.428571428,0.3073613132749285,0.18785713400159562,94.6877103638461,-0.026288018096238375,-0.06953908955352638,-0.23881950974464417,-0.006136825743224576,Corey Julks,20311,667452
Jace Jung,DET,6.0,11.0,0.0,2.0,0.0,0.0,0.181818181,0.272727272,0.0,0.333333333,0.222222222,0.363636363,0.222222222,0.2887839078903198,0.36706620996648615,81.78434293263062,-0.03414165787398815,-0.2671946117293085,-0.20719963312149048,-0.008608207587315977,Jace Jung,31437,690291
Josh Smith,- - -,80.0,243.0,6.0,23.0,15.0,4.0,0.102880658,0.230452674,0.117924528,0.243421052,0.202830188,0.290456431,0.320754716,0.2750320871671041,0.2762673293487935,74.55068776139862,0.6221294119022787,-6.570694175531408,-2.131992008537054,-0.0092277302091417,Josh Smith,26396,669701
Tyler Heineman,- - -,79.0,200.0,1.0,15.0,10.0,1.0,0.025,0.15,0.045197741,0.205479452,0.175141242,0.223404255,0.220338983,0.20445643745838327,0.23554912097951308,24.721520159881774,-0.8828654405660927,-18.39414660588737,11.201351270079613,-0.010658495324480988,Tyler Heineman,13897,623168
Jack Brannigan,PIT,2.0,1.0,0.0,0.0,0.0,0.0,0.0,1.0,0.0,0.0,0.0,0.0,0.0,0.0,0.0,-100.0,0.0,-0.26080758496324363,0.09465237054973841,-0.013606564154090107,Jack Brannigan,31471,687394
Rudy Martin,TOR,2.0,3.0,0.0,0.0,0.0,0.0,0.333333333,0.333333333,0.0,0.0,0.0,0.333333333,0.0,0.23274101813634238,0.2634546756744385,44.10932107370934,-0.005736263934522867,-0.20075562310814898,-0.0736338309943676,-0.017111686429860423,Rudy Martin,18582,657675
Christian Franklin,BAL,21.0,59.0,0.0,6.0,1.0,3.0,0.118644067,0.254237288,0.04,0.257142857,0.18,0.305084745,0.22,0.2559220356456304,0.2914096702963619,61.86945659147736,0.87735665589571,-1.7392719884289893,-0.5355359092354774,-0.01871503207299688,Christian Franklin,29896,681047
Luke Maile,KCR,19.0,48.0,1.0,2.0,5.0,0.0,0.083333333,0.291666666,0.113636363,0.206896551,0.159090909,0.229166666,0.272727272,0.22761517763137817,0.1945720116297404,36.961170423236,-0.23026229813694954,-3.749644744953644,1.8630948513746262,-0.018876715267108296,Luke Maile,13355,571912
Maverick Handley,BAL,1.0,1.0,0.0,0.0,0.0,0.0,0.0,1.0,0.0,0.0,0.0,0.0,0.0,0.0,0.0,-100.0,0.0,-0.25109833105603996,0.0,-0.02195702050625526,Maverick Handley,26106,668974
Michael Siani,BAL,1.0,1.0,0.0,0.0,0.0,0.0,0.0,0.0,0.0,0.0,0.0,0.0,0.0,0.0,0.2919999957084656,-100.0,0.0,-0.25109833105603996,-0.000944273080676794,-0.022053160896314036,Michael Siani,22557,672279
Randy Vasquez,SDP,32.0,1.0,0.0,0.0,0.0,0.0,0.0,0.0,0.0,0.0,0.0,0.0,0.0,0.0,0.04399999976158142,-100.0,0.0,-0.25242711975375953,-0.01259006280452013,-0.02367211444236551,Randy Vasquez,24719,681190
Denzer Guzman,LAA,87.0,304.0,8.0,33.0,33.0,2.0,0.055921052,0.256578947,0.116607773,0.274111675,0.219081272,0.26578073,0.335689045,0.2671133418415868,0.26518771656327866,68.23782120919901,-0.7052444792352617,-11.9357926452386,0.9275828897953033,-0.023853352748595125,Denzer Guzman,28816,694203
Miles Mikolas,WSN,26.0,1.0,0.0,1.0,1.0,0.0,0.0,0.0,0.0,0.0,0.0,0.0,0.0,0.0,,-100.0,0.0,-0.2594229243616277,-0.01259006280452013,-0.0243843865567981,Miles Mikolas,9803,571945
Jake Meyers,HOU,57.0,153.0,3.0,15.0,11.0,1.0,0.065359477,0.202614379,0.113475177,0.25,0.212765957,0.267973856,0.326241134,0.26465004448797186,0.2561107959622651,66.95972051064324,-1.2577502108179033,-7.137410417002024,1.4497497081756592,-0.027006912586108114,Jake Meyers,20308,676694
Collin Price,HOU,7.0,13.0,0.0,1.0,0.0,0.0,0.076923076,0.461538461,0.083333334,0.333333333,0.166666666,0.23076923,0.25,0.2192117113333482,0.30179724326500523,35.39947320927125,-0.0452204579487443,-1.0219998692770562,0.2949662320315838,-0.02711377964777443,Collin Price,31415,805672
Michael Stefanic,ATH,19.0,29.0,0.0,3.0,4.0,0.0,0.103448275,0.206896551,0.038461538,0.45,0.346153846,0.413793103,0.384615384,0.36126956651950703,0.32927904457881535,124.67281083030699,-0.0631560625952261,0.7690554357421131,-2.0648540034890175,-0.027288509559036903,Michael Stefanic,25353,683021
Jesus Rodriguez,SFG,22.0,58.0,2.0,7.0,8.0,1.0,0.086206896,0.137931034,0.176470588,0.243902439,0.235294117,0.315789473,0.411764705,0.3216496099505508,0.3154057954487048,104.92938895063948,0.39173535956069827,0.7361072873421709,-2.896195411682129,-0.027924816191715315,Jesus Rodriguez,26991,683679
Adolis Garcia,PHI,67.0,259.0,7.0,21.0,21.0,3.0,0.081081081,0.324324324,0.134199135,0.265734265,0.194805194,0.27027027,0.329004329,0.2680498699884157,0.2936211957894697,63.028313121885105,0.30770257394760847,-11.226184400754763,2.494370222091675,-0.031630753446365734,Adolis Garcia,19287,666969
Jose Barrero,BAL,2.0,6.0,0.0,0.0,0.0,0.0,0.0,0.5,0.0,0.333333333,0.166666666,0.166666666,0.166666666,0.14834807316462198,0.07750000059604645,-12.84853201818334,-0.005736263934522867,-0.7932610827650298,0.25631989911198616,-0.03301812463320049,Jose Barrero,23378,676480
Enrique Hernandez,LAD,41.0,96.0,4.0,12.0,12.0,0.0,0.0625,0.291666666,0.177777778,0.275862068,0.222222222,0.270833333,0.4,0.2928517373899619,0.2789289951324463,83.09396558710117,-1.0337852062657475,-2.9886631320680994,-0.4720896780490875,-0.034555996501568695,Enrique Hernandez,10472,571771
Jonathan India,KCR,17.0,58.0,2.0,8.0,8.0,0.0,0.137931034,0.224137931,0.145833334,0.181818181,0.166666666,0.310344827,0.3125,0.29060013129793366,0.28414713103195716,80.70882963462311,0.3413122841157019,-0.9600662985572335,-1.4622730761766434,-0.03734417888051034,Jonathan India,21523,663697
Luis Matos,MIL,9.0,21.0,0.0,1.0,0.0,0.0,0.047619047,0.333333333,0.0,0.307692307,0.2,0.238095238,0.2,0.2027893719219026,0.12958876291910806,23.44414316958518,-0.07291272329166532,-2.0093542045456765,0.9455609321594238,-0.03879099020164606,Luis Matos,26467,682641
Darell Hernaiz,ATH,56.0,157.0,1.0,13.0,9.0,3.0,0.101910828,0.197452229,0.04379562,0.29245283,0.233576642,0.316129032,0.277372262,0.27520604864243536,0.2622008785124748,64.89540001324575,-0.10709053324535489,-6.517426125406393,0.5629388689994812,-0.03974023754139658,Darell Hernaiz,26224,687231
P.J. Higgins,CIN,14.0,32.0,0.0,1.0,4.0,0.0,0.0625,0.25,0.038461539,0.315789473,0.23076923,0.275862068,0.269230769,0.24511479509287867,0.28674924784693223,48.959908188744656,-0.2402783646248281,-2.2075670138703183,0.7674320787191391,-0.04069358669570884,P.J. Higgins,18433,664731
Javier Baez,DET,58.0,196.0,3.0,25.0,20.0,1.0,0.030612244,0.209183673,0.122994652,0.291666666,0.240641711,0.270408163,0.363636363,0.27725199594789623,0.2664297837477464,73.7745862471898,-0.32089434238150716,-6.299439379159035,-1.0542941093444824,-0.04147768285685505,Javier Baez,12979,595879
Addison Barger,TOR,9.0,28.0,0.0,2.0,2.0,0.0,0.178571428,0.25,0.045454545,0.0625,0.045454545,0.214285714,0.09090909,0.16973414378506796,0.2554578610828945,0.34643634275065877,-0.26941512199118733,-3.514813018506193,2.100141614675522,-0.042999800314846154,Addison Barger,24598,680718
Steward Berroa,PHI,6.0,7.0,0.0,0.0,1.0,0.0,0.0,0.571428571,0.0,0.333333333,0.142857142,0.142857142,0.142857142,0.1271554912839617,0.21114284651620047,-31.469573649718928,-0.00607479564496316,-1.1145601398908127,0.45494377287104726,-0.043985549895194896,Steward Berroa,22766,672642
Omar Martinez,LAA,5.0,3.0,0.0,0.0,0.0,0.0,0.0,0.333333333,0.0,0.5,0.333333333,0.333333333,0.333333333,0.29669614632924396,0.11133333047231038,88.78524363161667,-0.3534236871637404,-0.39255533920781077,-0.15062584541738033,-0.04447849624985648,Omar Martinez,25369,683079
Chanteyon Davidson,SFG,6.0,22.0,0.0,2.0,1.0,1.0,0.045454545,0.318181818,0.0,0.5,0.35,0.363636363,0.35,0.3149473694237796,0.2658801729028875,100.43419494617591,0.1485588769428432,0.16006460502278314,-1.3660949170589447,-0.04996234498852855,Chanteyon Davidson,33405,815589
Matthew Lugo,KCR,9.0,15.0,0.0,0.0,0.0,0.0,0.066666666,0.4,0.0,0.25,0.142857142,0.2,0.142857142,0.16522666215896606,0.12535760402679444,-6.372218818275854,-0.0172087918035686,-1.8730318329921707,0.8296238780021667,-0.05210847091420513,Matthew Lugo,25980,683090
DaShawn Keirsey Jr.,ATL,5.0,5.0,0.0,3.0,1.0,0.0,0.0,0.4,0.0,0.333333333,0.2,0.2,0.2,0.1780176877975464,0.22239999771118163,5.773457208961823,-0.09343008184805512,-0.6609092484459931,-0.0187768517062068,-0.05264971906908897,DaShawn Keirsey Jr.,24496,680577
Luken Baker,ARI,3.0,5.0,0.0,0.0,0.0,0.0,0.0,0.6,0.0,0.5,0.2,0.2,0.2,0.1780176877975464,0.12280000448226928,5.562187251048802,-0.2537745707668364,-0.822526110266214,0.13542262464761734,-0.053404914093228145,Luken Baker,21497,663609
Jared Oliva,SFG,7.0,7.0,0.0,1.0,0.0,1.0,0.0,0.142857142,0.0,0.166666666,0.142857142,0.142857142,0.142857142,0.1271554912839617,0.30785713876996723,-25.517853675352153,0.19426373904570937,-0.8640396948045179,0.08900968171656132,-0.05573629571032362,Jared Oliva,19968,666931
Blake Hunt,SDP,2.0,3.0,0.0,0.0,0.0,0.0,0.0,1.0,0.0,0.0,0.0,0.0,0.0,0.0,0.0,-100.0,0.0,-0.7572813592612786,0.08365151099860668,-0.058653892483196086,Blake Hunt,23209,675448
Jared Serna,MIA,17.0,32.0,0.0,3.0,4.0,0.0,0.09375,0.25,0.107142857,0.285714285,0.214285714,0.28125,0.321428571,0.2671642731875181,0.23003412783145905,64.50069388301105,-0.0809348439797759,-1.4492196471948604,-0.2142174392938614,-0.0634289122809392,Jared Serna,28326,691858
James Triantos,CHC,7.0,9.0,0.0,2.0,0.0,0.0,0.111111111,0.222222222,0.0,0.166666666,0.125,0.222222222,0.125,0.1764790548218621,0.15948488977220324,6.881133745445438,0.1499062580987811,-0.8595484782482856,-0.06940707936882973,-0.0647873131758509,James Triantos,29795,701649
Tanner Murray,CHW,13.0,33.0,1.0,2.0,3.0,0.0,0.06060606,0.212121212,0.107142857,0.238095238,0.214285714,0.28125,0.321428571,0.25571726983593357,0.275215333507907,59.90371332530495,0.29429553309455514,-1.2446922750762694,-0.5626950487494469,-0.06494209823698176,Tanner Murray,28848,695020
Nick Solak,SDP,4.0,10.0,0.0,0.0,1.0,0.0,0.1,0.0,0.0,0.125,0.142857142,0.3,0.142857142,0.23174805641174318,0.3731675148010254,45.86335115389813,-0.0172087918035686,-0.6692845118630549,-0.32407405972480774,-0.0680340604082364,Nick Solak,19294,669256
Will Wagner,SDP,16.0,45.0,0.0,5.0,0.0,0.0,0.222222222,0.155555555,0.028571428,0.321428571,0.257142857,0.422222222,0.285714285,0.3333217217163606,0.32909945554511494,113.98882792019805,0.352083673235029,1.110312868239716,-3.2479424476623535,-0.06867332514040123,Will Wagner,29634,695238
Ben Ross,MIN,10.0,21.0,0.0,5.0,1.0,1.0,0.0,0.523809523,0.19047619,0.4,0.19047619,0.19047619,0.38095238,0.2385060843967256,0.18561904770987375,47.22445070391963,-0.28781734639778733,-1.576865502733817,0.12221851071808487,-0.07232833447729872,Ben Ross,31710,805346
Luis Lara,MIL,61.0,212.0,1.0,25.0,26.0,3.0,0.08490566,0.216981132,0.078534031,0.315068493,0.246073298,0.311320754,0.324607329,0.2861915593439678,0.29313143244329487,79.38200624108944,-1.7524428903125226,-7.017328330350679,-0.5919297933578491,-0.07292709328029764,Luis Lara,30675,800325
Yohendrick Pinango,TOR,58.0,180.0,5.0,12.0,20.0,0.0,0.061111111,0.244444444,0.136094675,0.325,0.260355029,0.305555555,0.396449704,0.3089540359046724,0.3087778091430664,97.04483876022461,0.07321961876004934,-0.5454670699407089,-6.567606449127197,-0.07470869073754485,Yohendrick Pinango,26664,682818
Yohel Pozo,- - -,37.0,62.0,1.0,4.0,7.0,1.0,0.016129032,0.14516129,0.066666666,0.274509803,0.25,0.258064516,0.316666666,0.25129378322632084,0.2522316825005316,57.9183870128111,-0.0665111942216754,-3.1825067117420676,0.30826302617788315,-0.07875364131512638,Yohel Pozo,18848,650968
Tyler Locklear,ARI,15.0,42.0,1.0,8.0,6.0,1.0,0.095238095,0.214285714,0.166666667,0.333333333,0.277777777,0.357142857,0.444444444,0.3499122673556918,0.3343992233276367,120.85191467027765,0.09209488006308675,1.1469720430354908,-3.3002427220344543,-0.08019698948634665,Tyler Locklear,31396,682988
Colt Emerson,SEA,69.0,241.0,8.0,24.0,23.0,3.0,0.062240663,0.34439834,0.14479638,0.257575757,0.190045248,0.245833333,0.334841628,0.2563482604920864,0.24782951672871908,66.63044250085112,1.067481191828847,-8.28624333196708,-1.0487678050994873,-0.0808240779166296,Colt Emerson,33575,806068
Ronny Simon,PIT,21.0,68.0,1.0,11.0,4.0,4.0,0.058823529,0.161764705,0.095238096,0.294117647,0.253968253,0.298507462,0.349206349,0.2881742804797728,0.29751427493878263,76.75079824629366,0.15112634748220444,-1.7531221426429122,-1.267992615699768,-0.08248560879531355,Ronny Simon,25346,682927
Ryan Ritter,COL,16.0,21.0,0.0,2.0,1.0,0.0,0.047619047,0.38095238,0.0,0.272727272,0.157894736,0.2,0.157894736,0.16842441856861115,0.20956819057464598,-13.048060617403527,-0.22024799324572086,-3.079741218431428,1.58570995926857,-0.08259531832795391,Ryan Ritter,31500,690022
Ryan Bliss,SEA,3.0,10.0,0.0,0.0,1.0,0.0,0.1,0.3,0.0,0.166666666,0.125,0.2,0.125,0.1588311493396759,0.2699363946914673,-1.1023269564344063,-0.01224174367962405,-1.1881629880794387,-0.004800766706466675,-0.0853771238551175,Ryan Bliss,29547,669208
LaMonte Wade Jr.,HOU,56.0,146.0,4.0,18.0,19.0,0.0,0.130136986,0.246575342,0.141732283,0.252873563,0.204724409,0.308219178,0.346456692,0.29639658740122027,0.26762272560433165,89.01001760002461,-1.3114846269600093,-3.177722238534332,-2.8408628702163696,-0.08595816163915482,LaMonte Wade Jr.,18126,664774
Eloy Jimenez,TOR,12.0,35.0,0.0,2.0,3.0,0.0,0.085714285,0.2,0.0,0.36,0.29032258,0.342857142,0.29032258,0.2887275746890477,0.25617406027657647,82.99608138559876,-0.48696586303412914,-1.1791699307869496,-0.9722222089767456,-0.09274996603909476,Eloy Jimenez,17484,650391
Davis Wendzel,PIT,2.0,4.0,0.0,0.0,0.0,0.0,0.0,0.0,0.0,0.0,0.0,0.0,0.0,0.0,0.22950001060962677,-100.0,0.0,-1.0432303398529745,0.0010678023099899292,-0.09286535343139996,Davis Wendzel,26469,673995
Zach Dezenzo,HOU,35.0,82.0,1.0,11.0,3.0,1.0,0.085365853,0.37804878,0.093333333,0.348837209,0.213333333,0.280487804,0.306666666,0.26553290573562066,0.24850057119346528,67.57293225003028,0.5722655085846782,-2.5204403456845696,-1.3220183551311493,-0.09533205630937885,Zach Dezenzo,31562,701305
Nick Morabito,NYM,19.0,46.0,0.0,4.0,4.0,1.0,0.065217391,0.347826086,0.048780488,0.32,0.195121951,0.282608695,0.243902439,0.2481830314449642,0.29571118562117865,54.95053222561648,-0.8860178994946182,-3.3820729363628197,0.9180507659912109,-0.0985943265027122,Nick Morabito,32119,703492
Vidal Brujan,NYM,9.0,13.0,0.0,4.0,1.0,0.0,0.076923076,0.076923076,0.0,0.1,0.09090909,0.166666666,0.09090909,0.13235929111639658,0.21328034003575644,-22.73247258745385,-0.42308578701340593,-2.3448915745133116,0.9385038018226624,-0.10015511151300002,Vidal Brujan,20536,660644
Daniel Johnson,HOU,8.0,17.0,0.0,1.0,0.0,0.0,0.117647058,0.176470588,0.0,0.181818181,0.142857142,0.294117647,0.142857142,0.22975247397142298,0.3412376011119169,42.72080417602681,-0.04812882700935006,-1.180693258913782,-0.4178774105384946,-0.10141520715124902,Daniel Johnson,19643,669288
Heston Kjerstad,BAL,11.0,19.0,0.0,1.0,2.0,0.0,0.0,0.47368421,0.052631579,0.4,0.210526315,0.210526315,0.263157894,0.2069318984684191,0.20510526707297877,27.842221495077343,0.37583883898332715,-1.218768800319339,-0.4682392477989197,-0.10320268571591666,Heston Kjerstad,31166,677008
Brian Navarreto,MIA,32.0,61.0,1.0,8.0,3.0,0.0,0.032786885,0.344262295,0.115384616,0.193548387,0.134615384,0.192982456,0.25,0.19927671708558736,0.17216403024238452,18.96849700822992,-0.14000912150368094,-6.093756322360572,3.0902619659900665,-0.10386435208911662,Brian Navarreto,16398,640459
Jacob Gonzalez,- - -,81.0,227.0,7.0,21.0,31.0,2.0,0.052863436,0.193832599,0.14354067,0.245283018,0.220095693,0.274336283,0.363636363,0.28184416019811037,0.30478495279947915,75.21514351165726,0.3412799658253789,-6.419429321015159,-2.268333911895752,-0.10417643930809435,Jacob Gonzalez,33225,694378
Jim Jarvis,ATL,38.0,124.0,1.0,10.0,11.0,0.0,0.064516129,0.18548387,0.09009009,0.252873563,0.207207207,0.266666666,0.297297297,0.25423859308163327,0.26836020151774087,56.894832975652385,0.10360413929447532,-6.33449527150054,1.26669380068779,-0.10548533888646583,Jim Jarvis,33492,805347
Oliver Dunn,TBR,9.0,12.0,0.0,4.0,1.0,0.0,0.083333333,0.25,0.0,0.125,0.09090909,0.166666666,0.09090909,0.13235929111639658,0.20678033431371054,-26.692824051359377,0.12437301408499479,-1.6439041894163409,0.1514550745487213,-0.10865227973436378,Oliver Dunn,26295,686554
Brett Sullivan,COL,84.0,237.0,7.0,23.0,33.0,1.0,0.05485232,0.168776371,0.165137614,0.24137931,0.224770642,0.268085106,0.389908256,0.2853988936606874,0.2812694321330796,65.40674222186261,0.07676348742097616,-9.798449473663643,1.001547396183014,-0.11108626765880114,Brett Sullivan,18217,664954
Eddys Leonard,SFG,3.0,8.0,0.0,0.0,0.0,0.0,0.0,0.25,0.125,0.333333333,0.25,0.25,0.375,0.26894114911556244,0.2991250157356262,69.57781417746648,-0.0027766411658376455,-0.29592472696487876,-1.0833772644400597,-0.11394935922875009,Eddys Leonard,24151,678760
Hector Rodriguez,CIN,41.0,152.0,6.0,16.0,17.0,0.0,0.046052631,0.256578947,0.180555556,0.272727272,0.229166666,0.269736842,0.409722222,0.29501363556636007,0.25136749367964895,82.42707004754716,-1.5060177822597325,-4.723339027431536,-1.3480303287506104,-0.1149717805680553,Hector Rodriguez,29189,699302
Bryce Johnson,SDP,32.0,49.0,0.0,5.0,2.0,5.0,0.061224489,0.367346938,0.044444445,0.296296296,0.177777777,0.229166666,0.222222222,0.20746002718806267,0.1723977526028951,29.57336530358105,0.815799558069557,-3.3408142626669397,0.600097119808197,-0.11683461982067446,Bryce Johnson,20002,669369
Johnathan Rodriguez,BAL,7.0,15.0,0.0,0.0,2.0,0.0,0.2,0.4,0.090909091,0.333333333,0.181818181,0.333333333,0.272727272,0.2830798904101054,0.2973394711812337,80.73257398675881,-0.023295065970160067,-0.3594442366559392,-1.3250841200351715,-0.1173836193384368,Johnathan Rodriguez,22530,671286
Tyler Callihan,PIT,40.0,107.0,3.0,13.0,15.0,1.0,0.084112149,0.355140186,0.178947369,0.309090909,0.210526315,0.283018867,0.389473684,0.2942399168914219,0.2518451618698408,80.81902174886565,0.8335599261336029,-1.6385125061510917,-3.01128613948822,-0.11920340249001153,Tyler Callihan,27497,682997
Andrew Benintendi,CHW,141.0,468.0,15.0,58.0,78.0,1.0,0.083333333,0.239316239,0.173396674,0.286666666,0.239904988,0.301927194,0.413301662,0.31088811350994355,0.306703773927895,98.22390135359117,-1.9509364436380565,-2.9177217061348872,-14.874991416931152,-0.1228425482110278,Andrew Benintendi,17901,643217
Kyle Farmer,ATL,14.0,19.0,0.0,2.0,3.0,0.0,0.0,0.263157894,0.055555555,0.285714285,0.222222222,0.210526315,0.277777777,0.2069318984684191,0.23505263579519173,25.166223841602932,-0.024253901094198227,-1.7368617199260545,-0.08937561511993408,-0.12303939350325971,Kyle Farmer,14813,571657
Scott Kingery,CHC,8.0,4.0,0.0,2.0,0.0,1.0,0.0,0.0,0.0,0.25,0.25,0.25,0.25,0.22252210974693298,0.15600000321865082,37.762219498730715,0.3925729966722429,0.09271146922055484,-1.4983830451965332,-0.12987572835365294,Scott Kingery,17975,664068
Aramis Garcia,ARI,8.0,19.0,1.0,2.0,2.0,0.0,0.0,0.315789473,0.157894737,0.166666666,0.157894736,0.157894736,0.315789473,0.201556732780055,0.25905262796502365,21.349829227417278,-0.13117379415780306,-1.931121683096074,0.03554278612136841,-0.13009934781894725,Aramis Garcia,16925,605244
Lawrence Butler,ATH,154.0,539.0,17.0,64.0,62.0,10.0,0.113172541,0.256029684,0.156779661,0.297805642,0.237288135,0.325884543,0.394067796,0.31943427915893385,0.32599525594532713,95.6151424838329,-2.511243898421526,-5.2601590562608616,-15.133600234985352,-0.13147305838637735,Lawrence Butler,22542,671732
Aaron Sabato,MIN,3.0,6.0,0.0,0.0,0.0,0.0,0.0,0.5,0.0,0.0,0.0,0.0,0.0,0.0,0.10649999976158142,-100.0,0.0,-1.5243739261746492,0.00048060715198516846,-0.13350384767824383,Aaron Sabato,27774,693306
Alek Thomas,- - -,35.0,120.0,2.0,13.0,13.0,4.0,0.033333333,0.225,0.141592921,0.226190476,0.185840707,0.226890756,0.327433628,0.24348937763887293,0.2817613487569695,49.57303021668328,0.7929601524956524,-6.495751653516014,1.2804080098867416,-0.13374879580593194,Alek Thomas,23792,677950
Hayden Senger,NYM,7.0,17.0,1.0,2.0,2.0,0.0,0.0,0.235294117,0.2,0.1,0.133333333,0.133333333,0.333333333,0.19596596558888754,0.18113333384195965,19.92853615887819,-0.2258684509433806,-1.8654512389551947,-0.027198024094104767,-0.13642185527940887,Hayden Senger,21489,663584
Rikuu Nishida,CHW,12.0,30.0,0.0,3.0,2.0,0.0,0.0,0.166666666,0.0,0.291666666,0.24137931,0.24137931,0.24137931,0.2148489335487629,0.24731034245984307,31.517663255431412,-0.06160150794312358,-2.4511558456622056,0.04686892032623291,-0.13653999315038845,Rikuu Nishida,33795,807747
James Outman,- - -,94.0,170.0,5.0,23.0,17.0,6.0,0.058823529,0.417647058,0.146496815,0.271604938,0.171974522,0.235294117,0.318471337,0.2464425686527701,0.2251504337086397,52.524134332298466,0.9256441812030971,-8.461616944870055,1.0891993343830109,-0.13719710035660043,James Outman,24770,681546
LuJames Groover,ARI,15.0,54.0,1.0,4.0,4.0,0.0,0.092592592,0.203703703,0.104166667,0.194444444,0.166666666,0.259259259,0.270833333,0.24524090908191823,0.2860024830080428,50.64881463650486,0.2751236301846802,-2.9348244596044104,-0.17172855138778687,-0.1375299346567281,LuJames Groover,33552,694410
Shay Whitcomb,- - -,49.0,122.0,4.0,9.0,13.0,2.0,0.032786885,0.286885245,0.129310345,0.259740259,0.206896551,0.233333333,0.336206896,0.24921935101350148,0.26492879788080853,56.3052010098688,-0.17093480797484517,-6.539903924231785,1.1080387979745865,-0.14202198804203262,Shay Whitcomb,27789,694376
Trei Cruz,DET,2.0,5.0,0.0,0.0,0.0,0.0,0.0,0.6,0.0,0.0,0.0,0.0,0.0,0.0,0.09679999947547913,-100.0,0.0,-1.2724152765770824,-0.307711660861969,-0.1428375778080505,Trei Cruz,27569,669360
Zach Cole,HOU,19.0,53.0,3.0,4.0,8.0,0.0,0.018867924,0.396226415,0.196078431,0.185185185,0.156862745,0.188679245,0.352941176,0.2339130145198894,0.28871084609121644,45.61060403224415,0.14817810151726007,-3.204618367207169,-0.10019531846046448,-0.1452343295470469,Zach Cole,31583,805904
Will Benson,CIN,51.0,114.0,3.0,11.0,6.0,1.0,0.140350877,0.333333333,0.145833333,0.272727272,0.1875,0.309734513,0.333333333,0.29037206194230486,0.29965846910389193,79.31396572925424,0.15664238901808858,-2.6838180969835386,-2.4807628393173218,-0.14844278956448778,Will Benson,21853,666181
Nick Yorke,PIT,40.0,117.0,1.0,7.0,12.0,1.0,0.076923076,0.222222222,0.067307692,0.269230769,0.211538461,0.284482758,0.278846153,0.25835356167678175,0.28861979780526,56.7500364358879,0.2401756439357996,-5.85488833391244,0.5761398524045944,-0.15013548603391572,Nick Yorke,27504,694377
Ronny Mauricio,NYM,20.0,62.0,4.0,7.0,8.0,0.0,0.032258064,0.322580645,0.220338983,0.257142857,0.220338983,0.258064516,0.440677966,0.30169947781870443,0.2888716113182806,90.84402305432087,-0.1875167447142303,-0.8712757212881257,-2.622093975543976,-0.15043021565035844,Ronny Mauricio,23698,677595
Dylan Carlson,CHC,3.0,4.0,0.0,1.0,0.0,0.0,0.0,0.5,0.0,0.0,0.0,0.0,0.0,0.0,0.06949999928474426,-100.0,0.0612928532063961,-0.9576338417510248,-0.6839102357625961,-0.15389089384552013,Dylan Carlson,20126,666185
Eric Haase,SFG,29.0,84.0,4.0,8.0,9.0,0.0,0.071428571,0.333333333,0.202702702,0.19047619,0.162162162,0.234567901,0.364864864,0.2635910621395818,0.2712283428804374,65.98950981839079,-0.14464581571519375,-3.5857580551792885,-0.6734820604324341,-0.15557804173342038,Eric Haase,14111,606992
Jarred Kelenic,- - -,36.0,83.0,1.0,5.0,6.0,0.0,0.120481927,0.373493975,0.06849315,0.365853658,0.219178082,0.313253012,0.287671232,0.2786224434174687,0.3311763843858098,76.30267659824784,-1.295245566405356,-3.582921339634491,-0.8986186385154724,-0.15679124261348268,Jarred Kelenic,22558,672284
Austin Hays,- - -,38.0,105.0,3.0,16.0,15.0,0.0,0.038095238,0.257142857,0.12,0.352112676,0.28,0.304761904,0.4,0.3039340405510022,0.2954669137602871,92.90231173131686,-0.5595801365561783,-1.3676000568787512,-3.720768950879574,-0.15736674145704543,Austin Hays,19363,669720
Davis Schneider,TOR,69.0,156.0,5.0,21.0,16.0,1.0,0.185897435,0.326923076,0.169354839,0.188405797,0.14516129,0.309677419,0.314516129,0.2904768159312587,0.28715497797185724,84.21105742809736,0.051250535529106855,-2.81355223875903,-4.262625098228455,-0.15755254442962538,Davis Schneider,23565,676914
Cesar Salazar,HOU,9.0,22.0,0.0,0.0,1.0,0.0,0.136363636,0.136363636,0.0,0.066666666,0.055555555,0.227272727,0.055555555,0.1688148487697948,0.3280183185230602,0.3951643956863059,-0.039274539332836866,-2.5879831662032724,0.2499777376651764,-0.15865839960595138,Cesar Salazar,21587,663967
Andrew Velazquez,KCR,6.0,15.0,0.0,0.0,0.0,1.0,0.0,0.133333333,0.0,0.076923076,0.066666666,0.066666666,0.066666666,0.059339229265848795,0.1603333314259847,-79.91878921825452,0.19426373904570937,-2.944689629450023,0.7371577769517899,-0.17063279176317864,Andrew Velazquez,14196,623205
Michael Helman,TEX,16.0,35.0,1.0,2.0,2.0,0.0,0.028571428,0.171428571,0.133333334,0.166666666,0.166666666,0.235294117,0.3,0.239343185635174,0.20026429961709416,50.224066357673735,-0.0018401211127638817,-2.028143852902649,-0.9389394819736481,-0.1757988967672995,Michael Helman,24605,680737
Connor Joe,SEA,21.0,45.0,1.0,2.0,3.0,2.0,0.133333333,0.333333333,0.128205128,0.260869565,0.179487179,0.288888888,0.307692307,0.2738216585583157,0.3369596481323242,78.7669960643129,-0.3302090698853135,-1.441533954575777,-1.8922585844993591,-0.17705159051121955,Connor Joe,16572,656582
Raynel Delgado,HOU,20.0,41.0,1.0,4.0,4.0,0.0,0.073170731,0.170731707,0.108108108,0.275862068,0.243243243,0.3,0.351351351,0.2909032508730888,0.26545228958129885,85.194493409304,0.09557004924863577,-0.610461671866669,-2.5957589745521545,-0.17849636415461254,Raynel Delgado,22272,669384
Sam Huff,BAL,14.0,34.0,0.0,1.0,1.0,0.0,0.029411764,0.558823529,0.06060606,0.285714285,0.121212121,0.147058823,0.181818181,0.14709651294876547,0.13715776275185979,-13.717832170338475,-0.1612524907104671,-4.658269955313174,1.6882857531309128,-0.17970259653873907,Sam Huff,22209,669087
Dylan Moore,PHI,15.0,15.0,0.0,3.0,0.0,1.0,0.2,0.4,0.0,0.0,0.0,0.2,0.0,0.1396446108818054,0.23287280400594076,-23.09311874437679,0.2698664669878781,-1.9541177216470342,-0.3211294114589691,-0.18199652969210545,Dylan Moore,18042,664238
Cristian Pache,NYM,15.0,8.0,0.0,2.0,0.0,0.0,0.0,0.5,0.0,0.25,0.125,0.125,0.125,0.11126105487346649,0.13724999129772186,-36.883063674889,-0.27556640142574906,-1.5945711675093273,-0.45687150955200195,-0.18238281244872745,Cristian Pache,19948,665506
Kyle Manzardo,CLE,102.0,356.0,13.0,40.0,39.0,0.0,0.101123595,0.320224719,0.163461539,0.288770053,0.214743589,0.306179775,0.378205128,0.30516046687458337,0.30675698404258256,94.27265129093458,-1.9201631438918412,-4.291649929291129,-10.12013030052185,-0.1827508741685172,Kyle Manzardo,29794,700932
Daz Cameron,TOR,8.0,25.0,1.0,3.0,3.0,0.0,0.0,0.28,0.166666667,0.235294117,0.208333333,0.2,0.375,0.23924428462982178,0.290880012512207,48.62631552644381,0.006660290528088808,-1.4871581208319993,-1.2300479710102081,-0.18644135342802762,Daz Cameron,18353,663662
C.J. Kayfus,CLE,9.0,25.0,1.0,4.0,2.0,0.0,0.08,0.32,0.181818182,0.23076923,0.181818181,0.28,0.363636363,0.28866535425186163,0.30428155899047854,82.81558855349766,0.1812802883796394,-0.31839946926720997,-2.4126861691474915,-0.1878544880906848,C.J. Kayfus,33704,692216
Andrew Knizner,SFG,29.0,80.0,2.0,8.0,4.0,0.0,0.05,0.175,0.136986301,0.245614035,0.219178082,0.2875,0.356164383,0.287823111563921,0.27404236793518066,82.2419500065722,-1.0439826347865164,-2.7551477671884026,-1.7551716566085815,-0.1943830472616686,Andrew Knizner,19514,668800
Sterlin Thompson,COL,27.0,77.0,2.0,7.0,10.0,0.0,0.064935064,0.272727272,0.144927537,0.304347826,0.231884057,0.311688311,0.376811594,0.30810483090289226,0.29491887773786274,80.63561867730915,-0.39094207901507616,-2.186920078393068,-2.3037046790122986,-0.20230902954645757,Sterlin Thompson,31443,694514
Drew Millas,WSN,50.0,152.0,2.0,18.0,11.0,0.0,0.092105263,0.243421052,0.076923077,0.239130434,0.184615384,0.277027027,0.261538461,0.25087018230476893,0.2656097934670644,52.880505774086764,-1.4645418743602931,-10.091364506952678,3.155174136161804,-0.20302282361581225,Drew Millas,25643,686452
Romy Gonzalez,BOS,19.0,73.0,1.0,7.0,7.0,1.0,0.06849315,0.287671232,0.123076923,0.255813953,0.184615384,0.263888888,0.307692307,0.25846463359064525,0.2886311478084988,58.73968799102701,-0.24598275404423475,-3.749243420622259,-0.8532700836658478,-0.20519156649654197,Romy Gonzalez,21562,663853
Zack Short,- - -,29.0,62.0,0.0,4.0,2.0,0.0,0.129032258,0.306451612,0.04,0.212121212,0.14,0.262295081,0.18,0.21784060998041122,0.25590530379873805,32.4841305838601,-0.18774562286853325,-5.149521450135225,0.9794283732771873,-0.20562420832818046,Zack Short,19562,670097
Ivan Johnson,CIN,16.0,19.0,0.0,0.0,0.0,2.0,0.157894736,0.368421052,0.0,0.111111111,0.0625,0.210526315,0.0625,0.15709250537972702,0.22621536254882812,-10.076658373919656,0.37049595220014453,-2.1486625812811893,-0.5138649120926857,-0.2081855907943368,Ivan Johnson,27593,671155
Amed Rosario,NYY,87.0,244.0,10.0,28.0,34.0,3.0,0.057377049,0.233606557,0.167400881,0.26993865,0.237885462,0.278688524,0.405286343,0.2965848680402412,0.30861616723331403,87.99114426357607,-0.44920997275039554,-3.857280229476288,-6.880211263895035,-0.21279141530049916,Amed Rosario,15518,642708
Dylan Beavers,BAL,104.0,363.0,9.0,41.0,44.0,5.0,0.096418732,0.272727272,0.145061729,0.29953917,0.228395061,0.306629834,0.37345679,0.3017322056181213,0.2950305514865451,93.68797177181649,-0.4091480323113501,-3.074119984327215,-11.888241291046143,-0.21354937982318087,Dylan Beavers,31695,687637
Kevin Alcantara,CHC,24.0,28.0,1.0,6.0,6.0,0.0,0.071428571,0.392857142,0.12,0.357142857,0.24,0.285714285,0.36,0.2820103338786534,0.27538314887455534,77.66098281302189,-1.0339487954042852,-1.7873542403050895,-1.243085816502571,-0.21585077118433127,Kevin Alcantara,25971,682634
Josh Rojas,KCR,44.0,115.0,2.0,11.0,14.0,1.0,0.04347826,0.147826086,0.094339622,0.25,0.226415094,0.265486725,0.320754716,0.2600570030971966,0.22008965078708345,59.49439212230248,0.2784097231924534,-5.139478983505992,-1.0700994804501534,-0.21726285426201622,Josh Rojas,19734,668942
Eric Wagaman,NYM,26.0,52.0,2.0,5.0,5.0,0.0,0.076923076,0.23076923,0.127659575,0.212121212,0.191489361,0.269230769,0.319148936,0.2663746625185013,0.2963993732745831,67.15166266946405,-0.1183756273239851,-2.175797708398441,-1.6624880731105804,-0.21865149291081334,Eric Wagaman,23395,676572
Connor Wong,BOS,77.0,238.0,4.0,22.0,25.0,3.0,0.071428571,0.239495798,0.114285714,0.3,0.233333333,0.307692307,0.347619047,0.2946693079593854,0.28134210700662726,83.88648359760865,-1.9930107556283474,-6.453519218225632,-4.167902827262878,-0.2226240016212353,Connor Wong,19896,657136
Jasson Dominguez,NYY,57.0,222.0,6.0,22.0,14.0,8.0,0.045045045,0.216216216,0.14354067,0.264516129,0.224880382,0.266968325,0.368421052,0.279125921866473,0.2888284683227539,75.86462859693796,0.17306950083002448,-6.058881727175402,-4.046716570854187,-0.22783943488632036,Jasson Dominguez,28080,691176
Will Banfield,CIN,11.0,21.0,0.0,1.0,1.0,0.0,0.0,0.333333333,0.05,0.214285714,0.15,0.142857142,0.2,0.1448389348529634,0.15100000018165224,-18.295130472191996,-0.013246384914964437,-3.0054615747226276,0.02153056114912033,-0.23428824113673619,Will Banfield,23790,677943
Jorge Mateo,- - -,99.0,221.0,5.0,41.0,18.0,19.0,0.049773755,0.312217194,0.111111111,0.276119402,0.20289855,0.245454545,0.314009661,0.2480032666163011,0.2716332478956743,52.17639258882109,2.820044049527496,-9.572508522735296,-0.17401069402694702,-0.23570861673680088,Jorge Mateo,17273,622761
BJ Murray,CHC,7.0,11.0,0.0,0.0,0.0,0.0,0.0,0.363636363,0.0,0.142857142,0.09090909,0.09090909,0.09090909,0.08091713081706654,0.08645454861901024,-57.21226698010339,-0.005736263934522867,-2.0887195075616978,-0.5993263274431229,-0.23726686279333348,BJ Murray,29767,681230
Jonathan Ornelas,- - -,9.0,22.0,0.0,1.0,1.0,0.0,0.045454545,0.5,0.0,0.4,0.19047619,0.227272727,0.19047619,0.19357167319817978,0.17769836295734753,11.86250591684784,-0.028824523629737087,-2.313876372501754,-0.7770985700190067,-0.23800299102638,Jonathan Ornelas,24597,680716
Ben Rortvedt,LAD,16.0,28.0,0.0,0.0,1.0,0.0,0.0,0.321428571,0.0,0.277777777,0.185185185,0.185185185,0.185185185,0.16483119240513555,0.20425925431428132,-2.769438444025895,-0.048931213561445475,-3.5149321501765534,0.2619253173470497,-0.23851122513429246,Ben Rortvedt,20287,666163
Sam Haggerty,TEX,36.0,47.0,0.0,3.0,1.0,2.0,0.042553191,0.340425531,0.022727272,0.25,0.159090909,0.212765957,0.181818181,0.18569333122131673,0.1821072152320375,12.960316668131144,0.39300496270880103,-4.3650805763652984,0.3426598310470581,-0.239947006444606,Sam Haggerty,18054,664059
Nasim Nunez,WSN,147.0,493.0,1.0,55.0,37.0,49.0,0.09939148,0.200811359,0.034802784,0.267267267,0.208816705,0.291322314,0.243619489,0.25058545861855025,0.2676335217310641,52.689541543228934,4.975990061182529,-23.1178261383679,4.63817286491394,-0.2494670730199206,Nasim Nunez,25979,683083
Miles Mastrobuoni,SEA,13.0,30.0,0.0,3.0,1.0,0.0,0.066666666,0.333333333,0.0,0.294117647,0.192307692,0.24137931,0.192307692,0.20161683806057634,0.18399062649957065,28.615464679893154,-0.8447393639944494,-3.3355601234620504,-0.20646505942568183,-0.2523778816851554,Miles Mastrobuoni,20017,670156
Reese McGuire,CHW,11.0,34.0,0.0,1.0,3.0,0.0,0.058823529,0.264705882,0.0,0.25,0.172413793,0.272727272,0.172413793,0.22137049833933511,0.24213182564937707,36.04736721446486,-0.05238001310499385,-2.5814126287908397,-1.1131014227867126,-0.25347000954194043,Reese McGuire,15674,624512
Cameron Cauley,TEX,34.0,65.0,1.0,10.0,1.0,1.0,0.076923076,0.23076923,0.137931035,0.261904761,0.206896551,0.28125,0.344827586,0.2793794460594654,0.23539267480373383,78.03217885407577,0.8100391770713031,-0.8507611656714931,-3.981432519853115,-0.2574430687174542,Cameron Cauley,29710,695508
Brett Callahan,DET,33.0,80.0,1.0,4.0,8.0,1.0,0.0875,0.3375,0.112676056,0.318181818,0.211267605,0.2875,0.323943661,0.274337449669838,0.29571075439453126,71.75022058672869,0.3785055307671428,-2.2500801219439968,-3.116911292076111,-0.2577678061294635,Brett Callahan,33514,814430
Jose Tena,WSN,115.0,288.0,7.0,36.0,25.0,6.0,0.09375,0.3125,0.147859922,0.310559006,0.221789883,0.302083333,0.369649805,0.2990572146243519,0.2913811206817627,85.19955757634031,1.291475263889879,-3.842737315976734,-8.058038234710693,-0.2582745659787323,Jose Tena,23691,677588
Brent Rooker,ATH,48.0,203.0,10.0,20.0,29.0,2.0,0.093596059,0.320197044,0.188888888,0.242990654,0.2,0.280788177,0.388888888,0.2928122388254298,0.3120325647219263,77.12418741879236,0.42276500817388296,-4.978427452781683,-4.763055440038443,-0.25932597975185917,Brent Rooker,19627,667670
Zac Veen,COL,36.0,79.0,3.0,10.0,13.0,2.0,0.088607594,0.392405063,0.202898551,0.371428571,0.231884057,0.311688311,0.434782608,0.3266975275881879,0.2753877763624315,93.105743903748,0.7260721526108682,0.07004598324006706,-5.209883093833923,-0.2617872676432732,Zac Veen,27770,691728
Sean Keys,TOR,25.0,66.0,2.0,9.0,9.0,0.0,0.045454545,0.348484848,0.131147541,0.27027027,0.196721311,0.242424242,0.327868852,0.2510034749002168,0.2617224223578154,56.79393364162967,0.1463740486651659,-3.170322577335165,-1.75704126060009,-0.26352438946810686,Sean Keys,35094,815873
Marcelo Mayer,- - -,76.0,245.0,3.0,19.0,22.0,3.0,0.073469387,0.208163265,0.086363636,0.254437869,0.209090909,0.274590163,0.295454545,0.25775021045911506,0.257010230311641,58.73945226510472,0.10246498230844736,-11.739991502018444,0.5134187117218971,-0.26404375355739196,Marcelo Mayer,29668,691785
Billy Cook,PIT,87.0,58.0,0.0,13.0,3.0,6.0,0.017241379,0.396551724,0.071428572,0.303030303,0.178571428,0.206896551,0.25,0.20304397467909188,0.15944267141407933,19.653885847399906,0.6092367111705244,-5.00382131641559,0.5097406506538391,-0.26555835453820564,Billy Cook,29573,695257
Yoan Moncada,LAA,41.0,130.0,3.0,9.0,10.0,1.0,0.13076923,0.346153846,0.108108108,0.285714285,0.189189189,0.307692307,0.297297297,0.2813449754164769,0.26939696073532104,78.12273211906006,0.0512314666993916,-3.256677292534309,-4.013029724359512,-0.2710737191569467,Yoan Moncada,17232,660162
Eliezer Alfonzo,LAD,13.0,28.0,0.0,3.0,4.0,0.0,0.0,0.107142857,0.071428572,0.2,0.178571428,0.178571428,0.25,0.18546952945845468,0.214821423803057,11.072698168888513,-0.25899415416643023,-3.2581553455079804,-0.32908400893211365,-0.27254083548275193,Eliezer Alfonzo,22741,672613
Tommy Pham,- - -,17.0,35.0,1.0,5.0,3.0,0.0,0.142857142,0.314285714,0.1,0.111111111,0.1,0.228571428,0.2,0.2091626627104623,0.3170520101274763,29.573791664284407,-0.0005670464597642422,-2.970712608692236,-0.9089110568165779,-0.27287984751848177,Tommy Pham,2967,502054
Chad Stevens,COL,16.0,34.0,0.0,1.0,3.0,0.0,0.147058823,0.382352941,0.0,0.0625,0.035714285,0.176470588,0.035714285,0.12885893267743728,0.20955353624680462,-39.58463957950977,0.16009815130382776,-5.556309706044781,1.7537464201450348,-0.2746015079328185,Chad Stevens,29614,677060
John Peck,DET,24.0,80.0,0.0,3.0,7.0,5.0,0.1125,0.2,0.014705883,0.207547169,0.161764705,0.275,0.176470588,0.22380838468670844,0.31046705608126485,36.65408751890747,-0.13985148491337895,-6.03406234828994,0.495689332485199,-0.27521688350087736,John Peck,33500,807726
Tristan Gray,MIN,66.0,188.0,4.0,16.0,29.0,2.0,0.053191489,0.319148936,0.098265895,0.3125,0.225433526,0.267379679,0.323699421,0.26159818574069016,0.26046264236037797,63.263604839346065,-0.018896690104156733,-8.05178026138983,-1.5172920227050781,-0.2958973900326557,Tristan Gray,19877,656484
Oswaldo Cabrera,- - -,7.0,25.0,0.0,2.0,0.0,1.0,0.04,0.36,0.090909091,0.307692307,0.181818181,0.217391304,0.272727272,0.21744701914165332,0.18314626424208932,25.528782967113486,0.18004093784838915,-2.2017996442310057,-1.5617021282669157,-0.2971404955550158,Oswaldo Cabrera,21707,665828
Brenton Doyle,- - -,87.0,223.0,6.0,35.0,16.0,14.0,0.053811659,0.32735426,0.128571428,0.328244274,0.233333333,0.274774774,0.361904761,0.2804230693224314,0.2447140053526996,68.74514239541098,0.018481979612261057,-8.360884573626292,-2.098363369703293,-0.2986741476073847,Brenton Doyle,25479,686668
Victor Scott II,STL,80.0,195.0,2.0,19.0,9.0,12.0,0.082051282,0.235897435,0.060240964,0.25210084,0.192771084,0.27027027,0.253012048,0.24279335962759482,0.2712647276497929,50.99080507400314,0.65636913664639,-10.854784244018063,1.4264771342277527,-0.3144087542127238,Victor Scott II,31349,687363
Buddy Kennedy,- - -,25.0,49.0,0.0,4.0,1.0,0.0,0.102040816,0.306122448,0.023255814,0.178571428,0.116279069,0.224489795,0.139534883,0.18453222148272455,0.24859450787914042,13.780051456665525,-0.07263704342767596,-5.121449412220449,0.4046453721821308,-0.31475075601696967,Buddy Kennedy,22505,671083
Scott Bandura,SFG,13.0,30.0,0.0,2.0,1.0,1.0,0.033333333,0.566666666,0.034482759,0.5,0.206896551,0.233333333,0.24137931,0.21367020010948182,0.1359121322631836,32.507578097348144,-0.16607129480689764,-2.604909155043198,-1.5185647010803223,-0.32051632619221815,Scott Bandura,33398,814154
Denzel Clarke,ATH,40.0,87.0,0.0,6.0,6.0,4.0,0.091954022,0.333333333,0.013157895,0.255319148,0.157894736,0.238095238,0.171052631,0.1980737859294528,0.20901098596044335,11.321399447416972,0.8846499030478299,-8.088711690476613,1.7916785180568695,-0.3272007933667225,Denzel Clarke,29858,672016
Leo Rivas,SEA,52.0,148.0,0.0,11.0,11.0,2.0,0.108108108,0.283783783,0.040322581,0.226190476,0.153225806,0.267123287,0.193548387,0.22479145085974916,0.24295937525082942,44.71192905869291,0.9447983880527318,-8.572424442088222,0.11320477724075317,-0.3272326686503675,Leo Rivas,21009,660844
Brett Harris,- - -,21.0,51.0,0.0,3.0,2.0,0.0,0.058823529,0.31372549,0.045454545,0.214285714,0.136363636,0.24,0.181818181,0.20730823278427124,0.2433204960823059,26.75149790670985,0.020060031674802303,-4.457947154365088,-0.4710486251860857,-0.3303300133352795,Brett Harris,29788,695391
Jeremiah Jackson,BAL,102.0,293.0,10.0,29.0,45.0,2.0,0.034129692,0.23549488,0.14801444,0.248756218,0.216606498,0.246575342,0.364620938,0.26400568210791886,0.2820720541066137,67.48414057600034,-1.0809233160689473,-12.16194852201802,-1.592860996723175,-0.3431880111153207,Jeremiah Jackson,22239,669236
Luisangel Acuna,CHW,104.0,224.0,2.0,23.0,13.0,18.0,0.040178571,0.196428571,0.047619048,0.277108433,0.228571428,0.261261261,0.276190476,0.24117773019515718,0.2685476938883464,49.80493912182582,1.047176806256175,-12.030364147503285,0.7081422805786133,-0.34449226607738204,Luisangel Acuna,26548,682668
Nathan Furman,SFG,22.0,39.0,0.0,2.0,3.0,0.0,0.128205128,0.256410256,0.0,0.181818181,0.125,0.243243243,0.125,0.1905802439998936,0.22740054774928736,17.0211401140264,-0.03816839540377259,-3.9361405410079513,-0.7221940979361534,-0.34517920275709585,Nathan Furman,31988,801501
Max Muncy,ATH,82.0,284.0,9.0,31.0,30.0,3.0,0.073943661,0.320422535,0.15625,0.314465408,0.23046875,0.295774647,0.38671875,0.3002876809365313,0.28757355918346994,82.3164289763911,-1.4844698756933212,-7.325714524892094,-6.135670185089111,-0.3457883577071416,Max Muncy,29779,691777
Kyler Fedko,MIN,14.0,19.0,0.0,1.0,1.0,0.0,0.105263157,0.421052631,0.0,0.0,0.0,0.105263157,0.0,0.07349716362200286,0.16582778880470678,-67.38631921277633,-0.42335227597504854,-4.122406055925309,-0.05111348628997803,-0.3563648162690636,Kyler Fedko,29930,693459
Edwin Arroyo,CIN,50.0,160.0,0.0,14.0,5.0,1.0,0.0375,0.2375,0.040540541,0.297297297,0.222972972,0.265822784,0.263513513,0.24013128273094755,0.2908007467946699,45.617465493493484,-0.5867003914900124,-11.067298981269483,2.2754807472229004,-0.36546891122953074,Edwin Arroyo,29957,695490
Victor Bericoto,SFG,41.0,116.0,5.0,9.0,15.0,1.0,0.034482758,0.275862068,0.178571429,0.293333333,0.241071428,0.267241379,0.419642857,0.297229350640856,0.2993487654061153,88.55071635631685,-1.5398761671967804,-3.1395924482910376,-4.230372071266174,-0.3663613264673856,Victor Bericoto,26468,682674
Travis d'Arnaud,LAA,32.0,84.0,1.0,7.0,3.0,0.0,0.071428571,0.285714285,0.078947369,0.215686274,0.157894736,0.238095238,0.236842105,0.22145365817206247,0.23396196819487072,36.52382977802412,-0.4142559543251991,-6.615903595119117,0.004920214414596558,-0.3699904276315307,Travis d'Arnaud,7739,518595
George Valera,CLE,13.0,38.0,0.0,1.0,6.0,0.0,0.026315789,0.210526315,0.081081081,0.275862068,0.216216216,0.236842105,0.297297297,0.23507861871468394,0.19840431213378906,45.59567954249878,-0.3621804853901267,-2.7667319228123137,-2.2661234736442566,-0.3752987356837069,George Valera,22541,671655
Gage Workman,- - -,18.0,41.0,2.0,3.0,8.0,0.0,0.0,0.414634146,0.243902439,0.227272727,0.170731707,0.170731707,0.414634146,0.24474764742502353,0.29882927275285487,51.13859479470489,-0.8513019406236708,-3.172363116046099,-2.0506222005933523,-0.3847254791247369,Gage Workman,27573,669398
Carlos Cortes,ATH,124.0,381.0,10.0,30.0,43.0,2.0,0.081364829,0.16535433,0.145772595,0.278388278,0.250728862,0.317585301,0.396501457,0.31510524565153547,0.3005569498374979,92.60831193825607,-1.7634010990150273,-5.038962099196209,-12.327407836914062,-0.39336124581203447,Carlos Cortes,21842,666126
Ramon Urias,STL,43.0,100.0,4.0,14.0,9.0,0.0,0.09,0.18,0.174418605,0.138461538,0.15116279,0.26,0.325581395,0.2652314084768295,0.30188520431518556,66.04000873299675,-0.5567502970807254,-4.647229894662896,-2.470480799674988,-0.39364459583265277,Ramon Urias,18795,602104
Felix Reyes,PHI,12.0,38.0,1.0,2.0,2.0,0.0,0.0,0.236842105,0.105263158,0.178571428,0.157894736,0.157894736,0.263157894,0.1808209356508757,0.23263158296283923,4.523850161533098,-0.44763884879648685,-4.81767626022471,-0.2849205732345581,-0.39372178697331406,Felix Reyes,28763,694025
Kameron Misner,KCR,18.0,44.0,0.0,2.0,4.0,3.0,0.045454545,0.386363636,0.024390244,0.375,0.219512195,0.255813953,0.243902439,0.22740917150364365,0.2092727394991143,36.81808409313723,-0.6604402745142579,-3.8938634945220527,-1.5372959673404694,-0.3942016357090566,Kameron Misner,26374,670224
Bo Naylor,- - -,31.0,98.0,3.0,5.0,10.0,0.0,0.071428571,0.244897959,0.120879121,0.171875,0.153846153,0.214285714,0.274725274,0.22009634667513323,0.2933077961206436,34.720947479231405,0.31233232468366623,-7.097816777686341,-0.23341861367225647,-0.3951890509746262,Bo Naylor,21865,666310
Matt Vierling,DET,92.0,291.0,5.0,24.0,31.0,4.0,0.065292096,0.168384879,0.127819549,0.230414746,0.206766917,0.255172413,0.334586466,0.2584894946936903,0.30365021913521845,60.742656190248745,-0.21412454964593053,-13.501248474998789,-0.7358269020915031,-0.3995062150457114,Matt Vierling,21558,663837
Grant McCray,SFG,43.0,91.0,2.0,14.0,4.0,8.0,0.12087912,0.307692307,0.12987013,0.191489361,0.142857142,0.25,0.272727272,0.2360931333454176,0.2913061996986126,47.54664371160825,2.0653572902083397,-3.684026967645466,-3.241819381713867,-0.40390362056699386,Grant McCray,25690,687529
Cesar Prieto,STL,16.0,39.0,0.0,2.0,0.0,1.0,0.025641025,0.128205128,0.052631579,0.09090909,0.078947368,0.102564102,0.131578947,0.10446301943216568,0.2618253607498972,-41.78738057870734,0.23161499993875623,-6.428915897369985,1.1926415413618088,-0.4040216615394376,Cesar Prieto,30163,693409
Jeimer Candelario,LAA,7.0,20.0,0.0,3.0,0.0,0.0,0.05,0.4,0.111111111,0.2,0.111111111,0.2,0.222222222,0.19751368165016175,0.2176337480545044,19.895764288712844,0.1026810435578227,-1.760703813645367,-2.9171572476625443,-0.4041055844811363,Jeimer Candelario,13621,600869
Garrett Stubbs,PHI,37.0,65.0,0.0,11.0,3.0,0.0,0.046153846,0.23076923,0.0,0.2,0.152542372,0.215384615,0.152542372,0.1779046654701233,0.20916482485257662,2.5679071929763624,-0.735524925403297,-8.363724532941673,2.21643403172493,-0.4107058093632223,Garrett Stubbs,18067,596117
Jesus Sanchez,- - -,105.0,315.0,8.0,24.0,35.0,1.0,0.057142857,0.238095238,0.147887324,0.310679611,0.253521126,0.311111111,0.40140845,0.31130049240057633,0.320650722272099,98.69385737358967,-1.8673652573488653,-2.4187305616637467,-12.750307142734528,-0.41256010718301184,Jesus Sanchez,19913,660821
Rhys Hoskins,CLE,95.0,317.0,13.0,33.0,38.0,1.0,0.148264984,0.315457413,0.197718631,0.22077922,0.178707224,0.30599369,0.376425855,0.3051633797233413,0.2966468161212909,94.27467447754306,-1.9982031001709402,-4.109146221518152,-11.205267906188965,-0.41537746833964695,Rhys Hoskins,16472,656555
Brock Rodden,SEA,30.0,72.0,0.0,8.0,4.0,0.0,0.138888888,0.333333333,0.081967213,0.315789473,0.196721311,0.305555555,0.278688524,0.27059608532322776,0.23310610983106825,76.52659942296509,-0.8870046818628907,-2.8527424940786523,-3.8125555515289307,-0.4188206348588397,Brock Rodden,33191,801126
Sal Frelick,MIL,111.0,384.0,4.0,36.0,40.0,7.0,0.080729166,0.098958333,0.088495575,0.245847176,0.230088495,0.295212765,0.31858407,0.27507605361938475,0.2809451514850034,71.92683442352454,0.9945344217121601,-11.990086418991869,-4.631667524576187,-0.42113939767667036,Sal Frelick,29622,686217
Chuckie Robinson,LAD,8.0,26.0,0.0,1.0,1.0,0.0,0.0,0.192307692,0.0,0.111111111,0.086956521,0.086956521,0.086956521,0.07739899469458539,0.14926087337991464,-61.410230187571024,-0.02146824821829796,-5.076350758063141,0.004861988127231598,-0.43027925940259204,Chuckie Robinson,19824,642020
Deyvison De Los Santos,MIA,18.0,43.0,0.0,1.0,0.0,0.0,0.0,0.255813953,0.047619048,0.193548387,0.142857142,0.162790697,0.19047619,0.15842800778011942,0.21365839936012446,-8.42874014351922,0.3432971122674644,-5.272604986188209,-0.35714805126190186,-0.4308417996336731,Deyvison De Los Santos,27969,691277
Harrison Bader,SFG,30.0,111.0,5.0,10.0,14.0,0.0,0.036036036,0.306306306,0.188679246,0.19117647,0.16981132,0.198198198,0.358490566,0.23844872723828564,0.2719320348791174,49.126540986538295,-0.40119138173758984,-7.2029451694149005,-0.6801739633083344,-0.4351597073210526,Harrison Bader,18030,664056
Ezequiel Tovar,COL,146.0,506.0,13.0,57.0,44.0,8.0,0.057312252,0.254940711,0.133333334,0.268882175,0.219354838,0.263888888,0.352688172,0.27005554487307865,0.28067629379970177,55.115955252496875,1.704806578811258,-25.650977329872592,4.856204152107239,-0.44214400198253345,Ezequiel Tovar,24064,678662
Wenceel Perez,DET,53.0,175.0,7.0,22.0,17.0,3.0,0.08,0.165714285,0.167701863,0.176,0.180124223,0.245714285,0.347826086,0.2622505964551653,0.2717376926967076,63.35501658018303,1.5480078184045851,-5.910804224029198,-4.6349804401397705,-0.44224911524581345,Wenceel Perez,22857,672761
Andrew McCutchen,TEX,37.0,83.0,1.0,8.0,5.0,0.0,0.108433734,0.26506024,0.068493151,0.25490196,0.191780821,0.277108433,0.260273972,0.24876220326825796,0.23707562182323041,56.76626333537832,-0.45518420822918415,-4.628852697156938,-2.6669028848409653,-0.44331829861037503,Andrew McCutchen,9847,457705
Kyren Paris,LAA,8.0,18.0,0.0,0.0,0.0,0.0,0.166666666,0.444444444,0.0,0.0,0.0,0.166666666,0.0,0.11637050906817119,0.20300510194566515,-36.46410667730524,-0.0172087918035686,-2.8741942296981953,-2.122244566679001,-0.4437580162507543,Kyren Paris,26420,677347
Will Brennan,SFG,11.0,23.0,0.0,0.0,0.0,0.0,0.0,0.130434782,0.0,0.1,0.086956521,0.086956521,0.086956521,0.07739899469458539,0.1775909120386297,-58.88954546383333,-0.0121556002413854,-4.413950669685216,-0.7489537298679352,-0.44951784544198753,Will Brennan,25660,686823
Alejandro Osuna,TEX,84.0,233.0,1.0,27.0,25.0,5.0,0.081545064,0.158798283,0.044117647,0.313253012,0.259803921,0.349137931,0.303921568,0.3034089372075837,0.30055963267450747,94.7224188014796,-0.1867864215746522,-1.617023161588397,-11.068291902542114,-0.45079933006748646,Alejandro Osuna,27915,696030
Jerar Encarnacion,SFG,17.0,35.0,0.0,1.0,0.0,0.0,0.028571428,0.228571428,0.029411764,0.23076923,0.176470588,0.2,0.205882352,0.18314588580812727,0.21012468338012696,12.034914651485126,-1.0821951171383262,-4.79058197834317,-0.7763902992010117,-0.45093297095383833,Jerar Encarnacion,21871,666464
Dominic Smith,ATL,108.0,300.0,9.0,40.0,46.0,0.0,0.076666666,0.16,0.130111524,0.2718894,0.252788104,0.311036789,0.382899628,0.30440522120302954,0.3008399654079128,90.54160006117989,-1.7892132382839918,-5.207004927745472,-9.043101489543915,-0.45774504890680245,Dominic Smith,15653,642086
John Ingle,CLE,7.0,24.0,0.0,1.0,2.0,0.0,0.125,0.5,0.0,0.222222222,0.095238095,0.208333333,0.095238095,0.1614519183834394,0.1750871737798055,-5.543451431579119,-0.20455483766272664,-3.1507371576598677,-2.308296889066696,-0.46920667059684645,John Ingle,33708,694876
Weston Wilson,- - -,75.0,183.0,4.0,24.0,14.0,7.0,0.098360655,0.31693989,0.103658536,0.284313725,0.201219512,0.284153005,0.304878048,0.268656363578442,0.2511256291316106,74.05698569498978,1.4146097940392792,-4.107291128286776,-6.999925993382931,-0.4705440981731521,Weston Wilson,19358,642215
Owen Caissie,MIA,108.0,330.0,14.0,45.0,58.0,5.0,0.081818181,0.372727272,0.192439863,0.308641975,0.219931271,0.287878787,0.412371134,0.3035262658740535,0.30256253970067915,88.88868933945074,1.3354655881412327,-3.0811122715729757,-12.348334312438965,-0.4785068156644521,Owen Caissie,27496,683357
Jase Bowen,SDP,83.0,103.0,2.0,14.0,7.0,6.0,0.029126213,0.398058252,0.104166667,0.226415094,0.145833333,0.188118811,0.25,0.19585291760982854,0.24411714553833008,21.78847468725375,0.8351443978026509,-8.868047969192185,0.793463945388794,-0.48113669129091285,Jase Bowen,26047,687749
Braxton Fulford,COL,47.0,85.0,1.0,12.0,7.0,4.0,0.094117647,0.4,0.094594595,0.292682926,0.175675675,0.258823529,0.27027027,0.24153911857043994,0.20897910174201517,35.98998267178696,0.8967873356305063,-5.656716099745536,-1.8338282108306885,-0.48126023804174356,Braxton Fulford,29704,690924
Marcus Semien,NYM,139.0,547.0,15.0,55.0,49.0,10.0,0.08226691,0.19012797,0.125506073,0.239473684,0.214574898,0.28021978,0.340080971,0.27636134307899757,0.2996158038868624,73.84973123336,0.7695278069004416,-16.45987180956674,-6.068034648895264,-0.4828754393517437,Marcus Semien,12533,543760
Joey Meneses,ATH,9.0,25.0,0.0,1.0,2.0,0.0,0.12,0.16,0.0,0.176470588,0.15,0.28,0.15,0.219764142036438,0.32653614044189455,26.386938943810648,-0.04360004421323538,-2.18408397191191,-3.476930558681488,-0.48616279773416965,Joey Meneses,14366,608841
Carson Williams,TBR,16.0,40.0,1.0,7.0,6.0,0.0,0.05,0.325,0.108108108,0.130434782,0.108108108,0.153846153,0.216216216,0.1663452509122017,0.21712122208032852,-3.087088068921572,0.28530543111264706,-4.510718578732149,-1.7008778303861618,-0.488094585449346,Carson Williams,30038,700246
Michael Toglia,CIN,10.0,28.0,0.0,2.0,1.0,0.0,0.071428571,0.428571428,0.076923077,0.214285714,0.115384615,0.178571428,0.192307692,0.17176485913140432,0.22227600642613002,-0.2359079036165374,0.00367147708311677,-3.376883636737264,-2.338752329349518,-0.4892417926855455,Michael Toglia,25845,669911
Rafael Marchan,PHI,34.0,95.0,2.0,5.0,6.0,0.0,0.021052631,0.157894736,0.065934066,0.094594594,0.098901098,0.136842105,0.164835164,0.13878110960910195,0.20189841421026933,-23.672269213298144,-0.22101816115900874,-14.37252207424909,6.451323390007019,-0.4920030315665067,Rafael Marchan,21646,665561
Greg Jones,MIL,12.0,24.0,0.0,0.0,1.0,1.0,0.0,0.416666666,0.0,0.153846153,0.086956521,0.086956521,0.086956521,0.07739899469458539,0.1635652210401452,-60.65520684302934,-0.223824128304841,-4.868043314369986,-0.7687988877296448,-0.49446104163815136,Greg Jones,25448,675659
Osleivis Basabe,SFG,46.0,143.0,5.0,13.0,13.0,2.0,0.062937062,0.202797202,0.139534884,0.21875,0.201550387,0.267605633,0.341085271,0.2712988316173285,0.2830723972185284,71.15911228278426,-0.5029523028060794,-5.470606106186771,-4.099645793437958,-0.5010011758891616,Osleivis Basabe,23985,678545
Starling Marte,KCR,59.0,168.0,2.0,15.0,14.0,2.0,0.053571428,0.244047619,0.071895425,0.3125,0.241830065,0.297619047,0.31372549,0.2756508500093505,0.2873683860915864,70.32545987411841,-2.006463150959462,-7.804892423543558,-3.0913174152374268,-0.5031858196965487,Starling Marte,9241,516782
Chadwick Tromp,- - -,21.0,51.0,0.0,2.0,4.0,0.0,0.0,0.25490196,0.020408163,0.216216216,0.163265306,0.16,0.183673469,0.14984119653701783,0.16969387385309959,-12.471688505057342,-0.23915153043344617,-7.010509335373672,0.2820279598236084,-0.5090738028457571,Chadwick Tromp,16953,644433
Max Kepler,ARI,41.0,145.0,2.0,11.0,15.0,0.0,0.075862068,0.220689655,0.098484849,0.25,0.204545454,0.262068965,0.303030303,0.24953270703554153,0.26990723609924316,53.52732434567382,0.6749231163412333,-7.441643188579434,-2.355713814496994,-0.5175029101898017,Max Kepler,12144,596146
Edgar Quero,CHW,69.0,217.0,3.0,14.0,19.0,1.0,0.082949308,0.198156682,0.053475935,0.239726027,0.203208556,0.28372093,0.256684491,0.25063493556754535,0.2818080203633913,56.37366027884437,-0.7598058865405619,-11.770776304945223,-1.1425211429595947,-0.5317447751778936,Edgar Quero,28022,700337
Sandy Leon,ATL,21.0,44.0,0.0,0.0,0.0,0.0,0.0,0.409090909,0.0,0.153846153,0.09090909,0.09090909,0.09090909,0.08091713081706654,0.13231818242506546,-59.351904947952995,-0.10367945767939091,-8.549008927768764,1.7837457451969385,-0.5431424418577324,Sandy Leon,5273,506702
Carlos Santana,ARI,8.0,26.0,0.0,1.0,0.0,0.0,0.076923076,0.307692307,0.041666667,0.125,0.083333333,0.153846153,0.125,0.13646058852855975,0.18702800457294172,-22.310167184855075,-0.017528394499095157,-3.847914635572248,-2.3706958293914795,-0.5470725149360602,Carlos Santana,2396,467793
Nolan Gorman,STL,85.0,302.0,9.0,26.0,33.0,0.0,0.109271523,0.324503311,0.12406015,0.24691358,0.184210526,0.271523178,0.308270676,0.25973725179831186,0.2777642822265625,62.35507679684706,-1.1738094412721694,-14.867484539571803,-0.39508873224258423,-0.5542077464399371,Nolan Gorman,22263,669357
Jahmai Jones,- - -,94.0,181.0,6.0,20.0,16.0,3.0,0.093922651,0.320441988,0.1625,0.28125,0.20625,0.298342541,0.36875,0.2986129591478169,0.32821907467312283,87.77756353641888,0.2718291520141065,-2.3012517910884043,-9.55981832742691,-0.5545137240960953,Jahmai Jones,18872,663330
Gabriel Rincones,PHI,29.0,89.0,2.0,7.0,7.0,0.0,0.02247191,0.325842696,0.119047619,0.222222222,0.166666666,0.202247191,0.285714285,0.2148320996359493,0.2050738445548124,27.33514435783122,0.07229292578995228,-7.717413359599178,-0.6414371728897095,-0.5564245531390832,Gabriel Rincones,31958,687282
Jorge Soler,LAA,86.0,361.0,12.0,36.0,49.0,0.0,0.096952908,0.326869806,0.170886076,0.27368421,0.202531645,0.290858725,0.373417721,0.2945635432681879,0.2942177516271533,87.30399475363613,-2.2691251616925,-7.5999127788424845,-10.697807312011719,-0.5603529056225347,Jorge Soler,14221,624585
Patrick Wisdom,SEA,19.0,50.0,1.0,3.0,4.0,0.0,0.06,0.42,0.085106383,0.16,0.106382978,0.16,0.191489361,0.15056231070537957,0.23589241261384924,-6.845640455754012,-0.03660438163205981,-6.250213022784569,-1.0623003542423248,-0.5641000411132023,Patrick Wisdom,13602,621550
Carlos Narvaez,- - -,95.0,285.0,3.0,22.0,10.0,2.0,0.066666666,0.315789473,0.064516129,0.234177215,0.161290322,0.241007194,0.225806451,0.21863500784626969,0.25994008887115366,32.62006738147395,-1.0490844999440014,-23.384421905433264,7.722799152135849,-0.5661954410717343,Carlos Narvaez,19722,665966
Nelson Velazquez,- - -,52.0,113.0,6.0,12.0,18.0,0.0,0.079646017,0.336283185,0.217821783,0.220338983,0.188118811,0.256637168,0.405940594,0.28642603359391205,0.3395096179658333,80.27459683095836,-0.1432023379020393,-2.7422709301881913,-6.781687557697296,-0.5866609119490445,Nelson Velazquez,23359,676369
Colby Thomas,ATH,55.0,121.0,4.0,11.0,11.0,1.0,0.033057851,0.305785123,0.131578948,0.260273972,0.201754385,0.235294117,0.333333333,0.2499613676752363,0.24822493160472198,47.3611218156317,0.34792401967570186,-7.0602142667660015,-3.026731014251709,-0.5903836779238208,Colby Thomas,31855,687515
Andy Ibanez,- - -,14.0,26.0,0.0,1.0,5.0,0.0,0.038461538,0.115384615,0.0,0.09090909,0.086956521,0.115384615,0.086956521,0.09532307432248043,0.16362938284873962,-51.96792269979057,-0.0172087918035686,-4.789920073629569,-1.9358637034893036,-0.5933467156458615,Andy Ibanez,18819,628451
Pavin Smith,ARI,40.0,122.0,3.0,12.0,12.0,2.0,0.098360655,0.204918032,0.110091743,0.207317073,0.183486238,0.262295081,0.293577981,0.25223311635314444,0.2809538294057377,55.33848939198916,-1.0653472850099206,-7.628309440493851,-2.206758141517639,-0.5974814178780072,Pavin Smith,19892,656976
Andruw Monasterio,BOS,107.0,347.0,6.0,35.0,43.0,4.0,0.074927953,0.195965417,0.137380191,0.275720164,0.233226837,0.294797687,0.370607028,0.2934113032900529,0.2873595353495868,83.01270730094502,-0.9288960583508015,-7.784894810246689,-10.576008379459381,-0.6173027458731363,Andruw Monasterio,19455,655316
Jonah Heim,- - -,105.0,390.0,13.0,34.0,43.0,0.0,0.069230769,0.179487179,0.162011173,0.215827338,0.203910614,0.261538461,0.365921787,0.27541942183788004,0.285029443186782,65.63522154722465,-1.3663255223073065,-16.95966964028313,-2.8494072258472443,-0.6229963838131556,Jonah Heim,16930,641680
Kerry Carpenter,DET,81.0,259.0,13.0,27.0,36.0,0.0,0.069498069,0.289575289,0.207792208,0.239726027,0.207792207,0.276264591,0.415584415,0.30068898688030615,0.2950827804266238,90.0532914389009,-0.8207403714768589,-3.8171159066290095,-11.55141830444336,-0.630171980202869,Kerry Carpenter,25961,681481
Blake Perkins,MIL,55.0,101.0,1.0,14.0,11.0,3.0,0.0990099,0.217821782,0.101123596,0.196969696,0.15730337,0.25,0.258426966,0.23560064256191254,0.26393951416015626,45.45066866962699,0.16235735546797514,-6.473812081839836,-3.176234245300293,-0.6481618806548431,Blake Perkins,19921,663368
Abimelec Ortiz,WSN,44.0,136.0,5.0,16.0,14.0,0.0,0.051470588,0.264705882,0.15625,0.21590909,0.1875,0.227941176,0.34375,0.2459613738236604,0.27067543312355324,49.588166986005504,0.5488022696226835,-7.709258193552994,-3.128899186849594,-0.6532646836937351,Abimelec Ortiz,29539,694673
Jhostynxon Garcia,PIT,20.0,50.0,0.0,2.0,2.0,0.0,0.02,0.32,0.020833334,0.25,0.166666666,0.2,0.1875,0.1783890390396118,0.2399936189838484,3.117815793761055,0.10262429108843207,-5.7321033263163494,-2.4149000495672226,-0.6639608303542912,Jhostynxon Garcia,28142,691373
Rece Hinds,- - -,25.0,71.0,0.0,2.0,6.0,0.0,0.070422535,0.450704225,0.07936508,0.272727272,0.142857142,0.211267605,0.222222222,0.1984203080056419,0.18413233281909555,20.553562979793874,-0.19525497872382402,-6.959548863124475,-2.014614775776863,-0.6688266279326484,Rece Hinds,27493,677956
Christian Moore,LAA,38.0,147.0,2.0,5.0,18.0,1.0,0.074829931,0.326530612,0.089552238,0.270588235,0.186567164,0.25170068,0.276119402,0.2392614796048119,0.25431037275758506,48.892664840783354,-1.2866207091137767,-10.024733704365927,-1.8572686612606049,-0.6793288353608992,Christian Moore,34979,695681
Austin Wynns,- - -,34.0,89.0,1.0,4.0,1.0,0.0,0.056179775,0.269662921,0.036585366,0.192982456,0.146341463,0.195402298,0.182926829,0.17622401316960654,0.24014735221862793,2.145431553206768,-0.25335982628166676,-10.481963932334219,0.39576485753059387,-0.7099463191771366,Austin Wynns,15271,642851
Moises Ballesteros,- - -,104.0,352.0,9.0,26.0,35.0,1.0,0.085227272,0.232954545,0.116719242,0.256521739,0.214511041,0.28125,0.331230283,0.2737193498760462,0.28963883446152733,72.11285695816592,-0.9093373343348503,-12.384500593690491,-6.556255294010043,-0.7104407795155634,Moises Ballesteros,28820,694208
Otto Kemp,PHI,13.0,27.0,0.0,0.0,0.0,0.0,0.037037037,0.37037037,0.0,0.133333333,0.08,0.148148148,0.08,0.11879885196685791,0.2053212942900481,-37.07437323959672,-0.02297204468777636,-4.480834802174324,-3.463213473558426,-0.7194361591056435,Otto Kemp,31792,805249
TJ Friedl,CIN,91.0,272.0,4.0,20.0,13.0,5.0,0.080882352,0.231617647,0.083682008,0.213872832,0.171548117,0.254681647,0.255230125,0.2362221432535836,0.2499944833608774,42.99560489761245,0.7342694117687643,-17.941732363115765,1.8053186051547527,-0.742488885667173,TJ Friedl,19522,670770
Lenyn Sosa,- - -,40.0,117.0,1.0,11.0,9.0,0.0,0.008547008,0.213675213,0.088495575,0.238636363,0.194690265,0.206896551,0.28318584,0.21351824649449053,0.24922134136331492,30.69000439397859,0.3196103610098362,-9.112281616261201,-2.3667321503162384,-0.7465493916220164,Lenyn Sosa,22896,672820
Edouard Julien,COL,88.0,276.0,3.0,37.0,20.0,5.0,0.141304347,0.257246376,0.084745763,0.283950617,0.207627118,0.322463768,0.292372881,0.28659376717995905,0.3382808298304461,66.20814411999919,-0.8795640449970961,-12.113392488452613,-4.41431051492691,-0.7690861081265058,Edouard Julien,27534,666397
Adrian Del Castillo,ARI,64.0,197.0,5.0,18.0,24.0,1.0,0.065989847,0.284263959,0.1160221,0.247933884,0.193370165,0.246153846,0.309392265,0.24745985636344323,0.25626666275496335,52.137063003045824,-0.36850733729079366,-11.725732387273752,-2.694678746163845,-0.8160549495721416,Adrian Del Castillo,29554,680728
Tommy White,ATH,56.0,195.0,3.0,19.0,10.0,0.0,0.025641025,0.179487179,0.074074075,0.296052631,0.253968253,0.271794871,0.328042328,0.264359280696282,0.2913888197678786,57.36152596825648,-0.4389536236412823,-10.109552061541603,-4.819645881652832,-0.8163757400172367,Tommy White,35107,695720
Matt Wallner,MIN,34.0,135.0,4.0,14.0,10.0,0.0,0.074074074,0.392592592,0.125,0.253968253,0.166666666,0.259259259,0.291666666,0.2531937188572354,0.28112736454716436,57.42608759646206,-0.38655038736760616,-7.071442704440399,-6.023045063018799,-0.8460772472703397,Matt Wallner,26466,670242
Nick Castellanos,SDP,39.0,122.0,4.0,9.0,20.0,2.0,0.040983606,0.278688524,0.147826087,0.227848101,0.191304347,0.221311475,0.339130434,0.2385855361449817,0.28507815904853756,50.44925012003117,0.15137033676728606,-7.130060403279266,-5.196231722831726,-0.8511234037557174,Nick Castellanos,11737,592206
Leo Jimenez,MIA,66.0,194.0,2.0,18.0,14.0,1.0,0.092783505,0.195876288,0.060240964,0.244094488,0.19879518,0.305699481,0.259036144,0.2672451839545848,0.3143491744995117,64.5549607499732,-0.5166122508235276,-8.799158172898036,-6.161120295524597,-0.8809522785735643,Leo Jimenez,23782,677870
Logan O'Hoppe,- - -,85.0,274.0,4.0,25.0,24.0,0.0,0.062043795,0.244525547,0.083665339,0.28021978,0.219123505,0.274725274,0.302788844,0.2600424342103057,0.2670467345269172,63.40004433784213,-2.2919851122424006,-13.956003811496004,-4.525889039039612,-0.8930307841299091,Logan O'Hoppe,24729,681351
Lourdes Gurriel Jr.,ARI,51.0,201.0,2.0,13.0,22.0,1.0,0.049751243,0.189054726,0.080645161,0.248322147,0.209677419,0.253731343,0.29032258,0.24285977040950338,0.27331971884959966,49.05178447304219,0.7462136559188366,-11.588574517626737,-4.317249059677124,-0.9540494290577266,Lourdes Gurriel Jr.,19238,666971
Marcell Ozuna,PIT,70.0,280.0,8.0,22.0,29.0,0.0,0.096428571,0.285714285,0.123505977,0.26380368,0.20318725,0.285714285,0.326693227,0.2755577598421377,0.3036271247310915,68.28889543917225,-0.9472339451313019,-11.642117538252448,-7.129629135131836,-0.984320004348876,Marcell Ozuna,10324,542303
Rob Refsnyder,SEA,53.0,129.0,4.0,9.0,11.0,0.0,0.062015503,0.286821705,0.114035087,0.157894736,0.140350877,0.2109375,0.254385964,0.2072841445292075,0.2545752449641152,32.55182372444724,-0.1946646091528237,-10.31458291749042,-4.286790132522583,-1.021149639770958,Rob Refsnyder,13770,608701
Christopher Morel,- - -,36.0,105.0,1.0,6.0,6.0,1.0,0.057142857,0.333333333,0.071428572,0.258064516,0.173469387,0.228571428,0.244897959,0.216140311672574,0.21071899959019252,31.24822689797581,0.2956777741201222,-8.399527978683285,-5.304493546485901,-1.0476724725119304,Christopher Morel,21897,666624
Tyler Freeman,COL,79.0,288.0,3.0,29.0,23.0,6.0,0.038194444,0.118055555,0.066666667,0.275229357,0.247058823,0.316725978,0.31372549,0.28863054238180247,0.3090630940028599,67.57420963782049,-2.099462931510061,-13.3478361911828,-6.995740175247192,-1.1178714137807275,Tyler Freeman,22532,671289
Salvador Perez,KCR,152.0,627.0,21.0,50.0,78.0,1.0,0.039872408,0.189792663,0.153448276,0.250559284,0.229310344,0.2736,0.38275862,0.2848640790514624,0.3163955786603823,76.7247216169239,-3.8667675564065576,-20.840584337123726,-12.392359495162964,-1.1211492829699774,Salvador Perez,7304,521692
Mark Vientos,NYM,87.0,295.0,13.0,28.0,41.0,0.0,0.050847457,0.240677966,0.182481751,0.233160621,0.211678832,0.257627118,0.394160583,0.28285397230568576,0.30415049407441735,78.20433889872737,-1.1312420386821032,-8.87583725165941,-12.029703617095947,-1.1519146190789995,Mark Vientos,22184,668901
Jordan Beck,COL,63.0,180.0,1.0,17.0,11.0,2.0,0.077777777,0.316666666,0.09090909,0.296296296,0.2,0.261111111,0.29090909,0.24827395081520082,0.25263331981187453,40.50703594774596,-0.40277604199945927,-13.301441319496055,-4.3298715353012085,-1.1992469563910382,Jordan Beck,31431,687597
Ha-seong Kim,ATL,51.0,147.0,0.0,11.0,9.0,2.0,0.108843537,0.258503401,0.023255814,0.164835164,0.116279069,0.219178082,0.139534883,0.18033552210624904,0.2217648294236925,7.328029123562972,-0.2966452641412616,-16.705278017942646,-0.14505064487457275,-1.2289746554330843,Ha-seong Kim,27506,673490
Ke'Bryan Hayes,CIN,94.0,242.0,5.0,19.0,9.0,1.0,0.053719008,0.198347107,0.083700441,0.155172413,0.140969162,0.194214876,0.224669603,0.19116902868609784,0.2870774409941983,12.778472331685698,-0.08203485375270247,-25.506142338141522,5.163855195045471,-1.2700182245442633,Ke'Bryan Hayes,18577,663647
Noelvi Marte,CIN,63.0,201.0,6.0,19.0,15.0,7.0,0.049751243,0.258706467,0.131578947,0.225563909,0.189473684,0.228855721,0.321052631,0.24169530441511922,0.23687193128797743,46.66645513650266,0.6616615331731737,-12.250625416061432,-7.642290353775024,-1.3599919539845713,Noelvi Marte,26517,682622
Jorge Polanco,NYM,37.0,145.0,2.0,7.0,6.0,0.0,0.062068965,0.248275862,0.081481481,0.18556701,0.148148148,0.201388888,0.229629629,0.19625807677706084,0.23384912808736166,20.124455188711313,-0.41105257626622915,-14.361511560482997,-4.1106473207473755,-1.4007207560809238,Jorge Polanco,13152,593871
