Name,Team,W,L,SV,G,GS,IP,K%,BB%,K/9,BB/9,HR/9,BABIP,LOB%,GB%,HR/FB,vFA (pi),ERA,ERA-,xERA,FIP,xFIP,WAR,NameASCII,PlayerId,MLBAMID
Jacob Misiorowski,MIL,16.0,5.0,0.0,30.0,30.0,174.2,0.37894737,0.06616541,12.984732446314325,2.267175506499327,0.7213740247952403,0.23699421965317918,0.81916538,0.441011235,0.103703703,100.58884621121719,1.8034350619881008,43.430747270939726,2.117843035255564,2.1675145166180467,2.2925293574490118,6.647137641906738,Jacob Misiorowski,31623,694819
Cristopher Sanchez,PHI,18.0,7.0,0.0,33.0,33.0,207.0,0.26954492,0.05250875,10.043478260869565,1.9565217391304348,0.8260869565217391,0.3327338129496403,0.79684764,0.576719576,0.132867132,,2.9130434782608696,67.24899248505827,3.390692892661209,2.801203688100917,2.6510350512061724,6.24037504196167,Cristopher Sanchez,20778,650911
Cameron Schlittler,NYY,14.0,6.0,0.0,33.0,33.0,193.2,0.31406045,0.06438896,11.106713147934572,2.2771085533422344,0.7435456500709337,0.25055432372505543,0.81683168,0.43231441,0.09090909,98.01906642645972,1.951807331436201,47.05050704703811,2.849119891502424,2.5585518931367544,2.8567015743360527,6.23089599609375,Cameron Schlittler,32095,693645
Chris Sale,ATL,14.0,9.0,0.0,27.0,27.0,162.2,0.30864198,0.04783951,11.065574462488797,1.7151640416857636,0.5532787231244398,0.30357142857142855,0.8136646,0.4475,0.069930069,96.14441021126761,2.1577870201853155,51.404268746325364,2.9674343595823984,2.289245135730965,2.8174117189414747,5.828738212585449,Chris Sale,10603,519242
Jesus Luzardo,PHI,14.0,5.0,0.0,30.0,29.0,179.2,0.30273973,0.07123288,11.07050155444322,2.604823895163111,0.7513915082201281,0.2923433874709977,0.75956284,0.486301369,0.101351351,96.82215871161549,2.855287731236487,65.91567362916174,2.832603254326717,2.7779005409300144,2.936330443646364,5.52180874440819,Jesus Luzardo,19959,666200
Dylan Cease,TOR,11.0,6.0,0.0,29.0,29.0,169.0,0.34890511,0.11386861,12.727810650887575,4.153846153846154,0.5857988165680473,0.2740112994350282,0.77764977,0.421487603,0.080882352,96.81802200046685,2.396449704142012,58.03261466880675,2.9208341923162284,2.556341898088625,2.925252086946951,5.501364231109619,Dylan Cease,18525,656302
Tarik Skubal,- - -,12.0,7.0,0.0,26.0,26.0,158.2,0.3,0.04354839,10.550420337170838,1.5315126295893153,0.7941176597870524,0.28865979381443296,0.76589595,0.43076923,0.09929078,96.78951154436383,2.722689119269894,65.10392545285279,2.9360398574041957,2.508283612027898,2.7030018966447162,5.211297988891602,Tarik Skubal,22267,669373
Drew Rasmussen,TBR,16.0,5.0,0.0,30.0,30.0,172.0,0.26008969,0.04783259,9.104651162790697,1.6744186046511629,0.7325581395348837,0.251131221719457,0.76869806,0.43902439,0.084337349,95.84322567114094,2.6686046511627906,63.94212800837343,3.0486267982457607,2.8158368753832437,3.2149223079341787,4.97234582901001,Drew Rasmussen,25385,656876
Parker Messick,CLE,12.0,9.0,0.0,32.0,32.0,186.1,0.2583668,0.06559572,9.32200383227637,2.366726361562394,0.8211091458481775,0.2727272727272727,0.81369248,0.44308943,0.092896174,94.35207021730301,2.559928513526671,61.90759874694418,3.1334932653840806,3.068520237652764,3.3653588261045995,4.919483661651611,Parker Messick,31986,800048
Reid Detmers,LAA,7.0,8.0,0.0,32.0,32.0,185.0,0.28513514,0.06486486,10.264864864864865,2.3351351351351353,0.9243243243243243,0.2735229759299781,0.73356808,0.371794871,0.091787439,94.0532413808997,3.3567567567567567,81.49199472664947,3.2873313641553574,3.0142341098269902,3.368549894279725,4.892857074737549,Reid Detmers,27468,672282
Yoshinobu Yamamoto,LAD,14.0,9.0,0.0,28.0,28.0,185.0,0.25706215,0.05932203,8.854054054054053,2.0432432432432432,0.972972972972973,0.21663019693654267,0.80714286,0.485106382,0.120481927,96.0878469797486,2.5297297297297296,60.45077665114375,2.942882889000001,3.333153028745909,3.2825729984689405,4.665648460388184,Yoshinobu Yamamoto,33825,808967
Jacob deGrom,TEX,11.0,11.0,0.0,31.0,31.0,162.2,0.3008982,0.06886228,11.120902334801242,2.5450821263724235,1.1065574462488796,0.2982456140350877,0.69811321,0.36231884,0.114285714,97.33584933810764,4.204918295745743,103.38601884479509,3.4654352514373667,3.1130156790495755,3.1390305749998366,4.302270412445068,Jacob deGrom,10954,594798
Chase Burns,CIN,15.0,3.0,0.0,29.0,29.0,154.1,0.29365079,0.08888889,10.788337288589553,3.265658854924405,0.9913607238163373,0.2884097035040431,0.80788804,0.366233766,0.101796407,97.64550369198312,2.857451498058855,66.83405005443396,3.2364317014143396,3.243269197123669,3.445121839725137,4.297057151794434,Chase Burns,35333,695505
Paul Skenes,PIT,10.0,11.0,0.0,32.0,32.0,174.1,0.28089888,0.06882022,10.325048102385718,2.529636785084501,1.0325048102385719,0.2916666666666667,0.69662921,0.398648648,0.110497237,96.80940810381355,3.820267797882716,88.38936908515785,3.2822349333313077,3.330166109699826,3.4064058670271002,4.192317962646484,Paul Skenes,33677,694973
Payton Tolle,BOS,9.0,6.0,0.0,26.0,26.0,148.2,0.28358209,0.06633499,10.35201864555726,2.421524829370119,0.9080718110137947,0.29110512129380056,0.77702703,0.373015873,0.083798882,96.1041282571288,3.026906036712649,71.03197945286178,2.6928496566296007,3.0401824755792237,3.5464919663277366,4.147975444793701,Payton Tolle,35466,801139
Bryan Woo,SEA,12.0,10.0,0.0,30.0,30.0,173.0,0.24647887,0.05492958,9.104046242774567,2.0289017341040463,0.9364161849710982,0.2851063829787234,0.66168009,0.37577002,0.09,96.0795894559174,4.005780346820809,103.24118909346993,3.6662128794422295,3.245229266833708,3.6381723297124653,4.080615997314453,Bryan Woo,30279,693433
Zack Wheeler,PHI,14.0,5.0,0.0,28.0,28.0,162.0,0.29922481,0.07286822,10.722222222222221,2.611111111111111,1.1666666666666667,0.26842105263157895,0.82295989,0.4325,0.143835616,95.22032076719577,3.0,69.25642509655255,2.8632590674228124,3.3476341765603905,3.0232192346527254,4.036739349365234,Zack Wheeler,10310,554430
Trevor Rogers,BAL,10.0,11.0,0.0,30.0,30.0,169.2,0.22460658,0.05579399,8.328094801872856,2.0687624030130025,1.0078586065960782,0.2972972972972973,0.69334837,0.383064516,0.087557603,93.82450154136833,4.031434426384313,99.24997107863844,3.5967468748339506,3.4484612851390244,3.923789668948146,3.951871633529663,Trevor Rogers,22286,669432
Cade Cavalli,WSN,13.0,5.0,0.0,32.0,32.0,169.2,0.28328612,0.06798867,10.609037964169243,2.5461691114006184,0.9548134167752319,0.30660377358490565,0.77087794,0.498861047,0.127659574,96.82898057245575,3.0235758197882343,70.76245381663858,3.6688987979965932,3.253962255795922,3.129573057752633,3.892209053039551,Cade Cavalli,27473,676917
Ranger Suarez,BOS,8.0,5.0,0.0,28.0,28.0,148.1,0.22875817,0.0751634,8.4943823137393,2.7910113316571983,0.6067415938385213,0.293398533007335,0.75147929,0.418886198,0.072463768,91.51277488425926,3.2157304473441632,75.4630954153325,3.6076316994837883,3.1613947556973288,3.689702279986868,3.802816152572632,Ranger Suarez,17277,624133
Mason Miller,SDP,5.0,2.0,38.0,66.0,0.0,70.0,0.47426471,0.09558824,16.585716093413883,3.342857507199697,0.3857143277538112,0.30357142857142855,0.80592105,0.45614035,0.069767441,101.44576295045044,1.6714287535998484,41.535538909425256,1.6968719846163898,1.1721489575444208,1.5425135296791754,3.745149850845337,Mason Miller,31757,695243
Braxton Ashcraft,PIT,14.0,6.0,0.0,28.0,28.0,165.1,0.25937031,0.05247376,9.417338999389495,1.9052419940961405,1.1975806820032884,0.28604651162790695,0.72983355,0.456570155,0.142857142,97.28118656968877,3.647177531555469,84.3845871575855,3.426204818413387,3.4999141569812395,3.1764702684386505,3.554318904876709,Braxton Ashcraft,23793,677952
Gavin Williams,CLE,14.0,8.0,0.0,32.0,32.0,184.1,0.33243968,0.08176944,12.108499429947628,2.978300263011312,1.3670886453166677,0.2878411910669975,0.75669383,0.435294117,0.169696969,97.649692907911,3.7594937746208363,90.91708259080511,3.8188746577309383,3.4750424872930408,2.8518930956829265,3.5486690998077393,Gavin Williams,30122,668909
Max Fried,NYY,5.0,5.0,0.0,20.0,20.0,112.2,0.23963134,0.07603687,8.307692495214981,2.6360947340586,0.31952663443134544,0.25773195876288657,0.72878229,0.49134948,0.038095238,94.8276120580808,2.795858051274273,67.39729727687946,2.515833904342077,2.648057864202404,3.593670788085077,3.5301296710968018,Max Fried,13743,608331
Nolan McLean,NYM,12.0,10.0,0.0,31.0,31.0,179.2,0.25970549,0.09370817,9.71799683964699,3.5064937050272644,0.8515770426494785,0.2727272727272727,0.74552684,0.454545454,0.107594936,96.04042691710993,3.155844334524538,76.84058224102738,3.6123702117083925,3.5905165424125234,3.6882727357227303,3.463508367538452,Nolan McLean,33703,690997
Sonny Gray,BOS,18.0,5.0,0.0,29.0,29.0,169.0,0.2181552,0.06734993,7.93491124260355,2.4497041420118344,0.8520710059171598,0.2826552462526767,0.83238958,0.460416666,0.099378881,91.5191570531542,2.7159763313609466,63.73543566393967,3.8481917613958867,3.4735016614022345,3.681153825022413,3.370901346206665,Sonny Gray,12768,543243
Shane Baz,BAL,6.0,15.0,0.0,31.0,31.0,179.2,0.20026008,0.08192458,7.714286151059982,3.155844334524538,0.7513915082201281,0.3088512241054614,0.68722467,0.379373848,0.071090047,95.82494969818913,4.107606911603367,101.12526313486063,4.258469777446976,3.62391172055564,4.31178561732038,3.3616693019866943,Shane Baz,22264,669358
Sean Burke,CHW,11.0,7.0,0.0,32.0,27.0,172.1,0.25837989,0.08659218,9.661508989212626,3.2379111207090965,0.992263085378594,0.2834467120181406,0.78556263,0.349450549,0.091787439,94.77848566124884,3.342359866538422,80.80788558289946,3.7842651924216804,3.6229643254601056,4.003322673961219,3.24031263589859,Sean Burke,29878,680732
Sandy Alcantara,MIA,13.0,11.0,3.0,36.0,33.0,214.0,0.17114094,0.06599553,6.434579439252336,2.4813084112149535,1.0093457943925233,0.2773497688751926,0.7340604,0.418674698,0.094488188,97.46875262904811,3.869158878504673,91.18437188918277,3.8122172131609746,4.08202900752843,4.416204336243812,3.223455388098955,Sandy Alcantara,18684,645261
Eduardo Rodriguez,ARI,16.0,7.0,0.0,32.0,32.0,189.2,0.18147208,0.0786802,6.785589116133122,2.9420036727290455,0.9015817706750301,0.27353463587921845,0.80229226,0.388111888,0.081896551,92.05106163336052,2.8945520005882543,68.80766125986696,4.274900964659303,3.8915817986599945,4.436199475630011,3.1482999324798584,Eduardo Rodriguez,13164,593958
Kevin Gausman,- - -,9.0,12.0,0.0,32.0,32.0,177.2,0.24533333,0.06266667,9.320825849494643,2.380863124599175,1.3170732178633733,0.31097560975609756,0.68730325,0.400785854,0.126829268,93.84779750164365,4.508442938070778,109.3659510083481,4.017276031727238,3.742371651169992,3.5821200241875712,3.147268831729889,Kevin Gausman,14107,592332
Logan Webb,SFG,8.0,9.0,0.0,27.0,27.0,160.2,0.2005988,0.06137725,7.506223828763722,2.2966804252187507,0.7282157445815551,0.2857142857142857,0.65818584,0.507337526,0.091549295,92.26420349482248,4.313277871752288,105.80018399251273,4.079017749013977,3.4554923693147472,3.7380973172981165,3.0747759342193604,Logan Webb,17995,657277
Louie Varland,TOR,5.0,6.0,35.0,71.0,0.0,78.0,0.31596091,0.07491857,11.192308787058199,2.653846413426171,0.23076925334140613,0.2864864864864865,0.7712766,0.557377049,0.04347826,98.80648330058939,1.2692308933777339,30.735795219831797,2.3696337921844957,1.8314897029357429,2.3886077634795795,3.0709891319274902,Louie Varland,27691,686973
Shohei Ohtani,LAD,8.0,2.0,0.0,14.0,14.0,85.2,0.27941176,0.07647059,9.980545043367766,2.7315175908164413,0.4202334755102217,0.24401913875598086,0.81081081,0.511848341,0.057142857,98.06926780523256,1.7859922709184424,42.67832195714222,2.7316289894438506,2.610448208218218,3.237211290528526,2.9403467178344727,Shohei Ohtani,19755,660271
Nick Martinez,TBR,15.0,6.0,0.0,31.0,31.0,180.0,0.15096953,0.03601108,5.45,1.3,1.1,0.26512455516014233,0.81560284,0.35467128,0.088,92.72201135023585,3.1,74.27874216571834,3.973251252354343,3.961831707424588,4.470020248244206,2.9209811687469482,Nick Martinez,12730,607259
Jhoan Duran,PHI,2.0,6.0,33.0,61.0,0.0,59.1,0.3559322,0.04237288,12.741573306771038,1.5168539650917903,0.30337079301835806,0.34558823529411764,0.81395349,0.595588235,0.066666666,100.46188826650943,1.8202247581101483,42.02075320631532,2.045414788459131,1.4153273017670431,1.7405554966308543,2.8644816875457764,Jhoan Duran,21029,661395
Logan Gilbert,SEA,12.0,11.0,0.0,32.0,32.0,186.0,0.27333333,0.06533333,9.919354838709678,2.370967741935484,1.403225806451613,0.26956521739130435,0.78384798,0.38125,0.142156862,96.36910774410775,3.725806451612903,96.02540706005536,3.619010795263622,3.8265270479263798,3.4556600203757646,2.8463082313537598,Logan Gilbert,22250,669302
MacKenzie Gore,TEX,8.0,11.0,0.0,34.0,34.0,173.0,0.232,0.09466667,9.052023121387283,3.69364161849711,0.9884393063583815,0.29436325678496866,0.70482498,0.394308943,0.094527363,95.13288478647686,4.578034682080925,112.55980416851435,4.158372036803889,3.869506723481107,4.1960329987840845,2.819648504257202,MacKenzie Gore,22201,669022
Adrian Morejon,SDP,9.0,3.0,3.0,76.0,0.0,86.0,0.30397727,0.07954545,11.197676405383515,2.9302330780442842,0.41860472543489774,0.2932692307692308,0.71428571,0.580188679,0.08,99.26256475601605,2.8255818966855597,70.21661351629946,2.3339403354918193,2.3681623268024055,2.6413575784086265,2.808239221572876,Adrian Morejon,20039,670970
Taj Bradley,MIN,12.0,6.0,0.0,31.0,31.0,178.1,0.27406417,0.10160428,10.34579468759682,3.8355141280846747,1.1607476966572041,0.27045454545454545,0.77976818,0.356521739,0.117948717,97.17589860515021,3.734579545766657,89.65057366181226,3.9738086065195546,3.8240851029259373,3.7984570898458827,2.7975473403930664,Taj Bradley,22543,671737
Dustin May,- - -,7.0,9.0,0.0,31.0,31.0,145.2,0.23188406,0.0805153,8.897025326954042,3.0892449051923756,0.8649885734538652,0.31840796019900497,0.67611778,0.418491484,0.091503267,96.90788525062919,4.695652255892411,113.66850552647564,4.431002557345638,3.6293247245352833,3.965805620501446,2.7539442032575607,Dustin May,19716,669160
Noah Cameron,KCR,9.0,8.0,0.0,31.0,30.0,177.1,0.21179625,0.07774799,8.018797222475818,2.9436091069847943,1.0657895042531151,0.2757936507936508,0.70247934,0.388349514,0.100478468,92.52259108728641,4.11090237354773,96.1470831560556,4.114512631819693,3.9240288906042426,4.164075203631357,2.7520577907562256,Noah Cameron,30184,702070
Michael Soroka,ARI,9.0,5.0,0.0,22.0,21.0,116.0,0.2410148,0.06131078,8.844827586206897,2.25,0.7758620689655172,0.2779552715654952,0.7394958,0.359375,0.08,93.54531625600961,3.413793103448276,81.15076855610182,4.096930042166108,3.186927492865201,3.6932806710873187,2.7189225666224957,Michael Soroka,18383,647336
Andre Pallante,STL,12.0,9.0,0.0,29.0,29.0,162.0,0.16200295,0.0736377,6.111111111111111,2.7777777777777777,0.6666666666666666,0.2874251497005988,0.71209016,0.554240631,0.093023255,95.20798399390245,3.8333333333333335,93.00204568045523,4.145905970529538,3.7426959049554522,3.9820573350253667,2.6924309730529785,Andre Pallante,26108,669467
Michael King,SDP,12.0,10.0,0.0,32.0,32.0,185.0,0.21003963,0.09247028,7.735135135135135,3.4054054054054053,0.972972972972973,0.2585858585858586,0.80295567,0.445759368,0.101522842,94.26622645902317,3.210810810810811,79.78967519614876,4.397701795273532,4.133153028745909,4.335582556474853,2.6501481533050537,Michael King,19853,650633
Jared Jones,PIT,5.0,6.0,0.0,21.0,21.0,101.2,0.29638554,0.0746988,10.888524862533941,2.7442623637280663,1.0622951085398966,0.27235772357723576,0.72765073,0.362204724,0.104347826,98.21483349737532,3.7180328798896385,86.02396425545213,3.1703893699448407,3.218753386151243,3.3922420250470022,2.649280309677124,Jared Jones,27863,683003
Foster Griffin,- - -,15.0,6.0,0.0,31.0,31.0,172.2,0.21914008,0.06241331,8.235521538764687,2.345559931926651,1.198841742984733,0.2907216494845361,0.76552463,0.447316103,0.130681818,91.51860169926148,3.5965252289541985,85.18761688086309,4.349770426243324,3.957863485017537,3.765247562245585,2.596821367740631,Foster Griffin,16432,656492
Davis Martin,CHW,9.0,8.0,0.0,29.0,28.0,146.0,0.19773096,0.07455429,7.520548485573242,2.835616642101386,0.8630137606395524,0.31058823529411766,0.73464912,0.434482758,0.092715231,93.8700162865934,3.945205762923668,95.38282788846027,4.687186298499432,3.826748045740402,4.141777233841063,2.5882637947797775,Davis Martin,21448,663436
Cade Smith,CLE,6.0,1.0,41.0,69.0,0.0,74.0,0.36271186,0.0779661,13.013514855205933,2.797297585698472,0.6081081708040156,0.27564102564102566,0.80882353,0.4125,0.076923076,97.47908745247149,1.9459461465728498,47.05945989844496,2.8246132468891028,2.1818015826540753,2.629683030321946,2.5781257152557373,Cade Smith,27867,671922
Jose Soriano,- - -,12.0,8.0,0.0,32.0,32.0,177.1,0.22684564,0.09798658,8.577067730674656,3.704887244610946,0.9135338411369456,0.28781512605042014,0.72710104,0.531697341,0.133333333,97.08059371145148,3.9078947648636007,94.7730288176049,4.434419366657117,3.901472481754503,3.731374319826172,2.5698136687278748,Jose Soriano,22100,667755
Kyle Leahy,STL,10.0,5.0,0.0,30.0,30.0,140.0,0.22147651,0.06879195,8.485714285714286,2.6357142857142857,0.9642857142857143,0.32754342431761785,0.78488372,0.450602409,0.111940298,94.25107179752067,3.664285714285714,88.9007132311929,4.866610671387482,3.5935777391706196,3.6459065278725964,2.5576179027557373,Kyle Leahy,24763,681517
Walbert Urena,LAA,9.0,11.0,0.0,29.0,27.0,148.1,0.2272,0.1088,8.615730964863923,4.12584299725878,0.6067416172439382,0.26262626262626265,0.76271186,0.555831265,0.084745762,97.88195986540421,2.9730339244952972,72.17635427692001,3.292251556108768,3.6198217577332903,3.94454783821267,2.553012941032648,Walbert Urena,29357,700712
Ryan Weathers,NYY,5.0,8.0,0.0,25.0,25.0,137.1,0.25176056,0.06690141,9.371359570377667,2.4902913543660934,1.1796116941734127,0.30601092896174864,0.75445816,0.486842105,0.14876033,95.76758584486166,3.604369065529872,86.88736300270565,4.325212257013645,3.617710906722812,3.244148167228881,2.5483343601226807,Ryan Weathers,23796,677960
Joe Ryan,MIN,7.0,10.0,0.0,27.0,27.0,144.2,0.25895765,0.0504886,9.891704721346922,1.9285713607657522,1.3064515669703483,0.29743589743589743,0.70580475,0.365196078,0.112903225,93.46374161655874,3.794930742151964,91.09933631656747,3.706999586170029,3.7021030636490337,3.7563008224801346,2.529680013656616,Joe Ryan,21390,657746
George Kirby,SEA,9.0,11.0,0.0,30.0,30.0,174.2,0.19973009,0.0634278,7.625954642606234,2.421755866233061,1.133587852279305,0.33589251439539347,0.73080481,0.433333333,0.112244897,96.72295519770408,4.328244526884619,111.55207548949022,4.196311116624791,3.9022473605513692,3.9591532811201184,2.504894495010376,George Kirby,25436,669923
Trevor Megill,MIL,3.0,3.0,30.0,63.0,0.0,61.2,0.28512397,0.06198347,10.070270685567936,2.1891892794712904,0.14594595196475268,0.25,0.65934066,0.346405228,0.013513513,97.93893805309735,2.6270271353655485,63.26468526356881,2.627805407274172,1.8520718961705926,3.4531360506557705,2.504150629043579,Trevor Megill,17722,656730
Keider Montero,DET,10.0,9.0,1.0,32.0,25.0,155.0,0.1712,0.0592,6.212903684522839,2.148387255395748,0.9870968470737221,0.2336244541484716,0.71927374,0.394456289,0.078703703,94.2975420586107,3.483871224966078,83.33739889377405,3.520394340213928,3.9781400159345632,4.656446400649838,2.4956746697425842,Keider Montero,22630,672456
Landen Roupp,SFG,9.0,14.0,0.0,29.0,29.0,155.0,0.21765601,0.11415525,8.303225806451612,4.354838709677419,0.6387096774193548,0.2718676122931442,0.69254984,0.491725768,0.076388888,92.85640775240384,4.006451612903226,98.27405755105136,3.840097795856103,3.72652704792638,4.206688260263013,2.4945261478424072,Landen Roupp,30076,694738
Andrew Alvarez,WSN,2.0,6.0,1.0,25.0,17.0,112.2,0.2410148,0.10782241,9.1065096979545,4.073964864874382,0.5591716481200132,0.2953020134228188,0.76149425,0.498349834,0.081395348,92.24741145333493,3.434911552737224,80.38917645922628,4.191145758350078,3.322614107472212,3.667445805300853,2.479880213737488,Andrew Alvarez,29914,674841
Michael Wacha,KCR,9.0,10.0,0.0,32.0,32.0,200.2,0.19458128,0.06650246,7.08637909677596,2.421927033075328,1.3455150183751823,0.24511545293072823,0.78609626,0.352233676,0.115384615,93.15535714285714,3.3189370453254496,77.62434791445297,4.001806034396471,4.381451558248372,4.394273293988548,2.4508373737335205,Michael Wacha,14078,608379
Eury Perez,MIA,8.0,11.0,0.0,30.0,29.0,159.0,0.25757576,0.1030303,9.622641509433961,3.849056603773585,1.1320754716981132,0.2653061224489796,0.7183908,0.386308068,0.11235955,98.18563070567514,3.9056603773584904,92.04460181266562,4.047211250726925,4.069274055432974,4.124377472989215,2.4486064016819,Eury Perez,27768,691587
Tanner Scott,LAD,1.0,6.0,25.0,69.0,0.0,63.2,0.32669323,0.05976096,11.591624194202542,2.120419059915099,0.5654450826440265,0.2953020134228188,0.75342466,0.393333333,0.068965517,96.8896422436575,2.685864142559126,64.18178649246607,3.037033354364548,2.0954848938352075,2.6542381454124553,2.4280872344970703,Tanner Scott,17586,656945
Peter Lambert,HOU,8.0,10.0,0.0,29.0,29.0,155.2,0.23192771,0.08885542,8.90364083879562,3.411135126551569,0.9828694432436724,0.28199052132701424,0.75873362,0.361948955,0.088082901,93.90552696814903,3.815846073769552,93.03553597390585,3.706254491314164,3.9101424907494424,4.3624543809000755,2.4116036891937256,Peter Lambert,17969,663567
Shane McClanahan,TBR,10.0,7.0,0.0,24.0,24.0,118.0,0.21765914,0.08008214,8.084745762711865,2.9745762711864407,0.7627118644067796,0.2530487804878049,0.68852459,0.441717791,0.078740157,95.60753284801136,3.3559322033898304,80.41110414878202,4.284998052671149,3.4990256810592393,4.022388055402849,2.4114763736724854,Shane McClanahan,21483,663556
Logan Henderson,MIL,11.0,3.0,0.0,18.0,18.0,98.1,0.29649596,0.05121294,10.067797130923365,1.738983140795854,1.2813559984811556,0.22026431718061673,0.86956522,0.306722689,0.117647058,93.13366874104585,2.4711865684993715,59.51169608376235,2.731687441684894,3.3244494214451072,3.300831733892217,2.390507221221924,Logan Henderson,31475,701656
Tyler Glasnow,LAD,5.0,2.0,0.0,13.0,13.0,74.0,0.34027778,0.08680556,11.91891891891892,3.0405405405405403,0.8513513513513513,0.24203821656050956,0.68627451,0.401234567,0.102941176,95.50726425438596,3.527027027027027,84.28233283092158,2.858837830164991,2.735855731448612,2.893597771428727,2.3533220291137695,Tyler Glasnow,14374,607192
Jake Bennett,BOS,9.0,7.0,0.0,20.0,19.0,113.1,0.2,0.04615385,7.226470790932341,1.667647105599771,0.9529412031998691,0.2804878048780488,0.72841727,0.415151515,0.095238095,92.77890770883677,3.6529412789328317,85.72306068326762,3.41524119853593,3.506602960639347,3.8087811846136517,2.34188836440444,Jake Bennett,31959,687562
Max Meyer,MIA,9.0,1.0,0.0,20.0,20.0,111.0,0.26190476,0.08874459,9.81081081081081,3.324324324324324,0.8918918918918919,0.2624113475177305,0.79931973,0.411764705,0.098214285,95.1,2.675675675675676,63.057582675421926,3.879686619556536,3.5061260017188824,3.7413361272296397,2.3407461643218994,Max Meyer,27474,676974
Casey Mize,- - -,6.0,10.0,0.0,26.0,26.0,131.1,0.2003643,0.06921676,7.538071357923454,2.604061014555375,1.2335025858420197,0.27631578947368424,0.68443804,0.329949238,0.094736842,93.26960110041266,4.317259050447069,105.62932904896019,3.86231283825275,4.1438678448341975,4.546508919190001,2.296799123287201,Casey Mize,20492,663554
Will Warren,NYY,11.0,6.0,0.0,32.0,29.0,156.0,0.23338257,0.07976366,9.11538500546,3.1153847487015187,1.211538513383924,0.31363636363636366,0.71428571,0.441758241,0.13125,93.72805139186295,3.9230770909574684,94.5701777738207,4.343803943597239,3.940464221992281,3.7390752383897397,2.220590502023697,Will Warren,30182,701542
Jacob Latz,TEX,3.0,4.0,30.0,58.0,1.0,72.0,0.30627306,0.08487085,10.375001099374675,2.8750003046459947,0.7500000794728682,0.18238993710691823,0.78629032,0.36419753,0.076923076,94.80159349456738,2.1250002251731264,52.247225242691584,2.646466846545412,2.836831679461912,3.3892187998342598,2.1751288026571274,Jacob Latz,21306,656641
Brandon Pfaadt,ARI,8.0,3.0,0.0,29.0,19.0,136.0,0.16725979,0.0569395,6.22058849701833,2.117647147921134,0.926470627215496,0.2764423076923077,0.71913161,0.450934579,0.09032258,93.20745205965909,3.7720589822345194,89.66726341384924,3.9037584544200747,3.8948382767839025,4.27744006608342,2.172416180372238,Brandon Pfaadt,27782,694297
Mason Montgomery,PIT,6.0,4.0,18.0,70.0,5.0,68.2,0.37769784,0.09352518,13.762137961102527,3.4077674951301495,0.786407883491573,0.2785714285714286,0.77044025,0.527777777,0.130434782,98.46365007351245,2.883495572802434,66.71531105256763,2.5214093218860163,2.358002039682547,2.2335632514217063,2.1712114810943604,Mason Montgomery,29770,682254
Gerrit Cole,NYY,10.0,9.0,0.0,22.0,22.0,127.0,0.25240848,0.04816956,9.283464566929133,1.7716535433070866,1.5590551181102361,0.2743362831858407,0.80935252,0.342618384,0.13095238,96.79545304232805,3.6141732283464565,87.12370335467708,3.767596702057459,3.9274922498567837,3.6728661545618313,2.148552656173706,Gerrit Cole,13125,543037
Christian Scott,NYM,4.0,5.0,0.0,23.0,23.0,110.0,0.28270042,0.09915612,10.963637124053756,3.8454548121681085,0.9818182499152617,0.2977941176470588,0.76399395,0.321428571,0.096774193,95.50420997570194,3.8454548121681085,93.63167362723432,3.702312746496977,3.6098115407139826,3.8936940415342294,2.104731798171997,Christian Scott,30107,681035
Brent Headrick,NYY,7.0,4.0,0.0,81.0,0.0,78.1,0.3006135,0.08282209,11.259577392468364,3.102128465271896,0.5744682343096104,0.32142857142857145,0.85227273,0.345360824,0.061728395,94.11717495987159,2.1829792903765193,52.62316665744934,3.0595200335652177,2.4624225581916876,3.1939319698920774,2.0905039310455322,Brent Headrick,27702,687396
Dylan Lee,ATL,6.0,1.0,0.0,71.0,0.0,67.0,0.29389313,0.0648855,10.343285937701767,2.283582609622468,0.4029851664039649,0.2727272727272727,0.65789474,0.312883435,0.038461538,93.31074510261195,3.0895529424303976,73.60142973936922,2.6390956621682826,2.145496498170745,3.3211962950690284,2.0791399478912354,Dylan Lee,19996,669276
Tyler Mahle,- - -,7.0,10.0,0.0,27.0,27.0,149.0,0.22312704,0.07491857,8.275167997095709,2.7785235610686323,1.2080537222037533,0.28921568627450983,0.74213836,0.439716312,0.126582278,92.82627449397071,3.9865772832723856,97.27463237109635,3.9323587648211427,3.9933380688306945,3.849469128259039,2.058576285839081,Tyler Mahle,16358,641816
Didier Fuentes,ATL,7.0,2.0,3.0,58.0,1.0,73.1,0.30976431,0.07070707,11.290909874025509,2.577272906027562,0.7363636874364463,0.3068181818181818,0.8310992,0.374301675,0.085714285,97.28757569803994,2.454545624788154,58.47385389123864,3.15333834176377,2.596175106773689,2.97380289374673,2.053518768399954,Didier Fuentes,30661,800311
Joey Cantillo,CLE,11.0,9.0,0.0,33.0,30.0,159.0,0.2489083,0.11790393,9.679245283018869,4.584905660377358,0.9622641509433962,0.308252427184466,0.73359073,0.441805225,0.106918238,92.21800347222222,3.6226415094339623,87.60753895471046,3.9869573953942794,3.9812237409675646,4.1011823834394505,2.0441459119319916,Joey Cantillo,23335,676282
Ben Brown,CHC,4.0,2.0,1.0,20.0,8.0,68.0,0.24528302,0.07169811,8.602941659082617,2.51470602342415,0.2647058972025421,0.24293785310734464,0.79113924,0.446327683,0.032786885,96.34986733490567,1.8529412804177947,45.12721322280436,3.2501033677972804,2.497779386018798,3.4698918039763305,2.0280345678329468,Ben Brown,23590,676962
Grant Taylor,CHW,7.0,3.0,10.0,60.0,4.0,84.0,0.31547619,0.08928571,11.357143888668231,3.214286006226858,0.7500000681196002,0.2760416666666667,0.78817734,0.479797979,0.098591549,98.10428657335441,2.2500002043588005,54.398020062282924,2.9652788263311782,2.767387232704766,2.9602753241133164,2.0249525606632233,Grant Taylor,33927,691799
Bubba Chandler,PIT,8.0,10.0,0.0,31.0,30.0,154.0,0.20771513,0.11869436,8.181818739160352,4.675324993805916,0.8766234363386092,0.2800925925925926,0.66336634,0.386363636,0.082872928,98.25961313100962,4.616883431383342,106.82063018353367,4.27713658279122,4.243577817021589,4.7519618168447915,2.021566793322563,Bubba Chandler,29868,696149
Connor Prielipp,MIN,6.0,7.0,0.0,24.0,22.0,125.2,0.23925234,0.08224299,9.167108938831541,3.151193697723342,1.0026525401846997,0.30409356725146197,0.62248996,0.424068767,0.101449275,95.56519896119505,4.8700266237542555,116.907586307213,3.9502366006259577,3.729367823889598,3.939173770436559,2.011180430650711,Connor Prielipp,31857,687570
Spencer Miles,TOR,6.0,2.0,2.0,49.0,8.0,95.2,0.23969072,0.06443299,8.749129850182069,2.351916626393029,0.4703833252786058,0.2840909090909091,0.75757576,0.511278195,0.069444444,96.03194060149016,2.6341466215601925,63.78870193099745,3.0597549853640085,2.6512431966028087,3.108168269120278,2.005779415369034,Spencer Miles,31621,693686
Shane Drohan,MIL,7.0,5.0,2.0,33.0,19.0,124.2,0.23674242,0.08333333,9.024064493273421,3.1764707016322444,1.010695223246623,0.31470588235294117,0.71143617,0.396551724,0.100719424,94.8885988609813,4.187165924878867,100.83631448555288,3.8104218212859675,3.734410458507788,3.9580108073876517,1.9921786785125732,Shane Drohan,27814,675660
Janson Junk,MIA,6.0,9.0,0.0,26.0,25.0,123.2,0.17017208,0.06309751,6.47708908198455,2.401617300061687,1.091644227300767,0.2931937172774869,0.70629371,0.425257731,0.094936708,94.09288539316712,4.221024345562965,99.47677667551817,4.194094558392541,4.135761048865314,4.488026784440769,1.9872204679995775,Janson Junk,23301,676083
Garrett Whitlock,BOS,7.0,2.0,4.0,54.0,0.0,52.1,0.2979798,0.04545455,10.146497061820476,1.5477707382438013,0.5159235794146004,0.27559055118110243,0.79439252,0.3828125,0.056603773,,1.7197452647153348,40.35702094012924,2.617210896164284,2.1070899989223943,2.8909971781797097,1.9691075086593628,Garrett Whitlock,20191,676477
Framber Valdez,DET,10.0,12.0,0.0,31.0,31.0,174.0,0.17810026,0.0883905,6.982758620689655,3.4655172413793105,0.8275862068965517,0.29277566539923955,0.71741032,0.553470919,0.116788321,94.7451923076923,4.0344827586206895,96.50853239803665,4.37938367465698,4.140950481370948,4.134374146120644,1.9672484397888184,Framber Valdez,17295,664285
Blake Snell,LAD,4.0,1.0,0.0,9.0,9.0,42.2,0.31791908,0.09248555,11.601563191507053,3.375000201165688,0.0,0.3069306930693069,0.79166667,0.43,0.0,96.03624191076294,1.8984376131556995,45.365331636145385,2.166597475335518,1.717908013891424,3.0626589958454087,1.9447497129440308,Blake Snell,13543,605483
Justin Wrobleski,LAD,12.0,5.0,0.0,28.0,22.0,140.0,0.20415225,0.05363322,7.585714595755765,1.992857224308718,1.3500000551768734,0.2679900744416873,0.78171091,0.415274463,0.122807017,94.66272752323641,3.6642858640515135,87.56228926375735,4.521037174230595,4.136434924359226,4.0306647282198655,1.9439411014318466,Justin Wrobleski,31204,680736
Freddy Peralta,- - -,10.0,11.0,0.0,32.0,32.0,169.0,0.21369863,0.08630137,8.307692495214981,3.355029661529127,1.2248520986534908,0.2875,0.70570571,0.394366197,0.110576923,94.3460469148597,4.420118442966945,107.2109474900078,3.8259782793550623,4.284152575688831,4.373255038487913,1.9430280923843384,Freddy Peralta,18679,642547
Josh Hader,HOU,4.0,2.0,26.0,45.0,0.0,44.2,0.32934132,0.08982036,11.082090183206256,3.0223882317835242,0.20149254878556827,0.1875,0.85889571,0.391752577,0.021276595,,1.0074627439278414,24.56331690090316,1.922000462081951,1.9365414255524156,3.2342676237977352,1.88678777217865,Josh Hader,14212,623352
David Bednar,NYY,7.0,3.0,35.0,64.0,0.0,69.1,0.27142857,0.07142857,9.865385339104972,2.5961540366065714,0.5192308073213142,0.2696629213483146,0.71637427,0.51396648,0.070175438,96.09081196581197,2.466346334776243,59.454047403048875,2.873398343298958,2.610335944954458,3.1016445057356363,1.8859189748764038,David Bednar,19569,670280
Michael McGreevy,STL,7.0,9.0,0.0,31.0,31.0,168.2,0.16381766,0.06837607,6.136364006456459,2.561264976607913,1.120553427265962,0.28433268858800775,0.73560768,0.437148217,0.111111111,91.9387982704978,3.948616838937199,95.79898529463966,5.362259270234958,4.227202877691957,4.300544561767869,1.877618670463562,Michael McGreevy,29869,700241
Hunter Brown,HOU,6.0,4.0,0.0,20.0,20.0,107.1,0.27494457,0.12195122,10.397516020663055,4.611801460777968,0.9223602921555936,0.2723735408560311,0.78651685,0.56981132,0.141025641,96.18006993006993,3.1863355547193235,77.68721022679485,3.310146162390937,3.7715280815175447,3.5364833665200033,1.855193853378296,Hunter Brown,25880,686613
Shota Imanaga,CHC,11.0,10.0,0.0,32.0,32.0,174.1,0.24645892,0.05240793,8.982791849075575,1.910133898941358,1.8068834179175008,0.26269315673289184,0.82550336,0.369072164,0.161290322,91.56844248670212,3.7686425573707876,91.78290647648578,3.8052448211341883,4.471657538796914,3.7411453432065507,1.7878526449203491,Shota Imanaga,33829,684007
Seth Lugo,KCR,7.0,9.0,0.0,32.0,32.0,172.1,0.17842876,0.07190413,6.998065970564821,2.8201161373917936,1.2011605770372453,0.3333333333333333,0.67590988,0.401834862,0.109523809,91.65640858707265,5.170212918551622,120.92257276970923,5.085524582121923,4.377316378671901,4.4822183587811,1.7776449918746948,Seth Lugo,12447,607625
Carlos Rodon,NYY,7.0,3.0,0.0,16.0,16.0,84.1,0.26764706,0.11176471,9.711463036305004,4.055336212962529,0.747035618177308,0.21782178217821782,0.75123153,0.357487922,0.078651685,94.34493192133132,2.667984350633243,64.31475815724491,3.8736182984249408,3.444594134839539,3.958990075298917,1.7710577249526978,Carlos Rodon,16137,607074
Clay Holmes,- - -,6.0,8.0,0.0,18.0,18.0,101.1,0.18615752,0.10023866,6.927631926668665,3.7302633451292815,0.5328947635898973,0.2508591065292096,0.73298429,0.606779661,0.086956521,92.94705873377183,3.2861843754710334,80.02584608525747,3.8674724441506827,3.6336153599033745,3.8919983338058985,1.7557848691940308,Clay Holmes,13649,605280
Nathan Eovaldi,TEX,11.0,10.0,0.0,27.0,23.0,145.2,0.23491028,0.05709625,8.897025210457045,2.1624714053194207,1.4828375350761742,0.295,0.75619296,0.476303317,0.169014084,94.35439993892508,4.2013730160491605,103.29885131198198,4.297689223484178,4.19225378185566,3.522266568954732,1.7515012547373772,Nathan Eovaldi,9132,543135
Emerson Hancock,SEA,7.0,8.0,0.0,25.0,25.0,138.2,0.22261484,0.0565371,8.177885215310699,2.076923229285257,1.2980770183032857,0.2782152230971129,0.79562044,0.4325,0.122699386,95.41061661318552,3.5697118003340353,92.00237134319413,4.006835589866044,4.002162970135203,3.902016379739866,1.746969223022461,Emerson Hancock,27470,676106
J.T. Ginn,ATH,9.0,8.0,0.0,27.0,24.0,138.1,0.20862069,0.09827586,7.872289500347966,3.7084338968581325,1.106024144676987,0.2579787234042553,0.74903969,0.454780361,0.122302158,93.51219673466876,3.7084338968581325,82.69915109397755,4.118259557167568,4.380238724469207,4.299820714923479,1.726317291148007,J.T. Ginn,27889,669372
David Peterson,- - -,9.0,8.0,1.0,32.0,23.0,148.1,0.2066365,0.09803922,8.312359782145377,3.9438203345945215,0.9101123849064281,0.3212669683257919,0.68292683,0.501108647,0.118110236,92.53788245432258,4.793258560507188,116.72085250796383,4.750120020771744,3.9636419686692013,3.94177742989744,1.7232453851029277,David Peterson,20302,656849
Gage Jump,ATH,6.0,11.0,0.0,20.0,20.0,98.2,0.24713959,0.10526316,9.851351605269757,4.195946054096378,1.0945946228077508,0.3445692883895131,0.67055394,0.384057971,0.113207547,96.26342172105912,5.472973114038754,122.04888723367269,4.614472248847919,4.012882781986603,4.053919432726956,1.6700093746185303,Gage Jump,35418,695611
Kyle Harrison,MIL,11.0,5.0,0.0,28.0,24.0,115.2,0.27920792,0.07128713,10.971182068789302,2.8011528686270557,1.556196038126142,0.33222591362126247,0.74814815,0.359621451,0.163934426,94.78526236274459,4.201729302940583,101.18703318085886,3.992599679605367,4.025792685644017,3.370524194731249,1.6550459191203117,Kyle Harrison,27758,690986
Sean Newcomb,CHW,2.0,5.0,4.0,60.0,6.0,90.1,0.22580645,0.09139785,8.369005398212986,3.3874545659433513,0.39852406658157075,0.28512396694214875,0.73126143,0.443514644,0.05,94.89602898316062,3.0885615160071733,74.67182935622564,4.265768723888069,3.211421725919469,3.9729531723264913,1.6523204147815704,Sean Newcomb,16943,656794
Carmen Mlodzinski,PIT,8.0,7.0,2.0,37.0,12.0,123.0,0.18063315,0.08193669,7.097561415854441,3.2195123948205713,0.7317073624592207,0.3010471204188482,0.69811321,0.426356589,0.071942446,95.04581296554935,3.951219757279792,91.41919884682738,4.888178470735496,3.751127140721673,4.400521564459183,1.648451805114746,Carmen Mlodzinski,27572,669387
Jeff Hoffman,- - -,6.0,8.0,6.0,71.0,0.0,66.0,0.34931507,0.10273973,13.90909332086274,4.090909800253747,0.5454546400338329,0.35570469798657717,0.69004525,0.446666666,0.076923076,96.35968325182361,3.545455160219914,85.71346752221727,3.330254690758462,2.479508367386056,2.88124448201926,1.6253142952919006,Jeff Hoffman,17432,656546
Emmet Sheehan,LAD,5.0,8.0,0.0,23.0,22.0,112.1,0.27966102,0.06991525,10.575668403986894,2.6439171009967235,1.6824927006342787,0.2805755395683453,0.74141049,0.35016835,0.15,94.36770148026316,4.566765901721613,109.12807890055764,3.5645154136047257,4.2757948634231315,3.7272969455199956,1.6229000389575958,Emmet Sheehan,29839,686218
Abner Uribe,MIL,6.0,3.0,6.0,61.0,0.0,59.1,0.26495726,0.08119658,9.404495188209035,2.882022718967285,0.4550562187843082,0.26174496644295303,0.84775087,0.54,0.066666666,97.9000015258789,1.9719102813986686,47.48800712457163,2.7961695430785207,2.6793722455872655,3.1672145692476588,1.6225544214248657,Abner Uribe,25327,682842
Matthew Boyd,CHC,10.0,5.0,0.0,22.0,22.0,126.2,0.18461538,0.075,6.821052768527639,2.771052687214353,1.0657894950824436,0.2727272727272727,0.72661871,0.42204301,0.108695652,92.80290204466357,3.907894815302293,95.17430716567281,4.647334062801568,4.213878513399584,4.319396516169453,1.617926001548767,Matthew Boyd,15440,571510
Griffin Jax,TBR,8.0,10.0,0.0,34.0,23.0,112.1,0.25272331,0.07625272,9.293769203503635,2.804154501057131,1.2017805004530562,0.281786941580756,0.69026549,0.46,0.145631067,95.89711428911258,3.525222801328965,84.4674566247179,4.270319091282385,3.7594743521173744,3.408013753251128,1.6095433831214905,Griffin Jax,20253,643377
Aroldis Chapman,BOS,3.0,4.0,35.0,53.0,0.0,51.2,0.33333333,0.10798122,12.36774254424766,4.006451810108397,0.522580670883704,0.2782608695652174,0.83941606,0.464285714,0.071428571,96.89326672676282,1.9161291265735811,44.965533484356875,2.6422297905659917,2.500720566780335,2.973281005673921,1.6021430492401123,Aroldis Chapman,10233,547973
Kumar Rocker,TEX,6.0,11.0,0.0,30.0,27.0,148.0,0.21395349,0.09457364,8.391892216343193,3.7094596028763385,1.2162162632381437,0.3009478672985782,0.75,0.431818181,0.117647058,94.52146513565727,4.378378547657317,107.65087338218213,4.464970654952289,4.31018010253363,4.287763057047481,1.5974688529968262,Kumar Rocker,31843,677958
Troy Melton,DET,8.0,5.0,0.0,20.0,20.0,114.1,0.2,0.0787234,7.399417238793431,2.9125365727165633,1.023323660684198,0.2476489028213166,0.80645161,0.428571428,0.105691056,96.36413658405172,2.7551021633805326,65.9045737217164,3.840487688658143,4.089058832700779,4.23527321682909,1.585776686668396,Troy Melton,31807,675512
Brandon Young,BAL,9.0,6.0,0.0,28.0,28.0,156.2,0.19880419,0.09118087,7.640426028015528,3.5042555466838134,1.2638298692958017,0.28507795100222716,0.78175896,0.423655913,0.118279569,94.38983912721893,3.561702358924532,87.68562718035375,4.312163370239389,4.473061110952857,4.440128828303233,1.5813508033752441,Brandon Young,27819,687064
Juan Morillo,ARI,5.0,4.0,3.0,70.0,0.0,64.1,0.28030303,0.08712121,10.352333652384397,3.217617216281637,0.4196892021236918,0.2641509433962264,0.7994186,0.50931677,0.058823529,98.64869002525252,2.2383424113263564,53.2086161833809,2.439507023528425,2.7121194832359845,3.30286597127681,1.577367901802063,Juan Morillo,21924,666661
Bradgley Rodriguez,SDP,4.0,3.0,2.0,68.0,4.0,74.0,0.26910299,0.06644518,9.851353382698964,2.4324329339997437,0.7297298801999231,0.27319587628865977,0.76487252,0.492385786,0.08,98.27009764054964,2.1891896405997695,54.40206248779868,2.3734025576549165,2.7763962051135107,3.252641995264774,1.57513527572155,Bradgley Rodriguez,29107,699134
Ian Seymour,TBR,9.0,7.0,2.0,47.0,16.0,132.2,0.28675136,0.06533575,10.718593786697294,2.442211242538624,1.6959800295407113,0.27217125382262997,0.73333333,0.332361516,0.151515151,91.38971041487993,4.206030473260964,100.78021066596949,3.5503122440480253,4.09569554697736,3.523832176364865,1.5496819615364075,Ian Seymour,27932,693855
Aaron Ashby,MIL,13.0,3.0,4.0,75.0,1.0,89.1,0.30287206,0.10704961,11.686568203841412,4.1305973823922235,0.8059702209545802,0.3148148148148148,0.76994434,0.563063063,0.13114754,97.34827922952586,3.1231346061989984,75.21206204421101,2.984978576459601,3.1119146271600675,2.9787464143369906,1.5277985632419586,Aaron Ashby,23550,676879
Cal Quantrill,TEX,9.0,5.0,0.0,32.0,15.0,110.0,0.18284424,0.05643341,6.627272957100364,2.045454616389001,1.0636364005222807,0.2389937106918239,0.77603143,0.395136778,0.092198581,93.78743649938424,2.863636462944602,70.408020441721,3.8554516904072136,4.009811536930811,4.408859738624045,1.5235024504363537,Cal Quantrill,19312,615698
Tanner Bibee,CLE,7.0,15.0,0.0,33.0,33.0,188.0,0.18974359,0.07051282,7.085106382978723,2.632978723404255,1.3882978723404256,0.2698706099815157,0.72301426,0.369911504,0.119341563,93.97973913433908,4.3563829787234045,105.35185182311386,4.333784404151914,4.520933362270924,4.467234783025181,1.5175243616104126,Tanner Bibee,30134,676440
Robert Gasser,MIL,5.0,5.0,0.0,21.0,20.0,109.1,0.2224622,0.07559395,8.478659152887154,2.8810977703985476,1.2347561873136634,0.26666666666666666,0.76470588,0.326923076,0.109489051,92.88632086987765,3.8689027202494786,93.1718251467127,4.267942377109908,4.234867020216398,4.343303470169653,1.5161391198635101,Robert Gasser,29812,688107
Edgardo Henriquez,LAD,4.0,1.0,2.0,61.0,1.0,60.0,0.29338843,0.10330579,10.65000203132668,3.7500007152558736,0.15000002861023495,0.2589928057553957,0.64564565,0.419117647,0.017857142,100.68858855193083,2.850000543594464,68.10401296697957,2.463941058899323,2.5007204818725364,3.693290075434585,1.4927990175783634,Edgardo Henriquez,26944,683618
Martin Perez,ATL,9.0,9.0,0.0,30.0,26.0,142.0,0.17114094,0.10402685,6.464789209988294,3.9295777550909237,0.8873240092140796,0.25301204819277107,0.79683698,0.456937799,0.1,89.8857122927296,3.0422537458768444,72.47463613630302,4.51235203861745,4.319030545472491,4.525970031990091,1.4811584949493408,Martin Perez,6902,527048
Walker Buehler,SDP,9.0,6.0,0.0,32.0,32.0,153.2,0.20122888,0.0875576,7.672451700964521,3.3383950149234938,1.2885033390932783,0.29493087557603687,0.72598253,0.477973568,0.1375,94.04315440826996,4.626898354016772,114.97990339062261,4.250419042660355,4.506360602597053,4.217314942914378,1.4778374433517456,Walker Buehler,19374,621111
Kyle Bradish,BAL,7.0,14.0,0.0,29.0,29.0,155.0,0.2122571,0.10463378,8.245161290322581,4.064516129032258,1.1612903225806452,0.31336405529953915,0.72636816,0.447893569,0.124223602,94.18161434977578,4.122580645161291,101.49390180422282,4.458762075762194,4.358785112442509,4.249709084389671,1.4691652059555054,Kyle Bradish,24586,680694
Michael Petersen,MIA,4.0,4.0,1.0,65.0,0.0,65.2,0.30111524,0.10780669,11.101524562394127,3.9746199050546878,0.6852792939749461,0.26666666666666666,0.74647887,0.361290322,0.066666666,97.98429619956772,3.015228893489763,71.0598249873981,3.4413159786561685,3.1311774538234745,3.865830073278281,1.4661381244659424,Michael Petersen,20827,656848
Kevin Kelly,TBR,6.0,4.0,4.0,71.0,0.0,73.2,0.22580645,0.03942652,7.696834439164281,1.3438917274731284,0.7330318513489791,0.25,0.75907591,0.5920398,0.146341463,93.15,2.443439504496597,58.54697192001075,3.370952873741275,3.0192726128302567,2.8007982486094223,1.4147931337356567,Kevin Kelly,25679,687330
Luke Weaver,- - -,4.0,1.0,1.0,60.0,0.0,60.1,0.27310924,0.06722689,9.696133720624207,2.3867406081536506,0.7458564400480159,0.2483221476510067,0.77777778,0.370860927,0.075757575,95.3078099579718,2.685083184172857,63.751415555038676,3.079588119841692,2.968123895860496,3.542485058456195,1.3899252712726593,Luke Weaver,16918,596133
Randy Vasquez,SDP,10.0,6.0,0.0,32.0,23.0,140.2,0.14821124,0.06303237,5.566350811535276,2.367298620997761,1.0236967009720048,0.2828054298642534,0.73474471,0.393406593,0.084210526,95.08444295880481,3.9028436724557682,96.98691306198516,5.54767343253283,4.23816137517126,4.79892104680782,1.3862750828266144,Randy Vasquez,24719,681190
Andrew Abbott,CIN,6.0,11.0,0.0,32.0,32.0,166.0,0.17969822,0.1042524,7.102409638554217,4.120481927710843,1.4096385542168675,0.28024193548387094,0.73313783,0.387475538,0.115555555,92.40344975490196,4.608433734939759,107.78845804477835,4.917917530507237,4.932045897518296,4.942446762655514,1.3565665483474731,Andrew Abbott,29911,671096
Gregory Soto,PIT,6.0,5.0,16.0,69.0,0.0,67.0,0.27719298,0.10175439,10.611941506905799,3.895522831648964,0.6716418675256834,0.26666666666666666,0.69230769,0.436363636,0.078125,97.09135346283784,3.6268660846386904,83.91464209792876,3.027648670378033,3.3246012188220377,3.796740495883304,1.3510493040084839,Gregory Soto,19677,642397
Nick Pivetta,SDP,3.0,2.0,0.0,8.0,8.0,34.2,0.3,0.05714286,10.9038469537476,2.076923229285257,0.5192308073213142,0.28735632183908044,0.75301205,0.306818181,0.04347826,94.00970030309365,2.8557694402672285,70.96678362574377,3.180984719906668,2.2064897614823247,3.460005367053501,1.346656322479248,Nick Pivetta,15454,601713
Rhett Lowder,CIN,7.0,12.0,0.0,29.0,26.0,133.1,0.1708126,0.09286899,6.9525002652168375,3.780000144195562,1.2150000463485735,0.30714285714285716,0.65832427,0.407834101,0.106508875,93.69371977306548,5.737500218868264,134.1966353849444,5.432921442669646,4.70572065753937,4.864513525948821,1.330106034874916,Rhett Lowder,33876,695076
Jack Flaherty,DET,3.0,8.0,0.0,20.0,19.0,88.1,0.26010101,0.10606061,10.494340226909147,4.2792455294192635,1.120754781514569,0.30042918454935624,0.68062827,0.3,0.092436974,92.7057617037904,4.483019126058276,107.23793419212119,4.377760665880729,4.051664047295535,4.466882118495533,1.329239621758461,Jack Flaherty,17479,656427
Bryan Baker,TBR,4.0,2.0,41.0,65.0,0.0,62.1,0.25819672,0.09016393,9.096256870050622,3.1764706530335505,0.5775401187333727,0.20261437908496732,0.88014981,0.383116883,0.061538461,96.30541283849129,1.443850296833432,34.59593029818915,3.067692995814945,3.068635034161623,3.8089006702844235,1.324211597442627,Bryan Baker,19804,641329
Patrick Sandoval,BOS,1.0,7.0,0.0,15.0,13.0,70.1,0.22741433,0.09968847,9.341232649691642,4.094786914933323,0.8957346376416644,0.38164251207729466,0.68965517,0.37799043,0.083333333,93.4226540377225,5.118483643666654,120.11473782040424,4.850210554466907,3.768967072014401,4.278416046918645,1.3207396119832993,Patrick Sandoval,19447,663776
Tyler Wells,- - -,5.0,2.0,6.0,57.0,0.0,72.0,0.2599278,0.06498195,9.000000476837183,2.2500001192092958,1.0000000529819093,0.22033898305084745,0.78853047,0.26519337,0.08,93.41900227864583,2.3750001258320346,58.223377927189716,2.929941374782627,3.378498388808451,4.031131408650255,1.316514253616333,Tyler Wells,20000,669330
Aaron Nola,PHI,7.0,12.0,0.0,33.0,33.0,175.1,0.23790323,0.07930108,9.085551594362196,3.028517198120732,1.899239598821476,0.29850746268656714,0.77873255,0.407185628,0.183168316,92.29348331267705,4.671102797101468,107.83462699525161,4.179650656651476,4.8687814841052415,3.864973135841964,1.2984275817871094,Aaron Nola,16149,605400
Bailey Ober,MIN,7.0,7.0,1.0,25.0,24.0,131.0,0.17112299,0.06595365,6.595419847328245,2.5419847328244276,1.4427480916030535,0.2765432098765432,0.72230014,0.348341232,0.103960396,88.03939273718632,4.465648854961832,107.20028231112627,4.659250504129939,4.612170977992866,4.856437706060082,1.2721827886998653,Bailey Ober,21224,641927
Brandyn Garcia,ARI,0.0,1.0,5.0,57.0,0.0,51.1,0.3125,0.05729167,10.519482343509635,1.9285717629767662,0.5259741171754817,0.21621621621621623,0.80882353,0.603603603,0.09375,,1.9285717629767662,45.844922653067314,2.107171236799342,2.5747464791379953,2.756239964773391,1.2718240022659302,Brandyn Garcia,33568,805299
Anthony Kay,CHW,10.0,9.0,0.0,33.0,31.0,158.0,0.18169014,0.07887324,7.348101310175288,3.189873436975319,1.1962025388657445,0.2928870292887029,0.73970037,0.434426229,0.123529411,95.8926764312084,4.443038001501337,107.41886595162867,5.04646538928565,4.752619340461409,4.649342614498302,1.2649602964520454,Anthony Kay,20387,641743
Trey Yesavage,TOR,5.0,6.0,0.0,20.0,20.0,97.2,0.24189526,0.11720698,8.938566785651373,4.331058133253759,1.1058020765754277,0.2139917695473251,0.74844075,0.332,0.095238095,94.24768824306473,3.6860069219180924,89.26063376022812,3.359762226122398,4.216761581005343,4.567412079110184,1.2574139833450317,Trey Yesavage,35456,702056
Bryan Hudson,CHW,5.0,4.0,8.0,70.0,9.0,67.1,0.20921986,0.06382979,7.8861398797401385,2.4059409802597034,0.6683169389610287,0.32142857142857145,0.71084337,0.453608247,0.074626865,91.86918520417261,3.7425748581817606,90.48384165724345,3.184287409133696,3.293789934235552,3.830864503750496,1.255670428276062,Bryan Hudson,19924,663542
Alex Vesia,LAD,3.0,1.0,3.0,72.0,0.0,58.0,0.31223629,0.1350211,11.4827616416041,4.965518547720691,0.6206898184650864,0.2047244094488189,0.78014184,0.297709923,0.057142857,92.13776457225177,2.6379317284766173,63.03638679857805,2.679236404020867,3.1007205963134767,4.026457089122557,1.2481365203857422,Alex Vesia,25007,681911
Hayden Wesneski,HOU,6.0,2.0,0.0,11.0,11.0,61.0,0.18699187,0.08130081,6.786885245901639,2.9508196721311477,0.5901639344262295,0.25862068965517243,0.67278287,0.446327683,0.066666666,93.5302734375,3.2459016393442623,79.13951267867904,3.791880323595479,3.526950104510198,4.159634448172616,1.242739200592041,Hayden Wesneski,27581,669713
Steven Okert,HOU,6.0,2.0,0.0,68.0,1.0,67.2,0.2605364,0.05363985,9.044337107807163,1.8620694045485333,0.9310347022742667,0.2261904761904762,0.86466165,0.263157894,0.074468085,91.17508789907278,2.1280793194840384,51.885478673828494,3.113222885085289,3.2337255537812295,3.9863887919703034,1.2413958795368671,Steven Okert,13580,595345
Yohan Ramirez,PIT,7.0,4.0,2.0,66.0,1.0,85.0,0.28176796,0.12154696,10.800001938764135,4.658824365741392,0.423529487794672,0.2676767676767677,0.75868373,0.49,0.070175438,96.57303491794208,2.8588240426140357,66.14448693680104,3.3114194489654007,3.3595441721879986,3.7602978643086242,1.2297447323799133,Yohan Ramirez,19444,670990
Brandon Woodruff,MIL,2.0,2.0,0.0,9.0,9.0,45.1,0.27011494,0.05747126,9.330882614665386,1.9852941733330607,0.9926470866665303,0.2072072072072072,0.71875,0.269565217,0.078125,91.82313445284697,2.977941259999591,71.71548173637505,2.8794245609396865,3.188955892906057,3.8867499116176525,1.2143776416778564,Brandon Woodruff,16162,605540
Tyler Alexander,TEX,5.0,2.0,4.0,75.0,5.0,73.0,0.19230769,0.07371795,7.397261820181613,2.8356170310696185,0.36986309100908066,0.3153153153153153,0.68893528,0.495495495,0.04109589,91.9370354546441,3.6986309100908064,90.93796789285138,3.331970920414331,3.100720596313477,4.076369974295767,1.2116739004850388,Tyler Alexander,17735,641302
Erik Sabrowski,CLE,5.0,2.0,1.0,60.0,0.0,48.1,0.37438424,0.15270936,14.151728977926233,5.772415767312016,0.5586208807076145,0.25274725274725274,0.76642336,0.193548387,0.05,94.07879924953096,2.6068974433022007,63.04346392550381,2.602443686844225,2.8110653248354542,3.878522482260001,1.1830099821090698,Erik Sabrowski,24978,681870
Calvin Faucher,MIA,5.0,5.0,3.0,69.0,0.0,68.1,0.24829932,0.12585034,9.614635935459777,4.8731716385207084,0.13170734158164077,0.2905027932960894,0.6587473,0.556179775,0.022727272,96.3499984741211,3.5560982227043008,83.80647913296569,3.639378532799852,2.954379105667209,3.7363609044464035,1.1693540811538696,Calvin Faucher,20116,676534
Grant Wolfram,BAL,6.0,4.0,1.0,60.0,0.0,52.1,0.2699115,0.07079646,10.490449938128988,2.751593426394489,0.5159237674489666,0.352112676056338,0.625,0.434782608,0.053571428,95.51314920774648,4.299364728741389,105.84615297012475,3.4908733021961105,2.6612299795976906,3.5316920116125132,1.1637128591537476,Grant Wolfram,21623,664991
Bryce Elder,ATL,8.0,8.0,0.0,26.0,26.0,149.0,0.19115324,0.07740916,7.308724832214765,2.959731543624161,1.4496644295302012,0.26605504587155965,0.74494949,0.428571428,0.146341463,92.43115234375,4.10738255033557,97.8488583378743,4.144550310464215,4.617499119803409,4.185438065440863,1.1602176427841187,Bryce Elder,27779,693821
Raisel Iglesias,ATL,1.0,2.0,34.0,59.0,0.0,60.0,0.26778243,0.07112971,9.600000610351602,2.550000162124644,0.9000000572204626,0.2781456953642384,0.78125,0.375796178,0.095238095,94.33473287799401,2.550000162124644,60.74783674700708,3.4774003130563678,3.1673872672186962,3.452777822222971,1.1393893957138062,Raisel Iglesias,17130,628452
Roki Sasaki,LAD,5.0,5.0,0.0,26.0,23.0,122.1,0.23563218,0.09195402,9.049046697758842,3.531335296686377,1.6185286776479229,0.2808641975308642,0.76183432,0.421511627,0.166666666,97.8580057618296,4.487738606205604,107.23963155598989,4.297428300389576,4.7274236612222476,4.018755285050772,1.128554180264473,Roki Sasaki,35323,808963
Matthew Liberatore,STL,6.0,14.0,0.0,31.0,31.0,155.0,0.22848665,0.08160237,8.941935483870967,3.193548387096774,1.6258064516129032,0.33564814814814814,0.70691434,0.368421052,0.152173913,94.2861578525641,5.225806451612903,126.7853974774228,5.003773554075594,4.623301241474767,4.067306518170142,1.1279441118240356,Matthew Liberatore,22294,669461
Samuel Natera,LAA,1.0,2.0,3.0,28.0,0.0,31.2,0.36641221,0.09923664,13.642108002132215,3.6947375839108085,0.2842105833777545,0.31343283582089554,0.73033708,0.196969696,0.027027027,94.88509887958963,3.1263164171552993,75.89759385092044,2.514717886012741,1.90072035538518,3.2543882922427674,1.1219347715377808,Samuel Natera,31936,696519
Andrew Painter,PHI,3.0,10.0,0.0,25.0,23.0,126.2,0.20833333,0.08514493,8.171052795632066,3.339473751258323,1.492105293115421,0.30494505494505497,0.69857697,0.42480211,0.143835616,96.57374097695481,5.400000108417714,124.66156767666904,4.404725220883778,4.671773259435005,4.25686361487544,1.1153879165649414,Andrew Painter,30091,691725
Jonathan Loaisiga,ARI,7.0,3.0,2.0,67.0,0.0,67.0,0.18390805,0.04980843,6.447761928246561,1.746268855566777,0.4029851205154101,0.27040816326530615,0.75987842,0.564102564,0.054545454,97.59225680443548,2.4179107230924606,57.47721303930099,3.006208864863101,2.8768399738049157,3.5342171563697926,1.1110621690750122,Jonathan Loaisiga,19753,642528
Tyler Rogers,TOR,2.0,3.0,4.0,74.0,0.0,71.0,0.13605442,0.07482993,5.070423080059974,2.7887326940329853,0.2535211540029987,0.25877192982456143,0.76642336,0.637168141,0.037735849,,1.7746480780209908,42.9750175463844,2.878401281891688,3.3542417503164756,4.115149926695987,1.0910924673080444,Tyler Rogers,15541,643511
Antonio Senzatela,- - -,11.0,5.0,4.0,57.0,0.0,73.1,0.19292605,0.08360129,7.3636378319798395,3.1909097271912636,0.7363637831979839,0.3087557603686636,0.69114471,0.477272727,0.083333333,97.33455152190133,4.050000807588912,89.97475981115029,4.039677756701424,3.673447983245242,4.0922548025221115,1.0772743821144104,Antonio Senzatela,15488,622608
Gabriel Hughes,COL,0.0,8.0,1.0,14.0,13.0,64.0,0.19787986,0.08480565,7.875,3.375,0.984375,0.3160621761658031,0.57511737,0.405128205,0.098591549,92.4132041393871,6.328125,133.83704260367563,3.9236998934270715,4.038220596313477,4.291386193293147,1.0683166328817606,Gabriel Hughes,31614,687312
Yusei Kikuchi,LAA,1.0,7.0,0.0,14.0,14.0,67.2,0.21967213,0.09836066,8.911330384177612,3.9901479332138563,0.9310345177498998,0.3383838383838384,0.70987654,0.421568627,0.097222222,95.45954985882958,4.921182450963756,119.47156240486534,4.745886442149325,3.928306834313388,4.190067838576171,1.0523141622543335,Yusei Kikuchi,20633,579328
Ryan Gusto,MIA,1.0,5.0,0.0,23.0,18.0,88.0,0.18877551,0.07142857,7.568182064235711,2.8636364567378365,1.1250000365755786,0.32116788321167883,0.76329331,0.4,0.1,94.68078227170773,4.090909223911195,96.41035681175529,4.993624777403659,4.168902449223622,4.431272144491343,1.0430010557174683,Ryan Gusto,26440,687473
Brayan Bello,BOS,6.0,7.0,1.0,26.0,11.0,116.1,0.18290258,0.07157058,7.117478821215209,2.7851004083016035,0.9283668027672012,0.31179775280898875,0.70375335,0.526315789,0.12371134,95.78415300546447,4.332378412913606,101.66731661823148,4.879736279371889,3.9689154766791,3.886908777026388,1.0358086973428726,Brayan Bello,23920,678394
Andrew Morris,MIN,4.0,8.0,5.0,64.0,3.0,73.2,0.21495327,0.08411215,8.429865417461885,3.298642989441607,0.6108598128595568,0.3165137614678899,0.63541667,0.45,0.063291139,97.38044730917667,4.398190652588809,105.58091218744218,3.3245826375275973,3.290765871425339,4.0276225008033455,1.0266889855265617,Andrew Morris,31891,702193
Jack Dreyer,LAD,5.0,2.0,2.0,67.0,3.0,64.2,0.27969349,0.08812261,10.159796011969107,3.2010316202094447,0.9742270148463527,0.26282051282051283,0.79113924,0.465408805,0.112903225,94.03522445122722,3.2010316202094447,76.49230083847871,3.521205126159169,3.4099990137250176,3.4504145347686572,1.013960748910904,Jack Dreyer,30249,676263
Chris Bassitt,BAL,9.0,5.0,0.0,20.0,18.0,102.0,0.16086957,0.0826087,6.529411947850956,3.352941270518058,0.8823529659258047,0.3343465045592705,0.74509804,0.446428571,0.089285714,92.51006904437388,4.588235422814185,112.95786681682743,4.925621808387017,4.306602983078744,4.690017934340047,1.0077257454395294,Chris Bassitt,12304,605135
Tayron Guerrero,BOS,1.0,2.0,0.0,40.0,0.0,40.2,0.24698795,0.04819277,9.073772761553846,1.770492246156848,0.442623061539212,0.30973451327433627,0.6561086,0.544642857,0.0625,,3.098361430774484,72.70881316399631,2.6788260175903718,2.4613761740901703,3.0101467371114867,1.0004048347473145,Tayron Guerrero,11691,594027
Mitch Keller,PIT,6.0,8.0,0.0,22.0,22.0,115.2,0.17693837,0.08349901,6.925072198369187,3.268011599230403,1.167146999725144,0.2922636103151863,0.64383562,0.372928176,0.111940298,93.30911847014926,5.291066398753986,122.41917203624816,5.5047971470265376,4.5445246626401365,4.607862102807447,0.9982104897499084,Mitch Keller,17594,656605
Brennan Bernardino,COL,4.0,3.0,2.0,74.0,2.0,64.0,0.1835206,0.05617978,6.890626655688209,2.109375506843329,0.7031251689477764,0.27979274611398963,0.75,0.447916666,0.071428571,90.58125114440918,2.8125006757911057,59.483144338760795,3.7219895231516245,3.5225956976821426,4.158419326354072,0.9914051443338394,Brennan Bernardino,16835,657514
Kris Bubic,- - -,4.0,2.0,0.0,14.0,9.0,55.0,0.24778761,0.11504425,9.163636681422725,4.254545602089123,0.6545454772444804,0.2608695652173913,0.72115385,0.468085106,0.078431372,91.93287604345035,3.763636494155762,88.0251190836406,4.205572559805893,3.5370842478097977,3.9917148675558973,0.9802784025669098,Kris Bubic,21455,663460
Sean Manaea,NYM,6.0,8.0,0.0,33.0,19.0,150.2,0.22052067,0.06738132,8.601770274481742,2.6283186949805324,1.4933628948753026,0.29952830188679247,0.70056497,0.386877828,0.133689839,91.29013540044133,4.778761263600968,116.35643554050304,4.735294852463598,4.540986143815435,4.257914263303693,0.9577731788158417,Sean Manaea,15873,640455
Bryce Miller,SEA,4.0,10.0,0.0,22.0,21.0,118.2,0.24536082,0.07835052,9.025281092296153,2.8820225336744016,1.5926966633463797,0.25901639344262295,0.72332731,0.374613003,0.145833333,95.94818778838088,4.171348404002424,107.50838340253675,3.69958352346417,4.406900399586963,3.9385716360012024,0.9461582533549517,Bryce Miller,29837,682243
Luis Medina,ATH,6.0,3.0,0.0,60.0,1.0,73.0,0.29337539,0.12302839,11.465755072336403,4.808219869044298,0.8630138226489766,0.3218390804597701,0.79002079,0.387640449,0.094594594,97.71956734035327,3.082192223746345,68.73378021601896,3.8451100918331056,3.5664740879018133,3.8504780390550915,0.9299844987690449,Luis Medina,21649,665622
Yennier Cano,BAL,4.0,3.0,3.0,68.0,0.0,49.2,0.22058824,0.06372549,8.15436471255544,2.3557053614049046,0.36241620944690844,0.2695035460992908,0.69548872,0.622377622,0.058823529,94.58377982474663,2.8993296755752676,71.37865980530569,3.326673684266516,2.7785728545828916,3.2887029743392975,0.9193518757820129,Yennier Cano,25911,666974
Nate Lavender,NYM,1.0,0.0,0.0,21.0,0.0,21.2,0.32911392,0.05063291,10.800003169134042,1.661538949097545,0.41538473727438624,0.22916666666666666,0.82191781,0.306122448,0.041666666,92.40138527199075,1.661538949097545,40.45624775216789,2.164925235699221,1.854566384490318,2.9270666062196615,0.8966174125671387,Nate Lavender,30109,681320
Robbie Ray,- - -,13.0,8.0,0.0,31.0,30.0,165.2,0.1994302,0.11965812,7.605634050917633,4.56338043055058,1.1951710651441994,0.2599118942731278,0.77868852,0.341151385,0.103286384,93.14569125971094,3.5855131954325983,88.36788668142778,4.800920027224004,4.694282016505743,4.909218409553908,0.8863053619861603,Robbie Ray,11486,592662
Anthony Molina,- - -,3.0,2.0,0.0,9.0,5.0,34.0,0.22794118,0.05147059,8.205882583109984,1.85294122844419,0.7941176693332243,0.2736842105263158,0.56603774,0.34375,0.073170731,96.279089866029,3.9705883466661214,96.83350615607984,3.689679218229474,3.0418970652517565,3.7155948995895054,0.8704284075647593,Anthony Molina,26952,683627
Robert Suarez,ATL,4.0,0.0,4.0,33.0,0.0,34.0,0.2,0.04615385,6.882353713355761,1.588235472312868,0.26470591205214467,0.23711340206185566,0.90909091,0.447916666,0.029411764,98.72093683226495,1.0588236482085787,25.224016484631566,3.329357568957813,2.483073468191806,3.610616402912371,0.863587498664856,Robert Suarez,30115,663158
Brock Burke,CIN,6.0,5.0,2.0,77.0,0.0,74.1,0.23566879,0.12738854,8.959642788265688,4.843050155819291,0.6053812694774113,0.25654450261780104,0.72527473,0.386597938,0.059523809,96.20950090392562,2.300448824014163,53.80609678109033,3.6558913889103364,3.7599135341888803,4.591724119737612,0.844480574131012,Brock Burke,17968,656271
Grant Holmes,ATL,10.0,6.0,0.0,31.0,29.0,151.2,0.17912773,0.09657321,6.824176281884248,3.6791211258854206,1.305494593056117,0.2590909090909091,0.82843713,0.436681222,0.130177514,94.21738382824108,3.44175847260249,81.99190922485309,5.041924486536014,4.755665762258352,4.552406726517297,0.8391515919938684,Grant Holmes,16944,656550
Devin Williams,NYM,3.0,2.0,16.0,44.0,0.0,40.2,0.2826087,0.11413043,11.508197440988349,4.647541274245295,0.6639344677493279,0.37037037037037035,0.65217391,0.37037037,0.073170731,93.850498046875,4.426229784995519,107.77276625809078,3.223537057560399,3.051540265369082,3.6147958512074796,0.8390229344367981,Devin Williams,15816,642207
Tim Mayza,PHI,3.0,4.0,0.0,60.0,6.0,67.1,0.23616236,0.06642066,8.554456334057607,2.405940843953702,0.9356436615375507,0.281767955801105,0.72916667,0.481081081,0.116666666,94.45547103881836,3.475247885710903,80.22774829622989,3.465260744440143,3.397750330134922,3.3917168388657877,0.8338320851325989,Tim Mayza,15042,641835
Aaron Civale,- - -,6.0,8.0,2.0,34.0,15.0,111.1,0.18458418,0.07099391,7.356287950262192,2.8293415193316123,1.4550899242276862,0.311046511627907,0.78683834,0.3091922,0.110429447,91.52295996218311,4.203593114435538,94.90368269668318,4.331537114108844,4.64563088623423,4.754430359425107,0.8326783403754234,Aaron Civale,19479,650644
Anthony Bender,MIA,1.0,1.0,2.0,35.0,0.0,34.1,0.29285714,0.08571429,10.74757560185661,3.1456318834702275,0.2621359902891856,0.24096385542168675,0.75144509,0.44047619,0.032258064,96.75,2.621359902891856,61.7775241974712,2.658575322303057,2.4016912888756483,3.3863546965128455,0.8310246467590332,Anthony Bender,19742,669622
Kyle Freeland,COL,4.0,12.0,0.0,26.0,26.0,135.1,0.17618271,0.04730832,7.182266279784941,1.928571501053364,1.928571501053364,0.33636363636363636,0.63225058,0.405172413,0.159340659,91.3285421723301,6.650246555356427,140.6497709122663,5.549815844009397,5.08840540008112,4.333240542061679,0.8305945992469788,Kyle Freeland,16256,607536
Jonathan Bowlan,PHI,2.0,2.0,2.0,59.0,0.0,56.1,0.31877729,0.06550218,11.662723736262263,2.3964500827936157,1.2781067108232618,0.2713178294573643,0.76771654,0.477941176,0.16,97.07300384719223,3.355030115911062,77.45246397309083,2.8392510867439373,3.3669928277349896,2.8609830578923874,0.8204474449157715,Jonathan Bowlan,24607,680742
Jacob Lopez,ATH,7.0,5.0,0.0,27.0,24.0,123.1,0.20326679,0.10526316,8.172973183631205,4.232432541523303,1.678378421638551,0.2909604519774011,0.70603338,0.312668463,0.117346938,90.34025974025974,5.472973114038754,122.04888723367269,3.6327125206991226,5.216936867075129,5.192122543844712,0.8157560378313065,Jacob Lopez,25098,682052
Quinn Mathews,STL,2.0,4.0,0.0,9.0,9.0,49.1,0.21800948,0.09478673,8.391892108192756,3.6486487426925027,0.9121621856731257,0.30935251798561153,0.77419355,0.407142857,0.094339622,93.44089319029851,3.8310811798271276,92.9474052761256,3.837974723723761,3.8304503448519776,4.135000515897901,0.812032163143158,Quinn Mathews,33851,687273
Cam Booser,TBR,1.0,0.0,0.0,42.0,0.0,41.0,0.29605263,0.03947368,9.87805153769094,1.3170735383587922,1.0975612819656602,0.20833333333333334,0.875,0.278350515,0.096153846,95.73192608173076,1.9756103075381881,47.33737053340793,2.6289394760321456,2.9299888413410407,3.259612810622345,0.8013672828674316,Cam Booser,16061,592155
Colin Holderman,CLE,6.0,4.0,1.0,54.0,0.0,52.2,0.22522523,0.09009009,8.544305447794361,3.4177221791177446,0.1708861089558872,0.24113475177304963,0.73899371,0.539007092,0.023255813,96.97750244140624,2.7341777432941954,66.12152555834206,3.851906931831332,3.1576826326321057,4.14361036528687,0.7977702617645264,Colin Holderman,22361,670059
Rico Garcia,BAL,5.0,1.0,10.0,75.0,0.0,67.0,0.25660377,0.08301887,9.134330438489872,2.955224553629076,1.2089554992118947,0.2073170731707317,0.75367647,0.408284023,0.125,95.4060606060606,3.0895529424303976,76.06177051406362,2.9190254043266894,3.8917655525879264,3.768071404359062,0.7921888828277588,Rico Garcia,20023,670329
Kevin Ginkel,ARI,6.0,4.0,3.0,74.0,0.0,67.2,0.26181818,0.06181818,9.576356119444315,2.2610840837576855,1.1970445149305393,0.2840909090909091,0.66770186,0.397790055,0.111111111,95.73629345414201,4.123153329205191,98.01328065302913,3.550552043153846,3.4997354346236564,3.57808356020393,0.778347373008728,Kevin Ginkel,19876,656464
Connelly Early,- - -,7.0,5.0,0.0,18.0,18.0,94.2,0.235,0.085,8.936619958383801,3.2323944530324384,1.4260563763378407,0.2701612903225806,0.86538462,0.42248062,0.144230769,93.98772891537173,3.327464878121628,78.08515163210946,4.245577896654063,4.537340353216782,4.1362398981096185,0.7745348438620567,Connelly Early,33666,813349
Brent Suter,- - -,3.0,2.0,0.0,54.0,4.0,91.0,0.20744681,0.06648936,7.714286522738123,2.4725277316468346,0.8901099833928604,0.29277566539923955,0.70422535,0.498113207,0.115384615,87.8443326781919,3.362637715039695,81.41010118191251,3.9454864299015715,3.5292920697989283,3.537774141593666,0.7729783356189728,Brent Suter,13942,608718
Drew Sommers,DET,2.0,4.0,0.0,43.0,0.0,39.2,0.36686391,0.08284024,14.067231851130586,3.1764717083198097,0.9075633452342313,0.36046511627906974,0.68965517,0.627906976,0.210526315,94.90182648401826,3.6302533809369253,86.83899448538263,2.1865092761780582,2.571308644926842,1.9836114437039944,0.7711566686630249,Drew Sommers,32026,805427
Jack Perkins,ATH,3.0,13.0,3.0,37.0,17.0,121.0,0.25878004,0.09426987,10.413224125371014,3.7933887885280124,1.7107439634538095,0.3217665615141956,0.63068921,0.364985163,0.159722222,95.72767581342669,6.099174130574451,136.01335145819684,4.091336400848131,4.770142241809465,4.095968524428243,0.7623169720172882,Jack Perkins,31468,678022
Hagen Smith,CHW,3.0,3.0,0.0,18.0,1.0,28.0,0.37272727,0.14545455,13.178573224009545,5.14285784351592,0.321428615219745,0.19230769230769232,0.859375,0.433962264,0.055555555,93.76916288804378,1.28571446087898,31.08458430437941,2.4505060713263016,2.3507204941340722,2.857082116299735,0.7560659348964691,Hagen Smith,35205,696146
Ryan Feltner,COL,7.0,10.0,0.0,26.0,22.0,123.1,0.16788321,0.09671533,6.713513686554204,3.8675676672540527,1.459459497077001,0.29658792650918636,0.6625,0.423173803,0.12345679,94.77096337387242,5.400000139184904,114.20761263216896,4.882667380753475,5.0547747007332395,4.929935060227935,0.7540733516216278,Ryan Feltner,21446,663372
Andres Munoz,SEA,5.0,6.0,28.0,61.0,0.0,57.1,0.37083333,0.1,13.970931471973817,3.7674421946895684,1.4127908230085882,0.3162393162393162,0.71917808,0.496,0.23076923,99.77701902506112,4.238372469025764,109.23579818112776,3.2668265246368904,3.3449066644878007,2.3312891482788984,0.7513743042945862,Andres Munoz,20373,662253
Ryan Watson,- - -,1.0,1.0,4.0,53.0,0.0,72.0,0.21172638,0.07491857,8.125000645717037,2.87500022848449,1.000000079472866,0.28846153846153844,0.73671498,0.399061032,0.095238095,94.22336357330607,4.000000317891464,94.27251826199611,4.676756941588071,3.822942875932769,4.140043497644363,0.7472369652241468,Ryan Watson,27853,670245
Chad Patrick,MIL,9.0,4.0,6.0,57.0,6.0,106.0,0.21088435,0.10657596,7.896227267595751,3.990566468569896,0.9339623649844437,0.256140350877193,0.7960199,0.385416666,0.0859375,95.60253008261495,3.3962267817616136,81.78873203833652,4.29690027063063,4.166758447255317,4.640972233565526,0.7437885999679565,Chad Patrick,30113,694477
Zebby Matthews,MIN,9.0,11.0,0.0,23.0,23.0,130.1,0.21284404,0.07155963,8.010230491627667,2.693094734254129,1.6572890672333103,0.27900552486187846,0.68452381,0.4296875,0.165517241,95.18282488441216,4.902813490565209,117.69465253037255,4.375189657348552,4.704301221553115,3.9902465926249704,0.7339659929275513,Zebby Matthews,31827,805673
Huascar Brazoban,- - -,6.0,2.0,0.0,60.0,6.0,67.0,0.20973783,0.10861423,7.522389665800707,3.8955232197896517,0.6716419344464917,0.2215909090909091,0.76119403,0.502793296,0.089285714,96.80666625976562,2.9552245115645634,71.79424799610581,3.4980626654944267,3.7425117781179016,4.034365004100602,0.7337878048419952,Huascar Brazoban,6107,623211
Luis Severino,ATH,2.0,6.0,0.0,12.0,12.0,62.2,0.2398524,0.11439114,9.33510676181496,4.452127840250212,1.2925532439436098,0.3170731707317073,0.74938575,0.444444444,0.140625,96.88826426630435,4.164893786040521,92.87833896512072,4.281020982277825,4.473061077537556,4.148060978619206,0.7274774312973022,Luis Severino,15890,622663
Zachary Thornton,NYM,5.0,6.0,0.0,15.0,15.0,84.1,0.18694362,0.05341246,6.723320563595772,1.920948732455935,1.494071236354616,0.26778242677824265,0.83123426,0.372,0.138613861,92.2921875,3.415019968810551,83.15116176592821,4.483509575955937,4.511787875092836,4.161979206031774,0.7192684412002563,Zachary Thornton,33891,804267
Tejay Antone,CIN,3.0,2.0,1.0,58.0,0.0,55.0,0.24358974,0.07264957,9.327274668039774,2.781818760643441,0.9818183861094498,0.25170068027210885,0.76791809,0.408163265,0.096774193,94.98723196476064,3.1090915560132575,72.71975773501934,3.692007071072821,3.7552661870531105,4.039148727252485,0.7157495021820068,Tejay Antone,16233,622088
Slade Cecconi,CLE,5.0,7.0,0.0,28.0,21.0,121.0,0.1875,0.07386364,7.3636367698973455,2.900826606323197,1.4132232184651472,0.3125,0.6961178,0.430809399,0.131944444,93.602972888592,4.909091179931564,118.71817723561587,4.761965254913943,4.547001667842137,4.302580066854432,0.7038914375007153,Slade Cecconi,27500,677944
Randy Dobnak,KCR,3.0,5.0,0.0,15.0,13.0,74.1,0.15264798,0.08099688,5.932735679726352,3.147982197405819,0.8475336685323359,0.3021276595744681,0.78411405,0.493670886,0.104477611,92.23114714075308,3.511210912491106,82.12130985012618,4.849675061138577,4.217312572316396,4.354034755864824,0.6950839161872864,Randy Dobnak,23798,677976
Ryan Yarbrough,NYY,2.0,1.0,3.0,38.0,2.0,63.1,0.18283582,0.0858209,6.963158978200854,3.268421561196319,0.4263158558082155,0.2698412698412698,0.625,0.338709677,0.036144578,87.33915765601468,3.694737417004535,89.06579357287838,3.399660474461284,3.4480890714164674,4.811057923483947,0.6834008097648621,Ryan Yarbrough,16502,642232
Hunter Greene,CIN,2.0,2.0,0.0,5.0,5.0,27.2,0.27272727,0.07438017,10.734940005726182,2.9277109106525954,1.3012048491789312,0.3333333333333333,0.49382716,0.278481012,0.114285714,98.2599139636076,6.831325458189389,159.78054147932724,4.492252393867911,3.5706001251836463,3.6011911341512475,0.678550124168396,Hunter Greene,22182,668881
Trevor McDonald,SFG,3.0,7.0,0.0,14.0,14.0,70.1,0.18387097,0.07419355,7.29383939002444,2.9431281749221423,0.8957346619328259,0.2938388625592417,0.64755839,0.553488372,0.129629629,93.97273393110795,5.118483782473291,125.55104077455717,4.091889738731799,4.266597457876838,4.132015037723451,0.6672738790512085,Trevor McDonald,26448,686790
Wilber Dotel,PIT,1.0,5.0,0.0,22.0,2.0,42.1,0.22527473,0.08791209,8.71653569488933,3.4015749053226654,0.6377952947479998,0.319672131147541,0.63197026,0.463414634,0.071428571,98.29531402587891,4.464567063235998,103.29649303028283,3.80999540785642,3.2188308360816253,3.795577817367223,0.6663335561752319,Wilber Dotel,28901,696062
Paul Blackburn,NYY,7.0,3.0,1.0,62.0,2.0,85.0,0.20535714,0.09821429,7.305883664458091,3.4941182743060435,0.741176603640676,0.2345132743362832,0.89073634,0.547413793,0.1,94.73529591279872,1.694117951178688,40.83861522427737,3.681602979542054,3.747779535999781,3.9206348900571006,0.6615991145372391,Paul Blackburn,14739,621112
Brady Basso,ATH,1.0,4.0,0.0,26.0,7.0,43.0,0.155,0.05,6.488372956436462,2.0930235343343426,0.837209413733737,0.37012987012987014,0.63253012,0.41025641,0.074074074,92.54852394979508,6.069768249569593,135.35759178607955,3.979672213765792,3.635604388421142,4.322450304635808,0.6604244709014893,Brady Basso,25582,669620
Kade Anderson,SEA,2.0,2.0,0.0,7.0,7.0,35.2,0.21917808,0.06164384,8.074766930893295,2.2710281993137396,1.009345866361662,0.3069306930693069,0.75520833,0.403846153,0.108108108,93.49543378995433,3.7850469988562323,97.55221682255349,3.898968295851588,3.521281373964169,3.629677906761401,0.6592273116111755,Kade Anderson,37238,807739
Drew Anderson,DET,5.0,7.0,2.0,49.0,11.0,108.0,0.25,0.09429825,9.50000100665633,3.5833337130370366,1.3333334746184322,0.2815884476534296,0.78772803,0.484429065,0.153846153,95.29833101529903,3.666667055200689,87.71004301196434,3.921172660184975,4.276646646845011,3.8046943555071193,0.656872034072876,Drew Anderson,15130,623454
Will Klein,LAD,3.0,4.0,2.0,36.0,3.0,41.2,0.25925926,0.11111111,10.58400161499048,4.536000692138778,0.6480000988769682,0.36283185840707965,0.72100313,0.560344827,0.103448275,97.51005381161404,3.67200056030282,87.74664072808118,3.475953480101347,3.412720643920906,3.5276081030268682,0.6484920169168618,Will Klein,27787,694361
Mason Fluharty,TOR,7.0,1.0,1.0,83.0,4.0,62.2,0.24714829,0.10646388,9.335109603087714,4.021277982868554,0.8617024249004044,0.26993865030674846,0.79320113,0.357575757,0.076923076,,3.3031926287848834,79.99037270500395,2.8303320640079686,3.6592314272674424,4.293889121494825,0.648061566054821,Mason Fluharty,31553,689254
Jonah Tong,NYM,2.0,2.0,0.0,7.0,4.0,30.2,0.25373134,0.10447761,9.978261386739762,4.108695865128137,0.5869565521611624,0.2682926829268293,0.64516129,0.419753086,0.057142857,94.9439012480945,3.8152175890475557,92.8954377474994,3.1169248767782616,3.296372780367197,4.171797322327118,0.6364431381225586,Jonah Tong,32157,804636
Mark Leiter Jr.,ATH,0.0,1.0,4.0,36.0,0.0,33.2,0.26388889,0.07638889,10.158417759964776,2.9405946147266455,0.5346535663139356,0.34831460674157305,0.7079646,0.417582417,0.068965517,92.203125,4.2772285305114845,95.383436336272,4.219052074543728,2.952205716781828,3.4805318581081877,0.6337888836860657,Mark Leiter Jr.,15551,643410
Erik Miller,- - -,4.0,2.0,5.0,57.0,1.0,51.1,0.32599119,0.14977974,12.974027741596979,5.9610397731661795,0.52597409763231,0.3063063063063063,0.80779944,0.509259259,0.09375,96.78103111530173,2.9805198865830898,71.80555144165217,3.142824072767694,3.2565647733897167,3.4380582522815137,0.6311496421694756,Erik Miller,26252,669062
Kyle Hart,SDP,1.0,3.0,0.0,46.0,4.0,64.0,0.22014925,0.09701493,8.296876236330903,3.6562505448237874,0.7031251047738053,0.26285714285714284,0.5890411,0.5,0.078125,94.01562245686848,4.921875733416637,122.3101855776889,3.631498323331827,3.631970675475907,4.126241498518125,0.6303235590457916,Kyle Hart,19646,606996
Trenton Harris,SFG,0.0,1.0,2.0,22.0,0.0,23.1,0.28723404,0.07446809,10.414287133119737,2.700000367845858,0.385714338263694,0.3220338983050847,0.78125,0.533333333,0.055555555,,2.314286029582164,56.76700992176571,2.417875242311412,2.243577622394157,2.8512115689929516,0.6122221350669861,Trenton Harris,33214,805345
Anthony Nunez,BAL,3.0,2.0,3.0,52.0,0.0,59.2,0.25882353,0.10196078,9.955308323365571,3.9217881273864372,0.7541900244973917,0.2727272727272727,0.65714286,0.4,0.089285714,96.11009837962963,4.072626132285915,100.26407057450464,3.9224950807800907,3.486195497723255,3.8139189175465464,0.6112082600593567,Anthony Nunez,25796,689296
Jose Suarez,- - -,1.0,4.0,1.0,45.0,2.0,61.1,0.22021661,0.09747292,8.951088673085135,3.961957281529486,0.8804349514509968,0.36666666666666664,0.63034188,0.393442622,0.09375,92.68685409703205,5.869566343006645,134.08335163285133,4.256887111940079,3.8507207401421035,4.154525058636278,0.5926473881118,Jose Suarez,19911,660761
Reynaldo Lopez,ATL,4.0,5.0,0.0,26.0,13.0,79.1,0.21098266,0.0982659,8.281512737779261,3.857142918965683,1.247899179665368,0.3039647577092511,0.71285141,0.374468085,0.113402061,94.14045849543302,4.537815198783156,108.10291739514497,4.813962736444985,4.386434902635371,4.430046933050889,0.586686834692955,Reynaldo Lopez,16400,625643
Jose Alvarado,PHI,5.0,4.0,1.0,68.0,0.0,58.1,0.25641026,0.11355311,10.80000164794947,4.782857872663337,0.7714286891392479,0.37735849056603776,0.65979381,0.345911949,0.080645161,97.20454545454545,5.862858037458284,135.34686284098356,4.102768374005493,3.8207207061767745,4.311238548947077,0.5760560035705566,Jose Alvarado,17780,621237
Matt Festa,CLE,2.0,3.0,1.0,66.0,0.0,66.2,0.23875433,0.07266436,9.315002487374016,2.8350007570268745,0.9450002523422915,0.3172043010752688,0.73317308,0.366492146,0.086419753,92.68029178176796,3.780001009369166,91.41301583796442,3.913461679498853,3.6107207324982054,4.080244193383498,0.5734840631484985,Matt Festa,19330,670036
Jeremiah Estrada,SDP,2.0,3.0,1.0,33.0,0.0,31.0,0.3015873,0.12698413,11.03226010087415,4.645162147736484,0.5806452684670605,0.2571428571428571,0.60240964,0.376811594,0.068965517,95.86120401337793,3.483871610802363,86.575323377838,3.406364754872965,3.036204455372692,3.6099780042588927,0.5732232928276062,Jeremiah Estrada,22210,669093
Justin Slaten,BOS,2.0,4.0,0.0,36.0,0.0,31.1,0.28467153,0.05839416,11.20213084179963,2.2978729931896678,1.1489364965948339,0.36046511627906974,0.61497326,0.420454545,0.133333333,96.58203125,4.5957459863793355,107.8477265285718,2.925770245910182,3.0368907909470972,2.822961128527661,0.5699280500411987,Justin Slaten,25648,686580
Cole Sulser,TBR,1.0,0.0,3.0,51.0,2.0,56.1,0.23728814,0.0720339,8.946746369920211,2.7159765765829214,1.1183432962400264,0.2948717948717949,0.64784053,0.38125,0.098591549,92.2507172360945,4.313609856925816,103.35790786003027,4.379401816288751,3.6332650230944417,3.9208851355727337,0.5674821883440018,Cole Sulser,15256,642121
Mick Abel,MIN,1.0,2.0,0.0,4.0,3.0,20.1,0.24731183,0.10752688,10.18032802801176,4.426229577396417,0.0,0.38596491228070173,0.74285714,0.381818181,0.0,94.82614155688317,3.9836066196567756,95.62860137764407,5.28946331996588,2.756458295849311,4.315858848287641,0.5668411999940872,Mick Abel,27756,690953
Gordon Graceffo,STL,8.0,2.0,1.0,62.0,1.0,81.0,0.19325153,0.11042945,7.000001318661032,4.000000753520589,0.555555660211193,0.2191780821917808,0.75294118,0.470588235,0.056818181,95.3428231020811,2.6666671690137265,64.69708744361341,4.574045639662287,3.7920787512429612,4.629990340525026,0.5662344694137573,Gordon Graceffo,29519,700669
Victor Mederos,ATL,6.0,1.0,1.0,30.0,0.0,34.1,0.22972973,0.09459459,8.91262267957116,3.669903456294007,0.2621359611638576,0.2736842105263158,0.73394495,0.347368421,0.02173913,97.31593919836956,3.4077674951301495,81.18215306050818,3.4991258786093216,3.0715943784063815,4.7159209658458945,0.5660567283630371,Victor Mederos,31533,682989
Daniel Duarte,NYM,2.0,0.0,2.0,24.0,0.0,29.2,0.26785714,0.0625,9.101124960821661,2.1235958241917205,0.910112496082166,0.19718309859154928,0.81730769,0.315068493,0.083333333,94.97361246744792,2.1235958241917205,51.70671372803653,2.8753899933934313,3.201844206989273,3.7194705872723213,0.5539300441741943,Daniel Duarte,17480,650960
Joe Boyle,TBR,0.0,1.0,0.0,4.0,3.0,19.0,0.25925926,0.11111111,9.94736892034475,4.263158108719178,0.47368423430213097,0.24,0.4368932,0.411764705,0.045454545,97.3155850497159,5.21052657732344,124.8488258660099,3.980059222367569,2.9954574331352255,4.0595473016288,0.5531983822584152,Joe Boyle,29608,671212
Kirby Yates,- - -,2.0,5.0,3.0,46.0,1.0,42.1,0.2752809,0.09550562,10.417324086265754,3.6141736625819965,0.6377953522203523,0.29523809523809524,0.76771654,0.330188679,0.057692307,90.79224323776533,3.1889767611017614,76.69168257134703,3.3838354396920827,3.195208796642418,4.128624160009722,0.5503068268299103,Kirby Yates,9073,489446
Ryan Zeferjahn,- - -,4.0,4.0,7.0,65.0,0.0,69.2,0.30921053,0.13157895,12.143542775490069,5.167465010846838,0.9043063768981967,0.2727272727272727,0.73696145,0.44654088,0.122807017,97.47791119918082,3.8755987581351286,94.17787371435332,3.0921845253616285,3.8184240700422043,3.747573211564228,0.5478759109973907,Ryan Zeferjahn,25420,666171
Hogan Harris,ATH,4.0,2.0,17.0,74.0,0.0,70.1,0.2829582,0.13504823,11.260666764438652,5.374409137572993,1.023696978585332,0.30952380952380953,0.82463466,0.473988439,0.13114754,95.2253079379562,3.327015180402329,74.19340313148226,3.7139340849846514,4.08176353412442,3.9126209360900503,0.5463122725486755,Hogan Harris,21520,663687
Dylan Smith,SFG,0.0,6.0,4.0,42.0,0.0,39.2,0.25423729,0.12429379,10.210085670100247,4.991597438715677,0.6806723780066831,0.3047619047619048,0.71167883,0.339805825,0.0625,95.59701492537313,3.8571434753712044,94.61168547761714,3.954849123998081,3.6301324458742306,4.474040042583794,0.5437985062599182,Dylan Smith,30145,681916
Kyle Hurt,LAD,4.0,1.0,1.0,44.0,1.0,45.2,0.29292929,0.11616162,11.430658048290146,4.5328471570805755,0.9854015558870816,0.2972972972972973,0.70909091,0.434782608,0.111111111,96.60709237469437,4.138686534725743,98.89863426893879,3.758147990419918,3.560574655727448,3.6250704734557613,0.538253778591752,Kyle Hurt,27514,669165
Eric Orze,MIN,2.0,2.0,1.0,36.0,0.0,41.1,0.19047619,0.11111111,7.83871136545303,4.5725816298476,0.21774198237369527,0.3178294573643411,0.59748428,0.421875,0.02173913,92.76892434675142,5.661291541716077,135.9023226475208,4.126337878799356,3.342656132284249,4.708508147510225,0.5375080108642578,Eric Orze,27626,679358
Sam Hentges,SFG,1.0,7.0,0.0,45.0,0.0,36.2,0.23699422,0.14450867,10.063639155617219,6.136365338790988,0.0,0.33980582524271846,0.734375,0.46,0.0,94.491341991342,3.1909099761713136,78.26967624632037,3.8041404509780077,3.237084270508832,4.637169808372582,0.5337679982185364,Sam Hentges,18548,656529
Tatsuya Imai,HOU,6.0,4.0,0.0,23.0,15.0,76.2,0.28698225,0.15088757,11.386957466039032,5.986957018226708,1.0565218267458896,0.2768361581920904,0.70717131,0.413043478,0.121621621,94.79065207603193,4.930435191480818,120.21074009698837,4.5866531027506445,4.248546778457159,4.179837452605339,0.5335731208324432,Tatsuya Imai,37124,837227
Dean Kremer,- - -,5.0,5.0,0.0,17.0,17.0,90.1,0.23626374,0.07967033,8.568265803266938,2.889298933659781,1.7933579588233126,0.24347826086956523,0.68527919,0.346938775,0.159292035,92.5063799117312,4.682656892483094,113.99885961760606,4.130672459173969,4.7833774465674495,4.0817341121272115,0.5315820872783661,Dean Kremer,19350,665152
Taylor Clarke,ARI,2.0,4.0,0.0,71.0,2.0,73.0,0.15625,0.04861111,5.547946075221975,1.7260276678468367,0.8630138339234183,0.23853211009174313,0.72916667,0.45045045,0.086419753,94.46428898402623,2.95890457345172,70.33741440781192,4.4128707922108195,3.854145371960905,4.28293387343618,0.5301085188984871,Taylor Clarke,17611,664199
Stephen Kolek,KCR,4.0,3.0,0.0,10.0,10.0,54.0,0.15178571,0.05357143,5.666666666666667,2.0,1.3333333333333333,0.27976190476190477,0.67474048,0.457142857,0.140350877,94.24894514767932,4.5,105.247421341427,3.8562967026946455,4.545165040757921,4.213017961410461,0.5245057344436646,Stephen Kolek,21487,663568
Daniel Lynch IV,KCR,6.0,6.0,1.0,56.0,10.0,86.0,0.15730337,0.07303371,5.860465636183773,2.7209304739424662,1.1511628928218125,0.23938223938223938,0.68493151,0.469924812,0.107843137,94.45999948601974,4.081395710913699,95.4569720105838,4.606262747809774,4.507697465317914,4.635713365486247,0.5232026278972626,Daniel Lynch IV,21537,663738
Jack Leiter,TEX,3.0,7.0,0.0,15.0,15.0,80.0,0.23380282,0.09859155,9.3375,3.9375,1.575,0.3013698630136986,0.69416499,0.36637931,0.14893617,96.69200888708178,5.2875,130.00337609292475,4.86020805265953,4.763220596313477,4.262348101846873,0.5215675830841064,Jack Leiter,30146,683004
Jose Urquidy,- - -,2.0,2.0,1.0,13.0,1.0,36.1,0.18292683,0.04268293,7.431193115674918,1.7339450603241475,0.9908257487566557,0.35537190082644626,0.63492063,0.4,0.083333333,92.27906976744185,4.954128743783279,117.4187997957036,3.4048156055244885,3.6236564081572675,4.1871884418651595,0.5175109189003706,Jose Urquidy,18413,664353
Juan Mejia,COL,4.0,6.0,4.0,65.0,1.0,70.0,0.20433437,0.12383901,8.485715911461694,5.142858128158602,0.7714287192237904,0.34615384615384615,0.68383659,0.426540284,0.088235294,96.85193027817404,5.271429581362567,111.4884022460204,4.705104575021938,4.172149373013186,4.52461959709208,0.5172722153365612,Juan Mejia,23237,675848
Tayler Saucedo,LAA,1.0,1.0,0.0,28.0,0.0,21.1,0.29885057,0.08045977,10.968754576521041,2.9531262321402805,0.42187517602004004,0.28,0.80508475,0.38,0.04,92.582001953125,2.53125105612024,61.45119014118784,2.724086846089235,2.678845420293437,3.838879985614127,0.5004469752311707,Tayler Saucedo,17888,642048
Jake Irvin,WSN,2.0,10.0,0.0,22.0,20.0,106.2,0.23404255,0.10212766,9.28125022128225,4.050000096559526,1.6875000402331362,0.2826855123674912,0.6744186,0.3820598,0.152671755,93.22568690680534,5.484375130757693,128.35393091962993,5.346335791294793,5.078845643475653,4.4956863467918,0.49663347005844116,Jake Irvin,21504,663623
Jackson Jobe,DET,3.0,3.0,0.0,9.0,9.0,46.0,0.2642487,0.08290155,9.978260869565217,3.130434782608696,1.3695652173913044,0.26956521739130435,0.76763485,0.475409836,0.162790697,97.5722007909751,3.9130434782608696,93.60359329575462,3.8318991461617795,4.165937987617824,3.5991014055259853,0.49165409803390503,Jackson Jobe,30203,695549
Robert Stock,NYM,1.0,3.0,0.0,8.0,7.0,30.1,0.19727891,0.10204082,8.604395703022902,4.45054950156357,0.593406600208476,0.3711340206185567,0.66420664,0.364583333,0.052631578,95.77089258450181,5.93406600208476,144.48655837315766,5.067386010634072,3.9248964299363602,4.959271336633188,0.48652056814171374,Robert Stock,6576,476594
Lake Bachar,- - -,2.0,4.0,2.0,53.0,12.0,86.2,0.25977654,0.10055866,9.657693441266977,3.7384619772646364,1.3500001584566743,0.22748815165876776,0.79952267,0.386363636,0.126213592,94.43995366902112,3.42692347915925,80.40497450317086,3.376190951218399,4.323797662949438,4.168250669928789,0.48571479320526123,Lake Bachar,19222,669199
Jordan Hicks,CHW,3.0,2.0,1.0,53.0,2.0,48.0,0.2962963,0.15277778,12.000003337861036,6.187501721084597,0.7500002086163148,0.32456140350877194,0.77809798,0.461538461,0.095238095,99.36304772418478,3.9375010952356524,95.19655294206075,2.8579687601806167,3.6423874136474814,3.8802129271828654,0.4825203027576208,Jordan Hicks,19618,663855
Emilio Pagan,CIN,5.0,1.0,25.0,45.0,0.0,42.2,0.25862069,0.06321839,9.492188065778498,2.3203126383014108,1.4765625880099886,0.24299065420560748,0.83769634,0.256637168,0.104477611,94.89693580483491,3.375000201165688,78.93919897911293,3.4173886187887077,4.178845660574738,4.417041343736488,0.47644785046577454,Emilio Pagan,14771,641941
Brooks Raley,- - -,5.0,7.0,1.0,61.0,0.0,52.2,0.22767857,0.08928571,8.715191872375168,3.4177223028922232,1.025316690867667,0.2847222222222222,0.77922078,0.356643356,0.101694915,,3.246836187747612,76.8975034366272,3.957891715666397,3.9551511720365324,4.165604053484541,0.47584980726242065,Brooks Raley,10061,548384
Alec Gamboa,BOS,1.0,0.0,1.0,21.0,3.0,33.0,0.17424242,0.08333333,6.272727997835101,3.0000003467907006,0.27272730425370006,0.2708333333333333,0.82446809,0.547368421,0.037037037,95.3567020376933,1.9090911297759003,44.800373800554766,3.070737089732653,3.1916296977313765,4.033059650559677,0.4719480276107788,Alec Gamboa,26227,687941
Jackson Kent,WSN,2.0,4.0,0.0,8.0,7.0,36.1,0.17647059,0.14705882,7.431192920621572,6.192660767184643,0.4954128613747715,0.336283185840708,0.64308682,0.49122807,0.06060606,93.1155683409493,5.944954336497258,139.1331263880381,5.437168118039449,4.229161002778234,4.884937899027892,0.47145717591047287,Jackson Kent,35462,800600
Dylan Dodd,ATL,4.0,1.0,2.0,48.0,0.0,49.2,0.27319588,0.07216495,9.604028075048982,2.5369130764280325,1.2684565382140163,0.20512820512820512,0.89005236,0.268292682,0.109375,94.19999694824219,2.5369130764280325,60.436067298047725,3.096297588648385,3.8255529038643434,3.938975629007101,0.4609706401824951,Dylan Dodd,29928,689266
Tyler Phillips,MIA,5.0,6.0,2.0,37.0,20.0,126.2,0.18773234,0.10408922,7.17631593355512,3.9789474483077893,1.207894761093436,0.2631578947368421,0.82201087,0.471849865,0.1328125,96.04386250456871,3.339473751258323,78.70129555563439,4.700973152501359,4.648089048433173,4.429141590789413,0.4581354856491089,Tyler Phillips,20629,663969
Andrew Kittredge,BAL,3.0,3.0,11.0,55.0,0.0,48.1,0.18691589,0.05140187,7.448277233727308,2.0482762392750096,1.1172415850590962,0.31210191082802546,0.625,0.421383647,0.103448275,94.19195626795977,3.537931686020471,87.10041647152828,3.998801495372874,3.742100024773328,3.940181857071517,0.45535099506378174,Andrew Kittredge,12828,552640
Cam Sanders,- - -,1.0,1.0,3.0,28.0,0.0,29.1,0.30534351,0.15267176,12.272729799767692,6.136364899883846,0.3068182449941923,0.3181818181818182,0.69506726,0.439393939,0.041666666,95.9636015625,4.602273674912884,109.21095287112267,3.8409366966233747,3.271175176865806,4.063362771301934,0.4539060667157173,Cam Sanders,23479,676742
Evan Sisk,PIT,1.0,0.0,0.0,41.0,0.0,44.2,0.25380711,0.12690355,10.074629160099123,5.037314580049562,0.4029851664039649,0.3063063063063063,0.81845238,0.43119266,0.052631578,91.52708604600694,3.0223887480297367,69.9288763778518,3.74517496326701,3.7275864107196446,4.430035193313001,0.4453957676887512,Evan Sisk,24995,681895
Patrick Corbin,TOR,3.0,4.0,1.0,19.0,15.0,80.0,0.175,0.06944444,7.087500084489585,2.812500033527613,1.3500000160932544,0.33858267716535434,0.70409982,0.38490566,0.130434782,91.26415094339623,5.512500065714121,133.49113550033522,5.5137780246669355,4.638220614641905,4.4246007238940015,0.4436444118618965,Patrick Corbin,9323,571578
Ty Madden,DET,1.0,0.0,0.0,20.0,1.0,47.0,0.24338624,0.07407407,8.808511889428955,2.6808514446088125,0.9574469445031473,0.22950819672131148,0.76190476,0.362204724,0.09090909,93.47651999778593,3.255319611310701,77.87023441923199,2.873267650627018,3.5475291704149456,3.9314497827426793,0.44073919765651226,Ty Madden,30140,680744
Trevor Richards,- - -,0.0,1.0,2.0,54.0,0.0,83.0,0.2115942,0.07536232,7.915663651067667,2.8192774647638266,1.3012049837371507,0.24892703862660945,0.73566085,0.286885245,0.092307692,91.87241798298906,3.686747453921927,89.015761507747,4.134038714238138,4.197106277054965,4.682485222989231,0.43760401010513306,Trevor Richards,19309,670950
Hunter Dobbins,STL,3.0,3.0,1.0,11.0,8.0,54.0,0.22510823,0.1038961,8.66666681972551,4.000000070642543,1.1666666872707419,0.2876712328767123,0.78220859,0.434210526,0.127272727,94.6484930236204,3.6666667314223313,88.95848004802046,3.9510845690980347,4.304424321275353,4.157095915274493,0.4362572282552719,Hunter Dobbins,30240,690928
Josh Walker,BAL,1.0,0.0,1.0,31.0,0.0,30.1,0.23015873,0.0952381,8.604398670296666,3.560440829088276,0.593406804848046,0.2682926829268293,0.81871345,0.419753086,0.058823529,93.02046936515748,2.076923816968161,51.13183223756466,2.694979909399461,3.3314899093099393,4.166757969983548,0.43460237979888916,Josh Walker,23617,677020
Adrian Houser,SFG,4.0,7.0,0.0,26.0,16.0,109.2,0.15957447,0.07234043,6.155015554400015,2.7902737179946735,1.231003110880003,0.27485380116959063,0.73809524,0.433048433,0.116279069,95.73154975768716,4.021276828874677,98.63770455552108,4.950751078150115,4.550568704683258,4.54853118181127,0.42872917652130127,Adrian Houser,12718,605288
Orlando Ribalta,WSN,1.0,2.0,2.0,45.0,0.0,43.0,0.23595506,0.1011236,8.790699234132852,3.7674425289140796,1.0465118135872444,0.25663716814159293,0.68888889,0.393162393,0.087719298,96.93380766369047,3.7674425289140796,88.17158683912028,3.6806207939695876,3.9146742291035554,4.40453612334976,0.42222511768341064,Orlando Ribalta,26247,687377
Casey Legumina,- - -,2.0,2.0,0.0,55.0,6.0,71.2,0.18032787,0.06229508,6.906978092224813,2.3860469773140265,0.8790699390104307,0.3055555555555556,0.77605322,0.413636363,0.088607594,92.97489707598548,3.767442595758989,91.63670524939916,4.224057778755521,3.965837044228504,4.360466389180904,0.4191735200583935,Casey Legumina,25921,668984
Hunter Gaddis,CLE,6.0,3.0,1.0,68.0,0.0,60.1,0.22178988,0.08560311,8.502764222954223,3.281768647456016,1.0441991150996415,0.2857142857142857,0.85470085,0.356725146,0.093333333,95.14723868534483,2.9834260431418325,72.14917971110118,4.083852768642639,3.962599230998895,4.331254245782602,0.4166453778743744,Hunter Gaddis,25636,683769
Chase Dollander,COL,3.0,3.0,0.0,10.0,3.0,44.0,0.24867725,0.0952381,9.613636780376295,3.681818341420709,1.2272727804735695,0.28695652173913044,0.79457364,0.495798319,0.133333333,98.86964634486607,3.8863638048329703,82.19487417217788,3.977120162820164,4.168902460799732,3.940386740042834,0.4126189574599266,Chase Dollander,33482,801403
Tomoyuki Sugano,COL,12.0,12.0,0.0,29.0,29.0,154.1,0.14634146,0.05487805,5.598272322727552,2.099352121022832,1.9244061109375958,0.27459016393442626,0.69461827,0.370155038,0.152073732,92.57838139478764,5.3650109759472375,113.46760731765535,6.349608080550752,5.394457172986571,4.737744695302628,0.4093516767024994,Tomoyuki Sugano,35321,608372
Jose Cuas,KCR,0.0,1.0,0.0,24.0,0.0,23.1,0.23148148,0.13888889,9.642859244833645,5.785715546900187,0.0,0.38235294117647056,0.82926829,0.268656716,0.0,91.80460397820724,2.314286218760075,54.127257060111,5.403022912774562,2.8864348353171736,4.763019961479424,0.40588149428367615,Jose Cuas,17701,621016
Kody Funderburk,MIN,3.0,2.0,1.0,58.0,0.0,51.0,0.22072072,0.12162162,8.64706141066051,4.764707307914976,0.529411923101664,0.28368794326241137,0.75221239,0.544117647,0.076923076,,3.7058834617116476,88.9617088603394,3.7129066463639218,3.649740368418906,4.039660764025337,0.4053140878677368,Kody Funderburk,24993,681892
Wandy Peralta,SDP,3.0,3.0,0.0,65.0,5.0,77.1,0.15576324,0.07165109,5.818966474034289,2.6767245780557727,0.8146553063648004,0.3025210084033613,0.77731092,0.456066945,0.094594594,96.35526155170642,3.607759213901259,89.65396992369105,4.320346362969169,3.9929621223320675,4.261052064536496,0.4036174714565277,Wandy Peralta,14295,593974
Colin Rea,CHC,8.0,8.0,2.0,34.0,19.0,137.0,0.17206133,0.08006814,6.635036681099681,3.0875913268483663,1.3795620822088446,0.2773722627737226,0.75814536,0.430913348,0.123529411,93.84440728168263,4.33576654408494,105.5948525660272,5.352898076780157,4.801450570676761,4.682343103099845,0.40088218450546265,Colin Rea,12317,607067
Scott Blewett,- - -,2.0,2.0,0.0,26.0,0.0,37.1,0.2125,0.06875,8.196429688103498,2.651786075562896,0.9642858456592349,0.32432432432432434,0.77092511,0.5,0.129032258,95.56965247844828,3.1339289983925136,69.88752529078043,3.7933089273547336,3.5560778012081156,3.4169733598752257,0.3977963130455464,Scott Blewett,16427,656240
David Sandlin,CHW,3.0,2.0,0.0,8.0,6.0,40.1,0.23952096,0.07784431,8.925620116103625,2.9008265377336784,1.5619835203181345,0.27358490566037735,0.54726368,0.469026548,0.184210526,96.505,5.578512572564766,134.87111612354497,3.9811639853593546,4.414770224517621,3.581118259644435,0.39544427394866943,David Sandlin,31743,689818
Jordan Romano,- - -,0.0,4.0,15.0,38.0,0.0,33.2,0.25490196,0.12418301,10.42574395246237,5.079208592225257,1.0693070720474225,0.2777777777777778,0.62211982,0.319148936,0.097560975,93.73633178253745,5.613862128248968,126.25514910063974,3.6124637726271285,4.11062171991382,4.4048512357888026,0.3947694096714258,Jordan Romano,16122,605447
Tanner Gordon,COL,1.0,6.0,0.0,24.0,12.0,103.2,0.17970402,0.05073996,7.379421402895554,2.0836013372881563,1.8231511701271368,0.3724340175953079,0.65698479,0.333333333,0.124260355,92.6615073844178,6.684887623799502,141.38241417595856,5.134770314607173,4.846701346541053,4.674730747276621,0.384891539812088,Tanner Gordon,27669,685299
Yoendrys Gomez,- - -,3.0,4.0,22.0,65.0,0.0,67.0,0.21885522,0.13131313,8.731344774959867,5.2388068649759205,0.9402986680726011,0.2786885245901639,0.70953437,0.262032085,0.076923076,95.91003936414093,4.298508196903319,103.11601057132935,5.486093208307482,4.399228280794688,5.091773372138732,0.3836846947669983,Yoendrys Gomez,22872,672782
Brandon Eisert,- - -,3.0,3.0,0.0,40.0,4.0,44.0,0.25925926,0.07407407,10.022729227858523,2.863636922245292,1.2272729666765538,0.31092436974789917,0.60483871,0.383333333,0.136363636,89.99581899366962,5.522728350044492,131.60799269237393,3.754072104641817,3.6689025253303997,3.406070950722764,0.3829898089170456,Brandon Eisert,27668,685126
Luis Mey,CIN,0.0,2.0,0.0,29.0,0.0,34.2,0.3030303,0.13333333,12.980770183032856,5.711538880534457,0.7788462109819714,0.37209302325581395,0.61619718,0.48275862,0.085714285,97.21851490162037,6.230769687855771,145.7339078121512,4.5638733667641445,3.5911052476724956,3.9905192547229786,0.38278520107269287,Luis Mey,25620,682825
Peyton Gray,TEX,6.0,0.0,0.0,49.0,0.0,56.0,0.24096386,0.06827309,9.642859113460087,2.732143415480358,1.446428867019013,0.29375,0.74132492,0.361445783,0.134328358,93.0827450824873,3.857143645384035,94.83530893149796,3.5748840673246924,4.118577947178708,3.835774589548544,0.37927570939064026,Peyton Gray,25310,682608
Cody Bradford,TEX,0.0,5.0,0.0,10.0,8.0,44.0,0.11398964,0.05181347,4.500000292604639,2.045454678456654,1.2272728070739924,0.3181818181818182,0.78125,0.339869281,0.086956521,88.57324350717906,4.2954548247589734,105.61203386729248,5.173543720313429,4.62344796805343,5.218511795562746,0.3788237851113081,Cody Bradford,27597,674003
Blade Tidwell,SFG,1.0,2.0,1.0,17.0,9.0,56.2,0.19574468,0.0893617,7.305882680820361,3.3352942673310344,1.2705882923165845,0.24675324675324675,0.71197411,0.376543209,0.111111111,95.12163254310344,4.447059023108046,109.08169537411524,4.252333515958913,4.741897140555732,4.825058802336557,0.3780446946620941,Blade Tidwell,31701,694918
Luinder Avila,KCR,5.0,4.0,0.0,21.0,12.0,70.0,0.197411,0.13592233,7.842857570258962,5.400000294276662,0.9000000490461104,0.3248730964467005,0.68441065,0.470297029,0.097222222,96.14791870117188,5.528571729854678,129.30398183740382,4.9420808191660885,4.543577817800098,4.796613459533575,0.3763173893094063,Luinder Avila,24452,679883
Fernando Cruz,NYY,4.0,6.0,2.0,61.0,0.0,54.2,0.28632479,0.13675214,11.03049216662074,5.268294766147219,1.152439480094704,0.2698412698412698,0.79754601,0.320610687,0.097222222,93.16146049626246,3.1280500173999113,75.40515757713915,3.300078124943865,4.179989315767247,4.50399847967099,0.3758547902107239,Fernando Cruz,7048,518585
Yuki Matsui,SDP,5.0,1.0,1.0,54.0,0.0,64.0,0.26153846,0.13846154,9.562501709908553,5.062500905245704,0.9843751760199981,0.20408163265306123,0.93558282,0.342281879,0.088607594,91.95362507548309,1.828125326894282,45.42949885418921,3.024669746237209,4.178845789097284,4.62074843376907,0.37378543615341187,Yuki Matsui,33826,673513
Jakob Junis,TEX,1.0,3.0,6.0,53.0,1.0,54.1,0.16239316,0.07692308,6.294479337812467,2.9815954758059053,0.6625767724013123,0.2781065088757396,0.76023392,0.416184971,0.06557377,92.34724173516584,3.6441722482072176,89.59899675292331,4.422343122335649,3.928941561815117,4.667045473621432,0.3714277893304825,Jakob Junis,13619,596001
Mitch Bratt,ARI,1.0,3.0,0.0,10.0,10.0,44.0,0.15463918,0.13917526,6.136363636363637,5.5227272727272725,1.0227272727272727,0.26717557251908397,0.73770492,0.28030303,0.072463768,90.96449704142012,4.704545454545454,111.83380708041304,4.1221614150764365,5.123447869040749,6.013966203311628,0.3656463921070099,Mitch Bratt,30003,683352
Graham Ashcraft,CIN,1.0,1.0,1.0,35.0,0.0,35.1,0.26490066,0.1589404,10.188680711952168,6.113208427171301,0.5094340355976084,0.2976190476190476,0.71138211,0.54117647,0.08,,4.075472284780867,95.32281435451773,3.7973285261136893,3.6950603045106867,4.027533759957873,0.36455217003822327,Graham Ashcraft,27552,668933
Jaden Hill,COL,1.0,4.0,2.0,46.0,0.0,39.2,0.22099448,0.12707182,9.07563257954896,5.218488733240652,0.6806724434661721,0.29464285714285715,0.67474048,0.407079646,0.063829787,96.94253747171946,5.218488733240652,110.36872674252331,3.9343415857733732,4.03349394476712,4.839337014148519,0.35533642768859863,Jaden Hill,30250,677955
Chase Silseth,- - -,3.0,4.0,0.0,73.0,0.0,60.0,0.27306273,0.12915129,11.100003175736383,5.250001502037478,0.9000002574921391,0.32450331125827814,0.79676674,0.376623376,0.098360655,95.88971468134574,3.6000010299685563,87.95509948923517,4.0697490684469235,3.9340541680654573,4.1691149138635035,0.351394459605217,Chase Silseth,30074,681217
Isaac Mattson,PIT,0.0,0.0,0.0,38.0,0.0,38.2,0.20454545,0.10227273,8.379311722609376,4.189655861304688,0.6982759768841147,0.3474576271186441,0.68027211,0.27118644,0.057692307,94.15399610136453,5.353449156111545,123.86251916696057,6.200244350766059,3.721410353543801,4.74333928799731,0.34934166073799133,Isaac Mattson,20385,676755
Enmanuel De Jesus,DET,2.0,0.0,1.0,30.0,0.0,42.1,0.21910112,0.08426966,8.29133957886458,3.1889767611017614,0.6377953522203523,0.29411764705882354,0.66929134,0.408333333,0.065217391,94.15532191932624,3.826772113322114,91.53990302457318,4.431232440220348,3.3841851973003,4.103599562601318,0.3492641746997833,Enmanuel De Jesus,18554,646241
Ryan Rolison,CHC,9.0,2.0,3.0,60.0,2.0,63.0,0.21484375,0.109375,7.8571455927402045,4.00000139266774,0.8571431555716587,0.281437125748503,0.78512397,0.426900584,0.092307692,94.70355534432503,3.142858237096082,76.5423250554939,4.034675617626111,3.926117709086185,4.245851530095115,0.34863480366766453,Ryan Rolison,22200,669020
Tyler Holton,DET,2.0,5.0,2.0,67.0,3.0,72.0,0.18272425,0.06312292,6.875001274877361,2.375000440412179,1.000000185436707,0.29577464788732394,0.81367925,0.509174311,0.117647058,91.54861111111111,2.750000509950944,65.7825374869002,3.769477133508386,4.059054107356987,4.040622311696397,0.3483460992574692,Tyler Holton,26231,663947
Enyel De Los Santos,HOU,3.0,3.0,5.0,66.0,0.0,71.1,0.22259136,0.06644518,8.453272534891385,2.523364935788473,1.38785071468366,0.2871287128712871,0.63002681,0.345971563,0.113402061,95.06554764851485,4.794393377998099,116.89385498486858,3.416910206345946,4.110066570628866,4.158569677744628,0.3478858172893524,Enyel De Los Santos,18403,660853
Justin Bruihl,STL,1.0,1.0,0.0,73.0,0.0,77.2,0.15317919,0.08092486,6.14163230900666,3.2446359368337068,0.4635194195476724,0.285140562248996,0.67641682,0.502040816,0.051948051,91.67999877929688,3.708155356381379,89.96505230723628,4.465349919319566,3.9505061988175427,4.7779137623259125,0.34135735034942627,Justin Bruihl,23779,677865
Orion Kerkering,PHI,7.0,1.0,2.0,62.0,0.0,58.0,0.23507463,0.12686567,9.775863997860085,5.275863109956237,0.7758622220523878,0.2830188679245283,0.6547619,0.35582822,0.070422535,97.15690633468834,4.965518221135282,114.63134691587418,3.8476553436996386,4.169686324474545,4.8973174716086225,0.3385334014892578,Orion Kerkering,31776,689147
Brock Stewart,LAD,1.0,2.0,1.0,28.0,1.0,26.2,0.24271845,0.09708738,8.437501408159967,3.375000563263987,1.0125001689791961,0.2153846153846154,0.74561404,0.544117647,0.12,95.86169931398216,2.70000045061119,64.51958969360817,2.5397978382567903,3.813220715224763,3.766247972438583,0.3355507291853428,Brock Stewart,16727,592779
Will Vest,DET,3.0,5.0,2.0,27.0,0.0,26.2,0.23275862,0.0862069,9.112501520812765,3.375000563263987,0.6750001126527975,0.3466666666666667,0.48387097,0.618421052,0.111111111,95.83177570093459,6.075001013875177,145.31960284448428,3.9630757308279745,3.400720646381387,3.4449002845929937,0.33525416254997253,Will Vest,19769,676684
Max Scherzer,TOR,4.0,9.0,0.0,18.0,18.0,84.2,0.18681319,0.09615385,7.228346673810663,3.7204725526966653,1.5944882368699993,0.2581967213114754,0.64893617,0.303501945,0.111940298,92.9430423460145,5.740157652731997,139.00410954731976,4.221110164970773,5.108594672371995,5.195122593297137,0.3318595886230469,Max Scherzer,3137,453286
Brant Hurter,DET,4.0,1.0,0.0,29.0,0.0,35.1,0.16783217,0.1048951,6.113209087172584,3.820755679482865,0.2547170452988577,0.22549019607843138,0.69948187,0.594059405,0.047619047,91.71739130434783,3.056604543586292,73.11678752186177,3.6745442595914866,3.4686452173007156,3.9981116922993767,0.331201434135437,Brant Hurter,30133,676428
Riley Cornelio,WSN,3.0,2.0,0.0,18.0,3.0,36.2,0.25,0.18125,9.818183009880778,7.118182682163564,0.4909091504940389,0.2696629213483146,0.63218391,0.404494382,0.047619047,96.49681255446963,3.6818186287052916,86.16768230844139,3.9361341062643085,4.000720705552548,5.021146869619047,0.3291005278006196,Riley Cornelio,31953,683000
Noah Schultz,CHW,4.0,9.0,0.0,19.0,14.0,74.1,0.20679012,0.09567901,8.112108282465817,3.753363533678214,1.3318386732406564,0.2766990291262136,0.6587473,0.344339622,0.117021276,95.25656506614963,5.569507179006382,134.65339366356088,5.600302440986591,4.836146746293726,4.821754822828418,0.32836683094501495,Noah Schultz,32056,702273
Garrett Crochet,BOS,3.0,3.0,0.0,6.0,6.0,30.0,0.26811594,0.07971014,11.1,3.3,1.5,0.345679012345679,0.6097561,0.364705882,0.15625,95.82241154813218,6.3,147.84121645184436,5.122468242909923,4.300720596313477,3.744609395662944,0.32450082898139954,Garrett Crochet,27463,676979
DL Hall,MIL,4.0,0.0,0.0,47.0,1.0,61.1,0.26556017,0.14522822,9.391305710733247,5.1358703105572445,0.733695758651035,0.17777777777777778,0.89830508,0.430656934,0.089285714,95.06363797778926,1.9076089724926908,45.939487881961625,3.424968101571502,3.8833294055412475,4.202147309948299,0.32435001619160175,DL Hall,22207,669084
Matt Brash,SEA,3.0,0.0,0.0,20.0,0.0,16.2,0.234375,0.09375,8.100001235962102,3.2400004943848413,0.0,0.2,0.88235294,0.41025641,0.0,96.47999674479166,0.5400000823974735,13.917450731299615,4.219986186447376,2.9207205688476523,4.007845674290669,0.32140883803367615,Matt Brash,25756,666374
Riley O'Brien,STL,3.0,9.0,38.0,66.0,0.0,64.0,0.23188406,0.10507246,9.000000536441835,4.078125243075206,0.7031250419095184,0.2857142857142857,0.67058824,0.458333333,0.102040816,,4.078125243075206,98.94104090793857,4.989673557332157,3.944470646604899,4.084859588099547,0.3119700849056244,Riley O'Brien,20348,676617
Jacob Webb,CHC,6.0,5.0,9.0,68.0,0.0,67.0,0.25704225,0.08802817,9.805971265874978,3.3582093376284172,1.343283735051367,0.28,0.8028169,0.407608695,0.151515151,94.18793136503068,3.3582093376284172,81.78706493699573,4.337179497348987,4.026093836015529,3.573155268912563,0.30888351798057556,Jacob Webb,19274,657097
Keaton Winn,SFG,2.0,3.0,1.0,44.0,0.0,43.0,0.1875,0.09659091,6.906978582420859,3.5581404818531697,0.6279071438564418,0.25833333333333336,0.74297189,0.5,0.085714285,96.07848348496836,3.348838100567689,82.14348756002109,4.003580071281091,3.8681626610269055,4.190170914834962,0.3056110143661499,Keaton Winn,23499,676775
Ryan Thompson,ARI,4.0,2.0,0.0,46.0,0.0,40.2,0.15591398,0.06989247,6.418034392318574,2.8770499000048777,0.6639345923088179,0.34782608695652173,0.70063694,0.507246376,0.078947368,91.27857317243304,4.42623061539212,105.21786334467599,4.088664494830069,3.813835528793318,4.2657054404363475,0.3040183484554291,Ryan Thompson,16647,657044
Will Dion,- - -,3.0,2.0,1.0,27.0,1.0,49.2,0.27363184,0.08457711,9.966443846083097,3.0805371887893207,1.4496645594302686,0.2833333333333333,0.73770492,0.328,0.13559322,91.12410663423084,3.624161398575671,86.23129625060982,3.348408629690499,4.067163635933656,3.7668384254120317,0.299731969833374,Will Dion,30061,702021
Sam Moll,CIN,2.0,7.0,1.0,65.0,0.0,56.1,0.21789883,0.11673152,8.94674818744832,4.792900814704457,0.7988168024507428,0.30625,0.65060241,0.515923566,0.116279069,92.5825427827381,4.792900814704457,112.10303068083685,4.463951099506533,4.183561150746706,4.182238970899119,0.2977268695831299,Sam Moll,14874,594580
Evan Phillips,LAD,3.0,2.0,1.0,31.0,0.0,26.0,0.31132075,0.05660377,11.423079437053262,2.0769235340096843,1.7307696116747369,0.2786885245901639,0.81818182,0.318181818,0.147058823,96.86491737565446,3.4615392233494737,82.71742708349666,4.37173675878023,3.869951534835582,3.344430476074376,0.28959307074546814,Evan Phillips,17734,623465
Luis Castillo,- - -,4.0,11.0,0.0,29.0,23.0,130.2,0.18918919,0.07432432,7.714286145941533,3.030612414477031,1.7219388718619495,0.3118811881188119,0.64071856,0.353080568,0.136612021,95.17201117405378,5.854592164330628,147.70247092738057,5.021422764302087,5.044598256104299,4.671977741415347,0.28923845291137695,Luis Castillo,15689,622491
Kendry Rojas,MIN,1.0,1.0,0.0,12.0,4.0,29.2,0.26153846,0.16923077,10.314607294200902,6.674157660953525,0.6067416055412296,0.29577464788732394,0.81018519,0.385714285,0.064516129,96.04159032771018,3.3370788304767625,80.1083570026129,3.469050634720415,4.010833004625321,4.712184780328552,0.28911644220352173,Kendry Rojas,29423,696070
Greg Weissert,BOS,4.0,2.0,1.0,63.0,0.0,60.2,0.23529412,0.07843137,8.901100953324507,2.967033651108169,1.1868134604432674,0.2865853658536585,0.82335329,0.414201183,0.119402985,94.11677948416096,3.2637370162189856,76.58965883440125,3.5840631707606336,3.974347171361993,3.9275836750166127,0.28750503063201904,Greg Weissert,20375,669711
Alex McFarlane,PHI,4.0,1.0,0.0,19.0,0.0,19.0,0.25316456,0.08860759,9.47368516155897,3.3157898065456397,0.947368516155897,0.26,0.72916667,0.450980392,0.1,99.40821041277985,2.8421055484676914,65.61135667798303,3.6260242916328442,3.469141685929659,3.6900846022042733,0.2826057970523834,Alex McFarlane,31773,686934
Alex Hoppe,- - -,1.0,1.0,1.0,42.0,0.0,42.2,0.24479167,0.10416667,9.914064420503935,4.218750817235717,0.6328126225853576,0.31932773109243695,0.58528428,0.462809917,0.096774193,98.38165327113309,4.429688358097503,113.43630708069557,4.024584396162501,3.428845659876255,3.6118168257367946,0.2737259082496166,Alex Hoppe,31880,695380
Brad Lord,WSN,5.0,2.0,1.0,40.0,5.0,83.1,0.21568627,0.09243697,8.316001268921092,3.564000543823325,1.080000164794947,0.2576419213973799,0.77083333,0.551282051,0.147058823,94.6025805033441,3.7800005767823146,88.46548993111065,3.905777470198299,4.288720777587918,3.9607956590528586,0.2735254354774952,Brad Lord,31972,695418
Kenley Jansen,DET,4.0,6.0,22.0,50.0,0.0,45.0,0.28333333,0.12777778,10.200000864664787,4.600000389946865,1.4000001186794806,0.17346938775510204,0.78534031,0.225490196,0.114754098,,3.2000002712673843,76.54694500638203,3.59453985714054,4.45627626678091,4.480801618033231,0.27095627784729004,Kenley Jansen,3096,445276
Blake Treinen,LAD,4.0,1.0,1.0,36.0,0.0,29.2,0.23846154,0.1,9.40449639748914,3.943821069914801,0.9101125545957233,0.3170731707317073,0.79896907,0.444444444,0.09375,94.82832845052083,3.640450218382893,86.99270932969716,5.072464196836768,3.7411701717697263,4.055215092347069,0.26642608642578125,Blake Treinen,12572,595014
Matthew Wilkinson,SFG,1.0,3.0,0.0,8.0,6.0,27.2,0.18181818,0.04545455,6.506024245894656,1.626506061473664,1.626506061473664,0.2125,0.65,0.261904761,0.098039215,90.40920216069561,3.578313335242061,87.77227447617919,3.0840703830927287,4.546503762067845,4.980407984770204,0.2645116001367569,Matthew Wilkinson,33760,683363
Brett Kerry,LAA,0.0,0.0,0.0,3.0,0.0,13.2,0.22222222,0.03703704,7.902439392017243,1.317073232002874,0.658536616001437,0.2564102564102564,0.60344828,0.475,0.071428571,91.62079401299505,3.9512196960086214,95.92377344078758,3.0289922487315244,2.734866920757123,3.330369911250222,0.2636990249156952,Brett Kerry,29826,695049
Tommy Nance,- - -,3.0,3.0,0.0,57.0,0.0,59.2,0.26356589,0.09302326,10.25698597257656,3.620112696203492,1.2067042320678307,0.3248407643312102,0.76923077,0.478527607,0.163265306,94.63334147135417,3.9217887542204495,94.58924611495446,4.434210904429566,3.8213911793539865,3.3183445378635694,0.26363913249224424,Tommy Nance,19178,667297
Gabe Speier,SEA,2.0,3.0,1.0,54.0,0.0,46.0,0.23684211,0.07894737,8.804350016473691,2.934783338824564,0.9782611129415213,0.25,0.79166667,0.430894308,0.098039215,95.42517869015957,2.934783338824564,75.63832646800529,3.6982978240113606,3.861590350823549,4.12256179007306,0.26027050614356995,Gabe Speier,17170,642100
Garrett Stallings,MIL,0.0,0.0,1.0,6.0,0.0,14.0,0.33333333,0.09803922,10.928571428571429,3.2142857142857144,0.0,0.13793103448275862,1.0,0.321428571,0.0,92.28333536783855,0.0,0.0,1.2283628163263498,1.7435777391706195,3.469172881330763,0.2599676251411438,Garrett Stallings,27485,668831
Cristian Javier,HOU,2.0,6.0,0.0,17.0,12.0,63.0,0.21376812,0.10144928,8.428571811338688,4.000000181652259,1.4285714934472353,0.3050847457627119,0.725,0.241935483,0.1,93.21553777305826,5.142857376410047,125.38988292549243,4.762249796680918,4.7197682888870105,5.052936160191986,0.25928270630538464,Cristian Javier,17606,664299
Dax Fulton,MIA,2.0,0.0,0.0,16.0,0.0,28.2,0.23770492,0.12295082,9.10465197049979,4.7093027433619605,0.3139535162241307,0.2894736842105263,0.71808511,0.571428571,0.058823529,95.19448410560345,3.7674421946895684,88.78721730970594,3.7351970093473947,3.205371768388187,3.64728672874214,0.25895392894744873,Dax Fulton,27757,690978
Geoff Hartlieb,ATH,2.0,1.0,0.0,18.0,0.0,28.0,0.17741935,0.11290323,7.071429534834389,4.50000061307643,0.321428615219745,0.3372093023255814,0.68807339,0.390804597,0.027777777,95.29929577464789,4.821429228296175,107.51926967812375,3.9074762901117754,3.6007206644330805,5.077729686304037,0.25150519609451294,Geoff Hartlieb,19558,664129
Drew Rom,- - -,1.0,1.0,0.0,18.0,0.0,17.2,0.20481928,0.08433735,8.660379540161161,3.5660386341840073,0.5094340905977154,0.3620689655172414,0.65217391,0.275862068,0.035714285,91.63989124402322,5.603774996574868,126.78137443820862,5.168613206862847,3.100720596313477,4.757914276968067,0.2497970648109913,Drew Rom,24602,680723
Nate Pearson,- - -,3.0,4.0,4.0,42.0,0.0,46.0,0.205,0.13,8.021740128277504,5.0869571545174415,0.3913043965013417,0.28,0.69486405,0.440944881,0.042553191,97.60000283061594,4.108696163264088,97.64982162760906,4.383513789989382,3.970285921872014,4.947788222190469,0.24788480252027512,Nate Pearson,20160,663878
Caleb Kilian,- - -,4.0,7.0,8.0,49.0,0.0,47.2,0.26794258,0.10526316,10.57342861835393,4.153846957210472,1.1328673519664925,0.29838709677419356,0.625,0.483870967,0.12,96.80331856863839,4.909091858521467,119.05215355207373,3.5626818302455723,3.8349864725880547,3.7824295561892822,0.247019425034523,Caleb Kilian,26213,668873
Cole Winn,TEX,5.0,3.0,1.0,51.0,1.0,48.0,0.22790698,0.0744186,9.187502190471218,3.000000715255908,1.3125003129244597,0.33098591549295775,0.6372549,0.367346938,0.127272727,95.43814944837945,5.625001341104827,138.30149690228976,4.880566050241763,4.017387481530559,3.8516429881901777,0.24301577545702457,Cole Winn,22113,668390
Alan Rangel,PHI,0.0,3.0,0.0,7.0,3.0,26.0,0.23577236,0.10569106,10.038461906670127,4.5000001650590225,1.3846154354027762,0.36,0.71782178,0.298701298,0.114285714,92.92321486700149,5.884615600461799,135.8491465184624,4.270622145041096,4.600720651333151,4.6332726228600105,0.23896567523479462,Alan Rangel,19524,660604
Jose Fermin,LAA,4.0,3.0,1.0,53.0,0.0,53.2,0.2605042,0.10504202,10.39751749880157,4.19254737854902,1.0062113708517648,0.3049645390070922,0.73275862,0.458904109,0.136363636,96.55506963315217,3.857143588265098,93.63988746641446,4.529894156724121,3.8646958964046316,3.6492066563008234,0.2387627810239792,Jose Fermin,33908,820862
Erik Tolman,WSN,1.0,1.0,5.0,15.0,0.0,15.1,0.25373134,0.13432836,9.978262938263715,5.282609790845496,0.5869566434272773,0.3,0.77669903,0.5,0.071428571,96.83774834437087,2.9347832171363866,68.68439035175396,3.598978365438881,3.492025025264995,4.02279951518337,0.2289198487997055,Erik Tolman,32065,680899
Chris Murphy,CHW,3.0,0.0,1.0,33.0,3.0,33.2,0.23333333,0.10666667,9.35643820561237,4.277228893994227,1.0693072234985568,0.3076923076923077,0.66810345,0.258064516,0.075471698,96.32237955729167,4.8118825057435055,116.3363810268534,3.8529206921178805,4.348245690395126,5.1806560584608015,0.22418522834777832,Chris Murphy,26214,669684
Jack Anderson,- - -,1.0,0.0,1.0,7.0,0.0,12.1,0.25,0.0625,8.756756982462006,2.1891892456155015,0.7297297485385005,0.28125,0.86206897,0.34375,0.076923076,90.79666544596354,2.1891892456155015,51.37339700239544,3.794164513921344,2.938558429971588,3.4760161256141417,0.22077654674649239,Jack Anderson,30086,681252
Brendan Cellucci,TOR,0.0,0.0,0.0,6.0,0.0,8.2,0.36666667,0.1,11.42307901805713,3.1153851867428535,0.0,0.125,1.0,0.25,0.0,93.65833536783855,0.0,0.0,2.531114577462484,1.6007203212150658,3.1686892716070645,0.219040647149086,Brendan Cellucci,26318,676454
Jack Weisenburger,NYM,0.0,0.0,0.0,7.0,0.0,12.2,0.28,0.08,9.94736892034475,2.8421054058127857,0.0,0.3125,0.78571429,0.451612903,0.0,95.03492373511905,2.131579054359589,51.901094688957905,2.49924718672204,1.8375626381744612,3.3871925640139193,0.21626171469688416,Jack Weisenburger,26333,674073
Ryan Fernandez,STL,1.0,2.0,0.0,17.0,0.0,23.0,0.28,0.11,10.95652355634002,4.304348539990722,0.7826088254528586,0.288135593220339,0.58823529,0.426229508,0.09090909,94.72151898734177,3.5217397145378633,85.44234725377139,3.52973292938817,3.2311554005556196,3.5449687781071755,0.2149396687746048,Ryan Fernandez,24862,681676
Victor Vodnik,- - -,3.0,3.0,4.0,53.0,0.0,58.2,0.16541353,0.12406015,6.750000731511629,5.062500548633722,0.4602273226030656,0.3005464480874317,0.63474388,0.565217391,0.058823529,98.5835461738782,4.909091441099366,107.90450427486509,4.124705614168087,4.106402523483139,4.754209694009448,0.21023283898830414,Victor Vodnik,24614,680767
Mark Manfredi,COL,1.0,2.0,0.0,14.0,0.0,17.2,0.21333333,0.12,8.150944569561734,4.584906320378476,0.5094340355976084,0.2857142857142857,0.79646018,0.4,0.047619047,94.28701006355932,3.0566042135856506,64.64582611061525,4.496649015365903,3.5535508501780173,4.612483685849607,0.21010379493236542,Mark Manfredi,33603,815081
Grayson Rodriguez,LAA,5.0,8.0,0.0,20.0,20.0,98.2,0.19144144,0.09684685,7.753378578221568,3.9222973983944405,1.459459497077001,0.3242320819112628,0.64935065,0.401294498,0.142857142,96.11082527624309,6.02027042544263,146.15412474426293,5.690107815742763,5.006126050830673,4.611953648086704,0.20489871501922607,Grayson Rodriguez,24492,680570
Anthony Gose,KCR,1.0,1.0,0.0,14.0,0.0,13.2,0.1372549,0.03921569,4.609757598704975,1.317073599629993,0.6585367998149965,0.24390243902439024,0.86206897,0.268292682,0.047619047,95.66749674479166,0.6585367998149965,15.40206667532531,3.5765538724168864,3.466574373988475,4.835439020034638,0.20342478156089783,Anthony Gose,5097,543238
Cade Povich,BAL,2.0,1.0,0.0,8.0,7.0,37.0,0.175,0.09375,6.810811161907875,3.648648836736361,1.4594595346945445,0.3090909090909091,0.79831933,0.439655172,0.122448979,91.81071428571428,4.378378604083633,107.79139727106266,4.691084122022204,4.9926125857323305,4.884096140141451,0.2007879689335823,Cade Povich,30055,700249
Jordan Wicks,CHC,0.0,2.0,2.0,4.0,2.0,10.1,0.16,0.04,6.9677421498373135,1.7419355374593284,0.8709677687296642,0.4473684210526316,0.45918367,0.512820512,0.09090909,93.12898232280344,10.45161322475597,254.54243126878694,4.414737432197193,3.6813657754665865,4.03060964846462,0.1993231326341629,Jordan Wicks,30094,696136
Keegan Thompson,COL,0.0,0.0,0.0,5.0,0.0,12.0,0.19298246,0.03508772,8.250001311302393,1.500000238418617,0.7500001192093085,0.4186046511627907,0.51020408,0.302325581,0.052631578,92.32856968470982,8.250001311302393,174.48387586862745,7.64064857232328,2.8507205565770404,4.158055700906731,0.19802872836589813,Keegan Thompson,19795,624522
Cade Gibson,MIA,6.0,2.0,0.0,47.0,1.0,50.1,0.19909502,0.09502262,7.867551507377661,3.7549677648847926,0.715231955216151,0.3082191780821918,0.58238636,0.513513513,0.095238095,91.99069533237191,5.364239664121133,126.41890390010651,3.4526687230450492,3.9947605403336652,4.221561019976222,0.19680084474384785,Cade Gibson,31815,806188
JoJo Romero,- - -,3.0,3.0,0.0,55.0,0.0,56.1,0.22689076,0.07563025,8.627221320416629,2.8757404401388764,1.118343504498452,0.2838709677419355,0.80696203,0.509433962,0.142857142,94.41999816894531,3.3550305134953557,81.25462565694497,4.437079770940993,3.9705433220344952,3.668499896270274,0.1941685825586319,JoJo Romero,19574,668941
Ray Kerr,ATL,0.0,0.0,0.0,9.0,1.0,18.1,0.16666667,0.03030303,5.400000374533939,0.9818182499152617,0.9818182499152617,0.14285714285714285,0.98039216,0.416666666,0.105263157,94.86974133943257,1.4727273748728926,35.08431233474318,3.2805761521137917,3.973447929571487,4.120067170926854,0.19314901530742645,Ray Kerr,23809,678061
Coleman Crow,MIL,0.0,1.0,0.0,5.0,4.0,18.2,0.11764706,0.07058824,4.821428735645456,2.892857241387273,0.9642857471290911,0.2878787878787879,0.5952381,0.367647058,0.064516129,91.31481297810872,5.303571609210001,127.72185871722307,4.970467365361127,4.547149217007114,5.661797553066124,0.1931187892332673,Coleman Crow,27926,689441
Michael Lorenzen,- - -,3.0,13.0,1.0,32.0,25.0,127.1,0.1453958,0.08723748,6.361257084458887,3.8167542506753325,1.6256545882506046,0.3654708520179372,0.62207671,0.443254817,0.146496815,94.0348015335688,7.209424695720073,154.86032148571329,6.144250331756245,5.448888334897683,4.962398497694416,0.19137275405228138,Michael Lorenzen,14843,547179
Jack Kochanowicz,LAA,2.0,5.0,0.0,13.0,13.0,64.0,0.15878378,0.12162162,6.609375393949472,5.062500301748532,0.9843750586733258,0.2885572139303483,0.61330561,0.567961165,0.114754098,96.15102040816326,6.187500368803762,150.2139666244027,5.616407740542296,4.975720708072192,4.992965095237501,0.19104304909706116,Jack Kochanowicz,27688,686799
Justin Martinez,ARI,3.0,1.0,0.0,15.0,0.0,13.1,0.32727273,0.18181818,12.150002027750354,6.750001126527974,0.0,0.19230769230769232,0.6875,0.538461538,0.0,101.61309523809524,2.0250003379583923,48.137168472717114,2.176242672373505,2.875720558762544,4.23462696000563,0.19026315212249756,Justin Martinez,24453,679885
Nolan Hoffman,- - -,0.0,0.0,0.0,15.0,0.0,15.0,0.17910448,0.08955224,7.200001373291277,3.6000006866456387,0.0,0.3695652173913043,0.76923077,0.488888888,0.0,93.16724053744612,3.6000006866456387,83.83454407755238,5.090836797805089,3.3007206344604567,4.30731799271375,0.1859176643192768,Nolan Hoffman,23381,676510
Garrett Cleavinger,TBR,4.0,4.0,2.0,51.0,0.0,41.1,0.29834254,0.12154696,11.758067048179544,4.790323612221296,1.3064518942421717,0.31958762886597936,0.72243346,0.4,0.162162162,96.5575221238938,4.790323612221296,114.7803911233994,4.243957250742195,4.116849847390721,3.581353185156853,0.18575751781463623,Garrett Cleavinger,17897,664076
Carson Palmquist,WSN,0.0,2.0,0.0,11.0,6.0,16.1,0.19230769,0.1025641,8.265307248507728,4.4081638658707885,0.5510204832338486,0.39215686274509803,0.58823529,0.326530612,0.05,91.18775410554846,7.714286765273879,180.5418132343153,4.868777306478485,4.0803125665069855,5.1332462806396055,0.18572288379073143,Carson Palmquist,31612,687223
Riley Martin,CHC,0.0,0.0,0.0,8.0,1.0,8.1,0.32258065,0.06451613,10.80000041198732,2.160000082397464,1.080000041198732,0.2222222222222222,0.89285714,0.333333333,0.111111111,94.5393954190341,2.160000082397464,52.605436183950246,2.6002623054606953,2.9807205917358397,3.0514080037736857,0.1852201297879219,Riley Martin,29934,702303
Grant Anderson,MIL,3.0,3.0,0.0,52.0,0.0,59.0,0.2212766,0.09787234,7.932205441285587,3.5084754836455483,1.2203392986593211,0.23178807947019867,0.71684588,0.375796178,0.109589041,93.46882836612654,3.355933071313133,80.81836942757127,3.152357481231053,4.321059894972798,4.426524154544595,0.18495282530784607,Grant Anderson,20546,681982
Taylor Rogers,MIN,6.0,4.0,2.0,65.0,0.0,60.1,0.19565217,0.11231884,8.055251335102342,4.624310951632826,0.7458566051020686,0.3314917127071823,0.70212766,0.346368715,0.060240963,,4.325968309591999,103.84717632734952,4.104094641126993,4.178069025905353,5.177870697845643,0.18362827599048615,Taylor Rogers,13449,573124
Bryse Wilson,- - -,0.0,0.0,0.0,16.0,0.0,35.1,0.20529801,0.01986755,7.89622712551217,0.7641510121463391,1.2735850202438985,0.35454545454545455,0.76190476,0.398230088,0.125,93.22371146605187,4.330189068829255,104.7658489120801,4.412836948608218,3.6101546044110364,3.4798478938838047,0.1833625107537955,Bryse Wilson,19990,669060
Logan VanWey,HOU,1.0,0.0,0.0,10.0,0.0,12.2,0.19565217,0.02173913,6.394737163078768,0.7105263514531964,0.7105263514531964,0.2857142857142857,0.8490566,0.371428571,0.058823529,93.16509433962264,1.4210527029063929,34.647204658195086,2.6924955103220305,2.9428258515461003,3.9429491443482103,0.1827860176563263,Logan VanWey,31884,701121
Griffin Canning,SDP,5.0,9.0,0.0,30.0,11.0,88.2,0.22250639,0.10485934,8.830828080810097,4.161654612795563,1.421052794613119,0.32786885245901637,0.68936877,0.46875,0.152173913,94.60450772960876,5.684211178452476,141.2544651176475,4.699334612787276,4.747337326579472,4.261364439365032,0.18238497979473323,Griffin Canning,19867,656288
Brad Keller,PHI,2.0,1.0,3.0,32.0,0.0,31.1,0.23703704,0.0962963,9.19149029422215,3.734042932027749,1.1489362867777688,0.2976190476190476,0.75520833,0.443181818,0.129032258,96.97941176470589,4.021277003722191,92.83308986692505,3.3518586221882196,4.153912192526431,3.9881707362780054,0.18201009929180145,Brad Keller,15734,641745
Tyler Samaniego,BOS,0.0,3.0,0.0,20.0,1.0,20.1,0.18888889,0.08888889,7.524592046166603,3.540984492313696,0.442623061539212,0.3387096774193548,0.78431373,0.465517241,0.052631578,93.62380981445312,2.6557383692352716,62.32183985485398,4.809417025673693,3.543343657852689,4.314885780607371,0.17944560199975967,Tyler Samaniego,30081,701719
Mason Adams,COL,0.0,2.0,0.0,6.0,6.0,29.0,0.25,0.09677419,9.620689655172415,3.7241379310344827,1.8620689655172413,0.33783783783783783,0.75842697,0.4,0.206896551,93.12108710671768,4.0344827586206895,85.32752447989127,5.076849148081371,4.997272320451408,3.81751289742774,0.17827340960502625,Mason Adams,31663,690279
Joe Mantiply,TOR,2.0,0.0,0.0,25.0,0.0,27.0,0.1981982,0.04504505,7.333334887469586,1.6666670198794513,1.0000002119276707,0.3,0.79861111,0.4875,0.125,,3.0000006357830125,72.64825153712215,5.378376300767965,3.582202179834207,3.479887268719851,0.17785541713237762,Joe Mantiply,14857,573009
Ben Joyce,LAA,0.0,2.0,5.0,16.0,0.0,15.1,0.29508197,0.14754098,10.565218267458896,5.282609133729448,0.5869565704143831,0.21875,0.54216867,0.242424242,0.066666666,100.99712643678161,4.108695992900682,99.74682601380128,3.8163649986532318,3.5572423733024414,4.186488267279359,0.17564629018306732,Ben Joyce,31461,690829
Jose Rodriguez,TOR,0.0,0.0,0.0,4.0,0.0,4.2,0.3125,0.0,9.64285845659235,0.0,0.0,0.2727272727272727,1.0,0.3,0.0,97.63333129882812,0.0,0.0,2.8815771010389954,0.9578631615151769,2.252059694455569,0.1749783456325531,Jose Rodriguez,28393,692064
Trevor Williams,- - -,2.0,0.0,0.0,15.0,1.0,28.2,0.28333333,0.08333333,10.674419551620444,3.139535162241307,1.2558140648965228,0.2857142857142857,0.85526316,0.472972972,0.16,89.8113865616298,3.139535162241307,75.33391872319675,3.8299329211146462,3.798395076811545,3.301211093219064,0.16713257133960724,Trevor Williams,16977,592866
Tobias Myers,NYM,1.0,2.0,2.0,32.0,3.0,53.2,0.17826087,0.06956522,6.875776967711345,2.683230036180037,1.509316895351271,0.2865853658536585,0.60606061,0.311764705,0.12,92.53367875647669,5.534161949621327,134.74943037363414,4.148126284150448,4.6473045755005815,4.577283101450213,0.1643892228603363,Tobias Myers,22191,668964
Tim Herrin,CLE,3.0,4.0,0.0,67.0,0.0,56.2,0.225,0.11666667,8.57647328254758,4.4470602205802265,0.7941178965321832,0.27702702702702703,0.79166667,0.427631578,0.084745762,94.65230368589744,3.0176480068222964,72.9767807885016,3.88893932163769,4.0889562008868605,4.513965438180945,0.16401514410972595,Tim Herrin,25139,682120
Albert Suarez,BAL,3.0,0.0,1.0,28.0,0.0,63.0,0.17557252,0.07633588,6.571428571428571,2.857142857142857,1.1428571428571428,0.26063829787234044,0.68389058,0.322916666,0.096385542,93.59073359073359,3.857142857142857,94.95908317698914,4.07405736454952,4.24357773917062,4.582011821700467,0.16260896623134613,Albert Suarez,6175,544150
Hayden Juenger,- - -,0.0,1.0,0.0,15.0,0.0,16.0,0.07407407,0.09876543,3.3750006034971363,4.500000804662848,0.0,0.36363636363636365,0.51515152,0.28125,0.0,94.59411860447304,9.000001609325697,203.93553942430927,6.088363991958051,4.03822076395157,6.586170296656287,0.15914255939424038,Hayden Juenger,29640,696522
Daniel Palencia,CHC,2.0,2.0,3.0,32.0,0.0,29.2,0.24390244,0.08943089,9.101124960821661,3.3370791523012753,1.2134833281095547,0.2727272727272727,0.76433121,0.333333333,0.117647058,99.21797984029969,3.640449984328664,88.66085741946037,3.7336889108638003,4.044540962620908,4.022174290027262,0.1573517769575119,Daniel Palencia,27914,694037
Raymond Burgos,BOS,0.0,0.0,2.0,9.0,0.0,21.1,0.19512195,0.01219512,6.750000402331376,0.421875025145711,1.265625075437133,0.22580645161290322,0.50724638,0.53125,0.130434782,90.5,4.21875025145711,99.0008204891974,3.1382557281041286,3.5694706242531558,3.3692019671274425,0.15707914531230927,Raymond Burgos,22370,670103
Kai-Wei Teng,HOU,5.0,7.0,0.0,30.0,10.0,73.2,0.2218845,0.10030395,8.918552805918077,4.0316745560999525,1.2217195624545312,0.295,0.71287129,0.384615384,0.120481927,93.33449105525362,4.764706293572671,116.17004334319672,4.949035111644242,4.756829336529619,4.693318207057956,0.15343490988016129,Kai-Wei Teng,24282,678906
Josh Hendrickson,HOU,0.0,0.0,0.0,2.0,0.0,2.2,0.33333333,0.0,10.125002413988689,0.0,0.0,0.3333333333333333,0.5,0.333333333,0.0,92.13571602957589,3.3750008046628963,82.28712655172447,2.0062722916772615,0.8507200598715459,1.9831421419046036,0.1534268707036972,Josh Hendrickson,26163,681973
Cooper Criswell,SEA,4.0,2.0,1.0,37.0,0.0,40.2,0.18023256,0.09302326,6.860656166743055,3.540983827996415,0.6639344677493279,0.3140495867768595,0.74349442,0.573770491,0.09375,90.67727383700284,3.3196723387466394,85.55809105332219,3.7955246380175596,3.789245229535002,4.018343538463965,0.15236876904964447,Cooper Criswell,24975,681867
Gerardo Carrillo,ARI,3.0,1.0,0.0,13.0,0.0,17.1,0.25925926,0.19753086,10.903848153599988,8.307693831314277,0.0,0.32558139534883723,0.67741935,0.452380952,0.0,96.938232421875,4.153846915657138,98.74291131746591,3.7596601016929196,3.619951460770619,4.839482866631062,0.15196235477924347,Gerardo Carrillo,22754,672629
David Morgan,SDP,4.0,1.0,0.0,32.0,0.0,33.1,0.24074074,0.13580247,10.530002811814105,5.9400015861515465,0.5400001441955952,0.3684210526315789,0.7807309,0.494623655,0.071428571,97.74582926432292,3.780001009369166,93.93423360952163,3.798561001168714,3.8807208045960033,4.36903336447723,0.1513671576976776,David Morgan,31616,688158
A.J. Blubaugh,HOU,5.0,3.0,1.0,64.0,0.0,96.0,0.23441397,0.10473815,8.812500700354631,3.93750031292441,1.2187500968575555,0.25301204819277107,0.77821012,0.33463035,0.102362204,95.78375222419929,3.6562502905726664,89.14437292858166,4.2479541014687685,4.309054025676523,4.54610362964622,0.15097957849502563,A.J. Blubaugh,31764,805123
Chris Paddack,- - -,0.0,7.0,0.0,14.0,9.0,57.0,0.14981273,0.07116105,6.31578979069508,3.0000001505801626,1.4210527029063929,0.3401015228426396,0.62796209,0.384236453,0.116883116,92.92428501674107,6.789474024997211,159.9088621644707,5.058588379472908,4.855106649284332,4.842158801319342,0.1485942779108882,Chris Paddack,20099,663978
Luke Murphy,LAA,0.0,3.0,0.0,22.0,0.0,20.0,0.2247191,0.12359551,9.00000257492139,4.950001416206765,0.9000002574921391,0.34545454545454546,0.52980132,0.385964912,0.095238095,95.66985645933015,6.7500019311910435,163.8698188882068,4.34390148058034,4.2007209110260915,4.486111529536633,0.14852871000766754,Luke Murphy,29952,684665
Tyler Davis,CHW,2.0,3.0,1.0,31.0,0.0,32.0,0.2109375,0.125,7.593751357868556,4.500000804662848,0.8437501508742841,0.21951219512195122,0.67073171,0.376470588,0.075,96.25577557755776,3.656250653788564,88.39679037905037,3.423581112843192,4.131970780715379,4.800590587011574,0.14745251834392548,Tyler Davis,34847,699823
Austin Warren,NYM,2.0,3.0,0.0,41.0,2.0,50.1,0.25462963,0.11111111,9.834438079878254,4.291391162128693,1.0728477905321732,0.3046875,0.75471698,0.421052631,0.133333333,93.91543394767199,4.112583197039997,100.13589197606287,4.643257711647488,4.074230628463042,3.8744685299169435,0.14618953689932823,Austin Warren,24937,681810
Craig Kimbrel,- - -,1.0,5.0,1.0,46.0,0.0,46.0,0.20408163,0.1122449,7.826087930026834,4.304348361514759,0.7826087930026834,0.28346456692913385,0.63973064,0.333333333,0.070175438,93.61653773991142,4.50000055976543,108.02256443642595,4.218840241475379,4.122459853844758,4.8629829397696325,0.1441076621413231,Craig Kimbrel,6655,518886
Kervin Castro,NYY,0.0,0.0,0.0,5.0,0.0,6.1,0.34782609,0.08695652,11.36842333511018,2.842105833777545,0.0,0.23076923076923078,0.8,0.538461538,0.0,93.94897959183673,1.4210529168887724,34.25607599859287,2.287112149129164,1.5217729108815075,2.4753914703787503,0.14399927854537964,Kervin Castro,21656,665645
Zack Kelly,BOS,0.0,2.0,0.0,17.0,0.0,16.1,0.1971831,0.09859155,7.7142881165447985,3.8571440582723993,0.5510205797532,0.2708333333333333,0.67961165,0.458333333,0.071428571,96.07692307692308,3.3061234785191993,77.58433600067963,5.986681719870144,3.6517411760666767,4.1500193205055815,0.14388522505760193,Zack Kelly,20349,677161
Dietrich Enns,BAL,3.0,0.0,0.0,13.0,0.0,16.0,0.18571429,0.15714286,7.312501307577128,6.187501106411417,0.0,0.2826086956521739,0.66666667,0.318181818,0.0,93.778125,3.9375007040799925,96.9374147436036,3.7862748186741655,3.538220674544587,5.708696202404161,0.14322562515735626,Dietrich Enns,13932,608650
Brandon Sproat,MIL,3.0,7.0,0.0,22.0,19.0,97.0,0.23933649,0.12322275,9.371134665557454,4.824742600088987,1.5773196961829379,0.29338842975206614,0.70522979,0.435797665,0.177083333,96.78508169890006,5.567010692410369,134.06606067099364,5.01228845413219,5.214122803617413,4.430102048025133,0.1406177431344986,Brandon Sproat,33850,687075
Luis Gastelum,STL,5.0,4.0,0.0,34.0,0.0,36.2,0.28947368,0.07894737,10.800000749067879,2.9454547497457853,1.4727273748728926,0.3181818181818182,0.63131313,0.40860215,0.181818181,94.0855614973262,4.418182124618678,107.19129802913659,4.562233561886714,3.973447929571487,3.2050813234574003,0.1399995982646942,Luis Gastelum,33027,703725
Travis Adams,MIN,3.0,0.0,3.0,40.0,0.0,59.0,0.25101215,0.10121457,9.457628341626744,3.8135598151720744,1.220339140855064,0.29605263157894735,0.68862275,0.387096774,0.119402985,94.4406875676407,4.57627177820649,109.85584457924614,4.175701473084253,4.032924106688872,3.9848396124902763,0.1393248587846756,Travis Adams,30180,701519
Jordan Montgomery,TEX,1.0,0.0,1.0,13.0,0.0,26.0,0.19230769,0.05769231,6.9230774309508565,2.076923229285257,1.0384616146426284,0.22972972972972974,0.65789474,0.558441558,0.136363636,90.40151515151516,4.153846458570514,102.13031931646451,3.3252413505080924,3.8699514219746836,3.647555501297614,0.13726134598255157,Jordan Montgomery,16511,656756
Keegan Akin,BAL,0.0,1.0,0.0,24.0,2.0,25.1,0.14912281,0.07894737,6.039474896777283,3.197369062999738,1.0657896876665793,0.3058823529411765,0.59171598,0.325581395,0.071428571,93.7392711900685,5.68421166755509,139.93972962017892,3.724187453554478,4.363878744659052,5.3276534700431455,0.1362343691289425,Keegan Akin,19362,669211
Shane Bieber,TOR,5.0,2.0,0.0,11.0,11.0,55.2,0.18181818,0.09917355,7.11377278008251,3.8802396982268235,1.616766540927843,0.27439024390243905,0.78461538,0.442528735,0.149253731,92.30705997242647,4.365269660505176,105.70971370510256,5.974909000703179,5.148624881488745,4.630595190920855,0.13387160003185272,Shane Bieber,19427,669456
Lance McCullers Jr.,- - -,2.0,3.0,0.0,10.0,8.0,44.0,0.24615385,0.13846154,9.818182243788556,5.522727512131063,1.4318182438858311,0.3063063063063063,0.54817276,0.423728813,0.170731707,91.63793103448276,6.545454829192371,159.4647520862215,4.58029080302942,4.964357040736305,4.303123505822493,0.12974238395690918,Lance McCullers Jr.,14120,621121
Camilo Doval,- - -,3.0,2.0,1.0,66.0,0.0,60.2,0.24175824,0.12087912,9.791210740823054,4.895605370411527,1.0384617452388087,0.3048780487804878,0.66105769,0.520958083,0.142857142,,4.153846980955235,98.98292534803997,3.7553082849940425,4.205116420615067,3.9246475469681545,0.12864795327186584,Camilo Doval,21992,666808
Khristian Curtis,PIT,2.0,0.0,0.0,6.0,0.0,21.0,0.14942529,0.13793103,5.571428571428571,5.142857142857143,0.42857142857142855,0.23333333333333334,0.63909774,0.344262295,0.03030303,95.35620318956612,4.714285714285714,109.07422254634297,3.732472885154463,4.338815834408715,6.092461535831292,0.12748286128044128,Khristian Curtis,33865,694753
George Klassen,LAA,2.0,2.0,0.0,6.0,6.0,27.0,0.192,0.168,8.0,7.0,0.6666666666666666,0.2727272727272727,0.75829384,0.519480519,0.08,96.39358079879679,3.6666666666666665,89.01567861982375,5.607061805412543,4.7303502259431065,5.165438882785815,0.12435615807771683,George Klassen,33464,691946
Dedniel Nunez,NYM,2.0,1.0,1.0,18.0,0.0,19.0,0.27777778,0.0,9.47368516155897,0.0,1.894737032311794,0.2708333333333333,0.70175439,0.372549019,0.16,96.63274336283186,3.3157898065456397,80.73504023518858,3.5856617198417062,3.732299607084075,2.982162359925121,0.1238398477435112,Dedniel Nunez,23055,673380
Jovani Moran,BOS,2.0,3.0,0.0,50.0,3.0,65.2,0.26838235,0.12132353,10.005077692034213,4.522843340234645,1.233502729154903,0.2129032258064516,0.82298137,0.405063291,0.128571428,92.80771131400603,3.152284752284752,73.9742241873617,3.3300797381153564,4.258081181693386,4.085888806652939,0.12180258333683014,Jovani Moran,20422,663558
Derek Law,ARI,0.0,0.0,0.0,7.0,1.0,9.0,0.14705882,0.05882353,5.000001059638354,2.0000004238553415,0.0,0.3076923076923077,0.90909091,0.461538461,0.0,93.16538091806265,1.0000002119276707,23.771442291632933,5.831889758442169,2.989609461654846,4.163973071171702,0.11436588689684868,Derek Law,13133,571882
Brian Fitzpatrick,MIL,0.0,0.0,0.0,5.0,0.0,6.2,0.16666667,0.1,6.750000643730225,4.050000386238135,0.0,0.3181818181818182,0.8,0.545454545,0.0,94.0,1.350000128746045,32.511020575739714,2.7287040847635033,2.950720582008361,4.536111270062631,0.11090688407421112,Brian Fitzpatrick,31624,702153
Cooper Hjerpe,STL,1.0,0.0,0.0,4.0,0.0,12.1,0.27272727,0.16363636,10.945946228077508,6.567567736846505,0.0,0.2413793103448276,0.66666667,0.444444444,0.0,90.41591205018939,4.378378491231003,106.22560602985783,3.826809260245488,3.343963845826311,4.568203674183874,0.10986605286598206,Cooper Hjerpe,31853,687309
Kent Emanuel,CIN,0.0,1.0,0.0,1.0,1.0,5.0,0.17391304,0.13043478,7.2,5.4,0.0,0.3333333333333333,0.77777778,0.333333333,0.0,,3.6,84.20180722556803,3.993286549753539,3.9007205963134766,6.014574645459652,0.10786893963813782,Kent Emanuel,15849,592288
Zach Agnos,COL,0.0,2.0,2.0,41.0,3.0,91.0,0.14250614,0.08599509,5.736264096957873,3.4615386791987164,0.9890110511996333,0.3076923076923077,0.609375,0.387622149,0.078740157,94.39056445838949,5.9340663071978,125.5028756811011,5.291830751269224,4.573248161432931,5.2518939202877455,0.1049678884446621,Zach Agnos,31552,688642
Eddy Yean,WSN,0.0,1.0,0.0,8.0,1.0,11.0,0.15555556,0.04444444,5.727273720355245,1.6363639201014988,0.8181819600507494,0.20588235294117646,0.83333333,0.542857142,0.09090909,96.8499984741211,2.454545880152248,57.44512452717619,3.09969192348806,3.8279934496919203,4.156071074150992,0.10495035722851753,Eddy Yean,24248,678868
Zach Pop,PHI,0.0,0.0,0.0,7.0,1.0,7.1,0.19354839,0.09677419,7.363636682841418,3.681818341420709,0.0,0.23809523809523808,0.66666667,0.523809523,0.0,,3.681818341420709,84.99652539390554,4.269370870952978,3.1007205963134763,4.747879667050581,0.10234583355486393,Zach Pop,20185,647315
Blake Weiman,LAA,1.0,1.0,0.0,18.0,0.0,17.2,0.20253165,0.03797468,8.150944569561734,1.5283021067928253,1.5283021067928253,0.3333333333333333,0.81730769,0.327586206,0.115384615,90.05882352941177,2.547170177988042,61.83765871466804,3.024288882792998,4.006381104042559,4.020944661845217,0.09834285825490952,Blake Weiman,20257,676620
Jack Sinclair,WSN,1.0,0.0,1.0,11.0,0.0,11.0,0.17391304,0.08695652,6.545456247881867,3.2727281239409334,0.0,0.1935483870967742,0.76923077,0.516129032,0.0,96.93333524816177,2.4545460929557,57.445129507535654,4.05077805260524,3.5552661690830507,4.92789902554081,0.09716325253248215,Jack Sinclair,29945,695378
Paul Gervase,LAD,0.0,0.0,0.0,4.0,0.0,7.2,0.23529412,0.14705882,9.39130512663013,5.869565704143831,0.0,0.3333333333333333,0.83333333,0.45,0.0,92.70181995738636,2.3478262816575324,56.10398632715916,3.9542896114538353,2.9702858028880583,4.545829324213006,0.09509911388158798,Paul Gervase,31571,801434
Bruce Zimmermann,STL,0.0,0.0,0.0,1.0,0.0,5.0,0.0952381,0.04761905,3.6,1.8,0.0,0.3333333333333333,0.57142857,0.333333333,0.0,89.75,5.4,131.01157739333692,2.8179613542199573,2.9007205963134766,5.618532945215702,0.09505853056907654,Bruce Zimmermann,20370,669145
Robert Garcia,TEX,2.0,1.0,0.0,20.0,0.0,18.2,0.15492958,0.12676056,5.303572693041694,4.339286748852295,0.4821429720946995,0.24,0.72815534,0.46,0.052631578,93.9244125246063,2.4107148604734974,59.27207010098133,3.8193128446554363,4.065006540502876,4.905436342934761,0.0926615297794342,Robert Garcia,23363,676395
Elmer Rodriguez,NYY,0.0,3.0,0.0,6.0,6.0,26.2,0.168,0.128,7.087500675916736,5.40000051498418,0.6750000643730225,0.2962962962962963,0.70135747,0.481481481,0.068965517,95.42659158909575,5.40000051498418,130.1730750736129,5.550761404567047,4.863220764398592,5.530232455471545,0.0918409451842308,Elmer Rodriguez,31811,695684
Cody Ponce,TOR,0.0,0.0,0.0,1.0,1.0,2.1,0.3,0.1,11.571430147910819,3.8571433826369397,0.0,0.16666666666666666,0.5,0.5,0.0,95.88333129882812,3.8571433826369397,93.40488776377121,2.444526552953177,1.8150061354344968,3.7563009348450853,0.08937086910009384,Cody Ponce,17920,664074
Brady Singer,CIN,6.0,15.0,0.0,31.0,31.0,157.0,0.1737931,0.08551724,7.222929936305732,3.554140127388535,1.8343949044585988,0.3183673469387755,0.71752952,0.413592233,0.17204301,90.72036856192129,5.8471337579617835,136.76089708611366,5.962896805059095,5.616644163192458,4.755756324890313,0.08876564353704453,Brady Singer,25377,663903
Michael Rucker,SEA,1.0,4.0,0.0,37.0,0.0,43.2,0.2688172,0.09139785,10.305345011899673,3.503817304045889,1.2366414014279608,0.2972972972972973,0.54435484,0.465517241,0.153846153,96.160796875,5.564886306425824,143.42410958737227,3.9080760729569235,3.9022474305723405,3.464520669730121,0.08850245922803879,Michael Rucker,19454,621074
Josiah Gray,WSN,0.0,0.0,1.0,3.0,0.0,4.0,0.13333333,0.06666667,4.5,2.25,0.0,0.25,1.0,0.416666666,0.0,92.25,0.0,0.0,2.3226837180781876,2.8507205963134767,5.115564220398665,0.08765564113855362,Josiah Gray,24580,680686
Ryan Johnson,LAA,5.0,9.0,0.0,22.0,19.0,100.0,0.18077803,0.09839817,7.11,3.87,1.62,0.26804123711340205,0.70116861,0.345276872,0.123287671,,5.04,122.35609643015772,4.83325005819984,5.330720596313476,5.19516839042306,0.08727597445249557,Ryan Johnson,35325,696270
Zach McCambley,CIN,0.0,0.0,0.0,11.0,0.0,13.1,0.23333333,0.1,9.450001577139163,4.050000675916785,0.6750001126527975,0.32432432432432434,0.76530612,0.47368421,0.076923076,93.91445665474397,4.050000675916785,94.72704893804591,5.939270548283305,3.7757207089662743,4.272869147592243,0.08613824099302292,Zach McCambley,27666,685112
Jake Bird,- - -,1.0,1.0,0.0,44.0,0.0,38.2,0.23837209,0.0755814,9.54310619427185,3.025862939647172,1.3965521259910025,0.3364485981308411,0.71705426,0.38938053,0.133333333,93.41454856178977,5.353449816298843,128.5603391188927,4.274420623955758,4.393824416675516,4.1337892226070325,0.08587404899299145,Jake Bird,21267,656234
Nick Frasso,COL,1.0,1.0,0.0,20.0,0.0,21.2,0.22222222,0.07070707,9.138462611091333,2.907692648983606,1.2461539924215455,0.3384615384615385,0.63758389,0.348484848,0.125,95.53456221198157,5.815385297967212,122.99282487005655,4.384110210484598,4.11610533087918,3.9886052229305706,0.08421752601861954,Nick Frasso,27861,693308
Miguel Ullola,HOU,2.0,0.0,0.0,11.0,2.0,16.2,0.25806452,0.08064516,8.640000329589856,2.70000010299683,1.080000041198732,0.13513513513513514,0.89285714,0.256410256,0.083333333,94.80381979000796,2.160000082397464,52.663750446047246,2.479942665782637,4.000720630645754,4.614970533199308,0.08336961641907692,Miguel Ullola,29036,699044
Burch Smith,DET,0.0,2.0,0.0,13.0,1.0,17.0,0.2739726,0.09589041,10.588237094631964,3.705882983121187,1.0588237094631963,0.36363636363636365,0.76576577,0.533333333,0.153846153,93.827203125,3.176471128389589,75.98410630224639,3.4327229664071606,3.512485372215831,3.137699705076522,0.08313173055648804,Burch Smith,12784,572143
Tyler Schweitzer,CHW,1.0,0.0,1.0,18.0,0.0,37.1,0.11688312,0.07792208,4.339286305466557,2.8928575369777048,0.7232143842444262,0.2809917355371901,0.80357143,0.373983739,0.056603773,94.01336585541475,3.1339289983925136,75.7686742419248,5.656682724747566,4.145363595777648,5.244233603996001,0.08048815280199051,Tyler Schweitzer,31920,805326
Brooks Kriske,ATH,0.0,0.0,0.0,2.0,0.0,2.2,0.18181818,0.09090909,6.750001609325793,3.3750008046628963,0.0,0.25,1.0,0.25,0.0,92.33333333333333,0.0,0.0,2.4678043427833702,2.7257205069064883,4.990564670972604,0.07904945313930511,Brooks Kriske,21189,621139
William Kempner,MIA,1.0,0.0,0.0,9.0,0.0,12.1,0.28,0.08,10.216217269507462,2.9189192198592746,0.7297298049648187,0.2413793103448276,0.79365079,0.3,0.076923076,95.4874979654948,2.9189192198592746,68.79009728362331,3.9461151786270503,3.343963864635083,3.8814216018365277,0.07436644285917282,William Kempner,31615,687531
Paxton Schultz,WSN,1.0,2.0,1.0,27.0,1.0,32.1,0.20915033,0.07843137,8.90721789601401,3.340206711005254,1.3917527962521892,0.36893203883495146,0.6122449,0.333333333,0.1,93.5719825634058,6.40206286276007,149.8310955830456,5.039718306402673,4.33783419298209,4.662415299798929,0.07367870118469,Paxton Schultz,25501,687606
Braxton Roxby,SFG,0.0,0.0,0.0,4.0,0.0,5.1,0.12,0.08,5.0625012069943445,3.3750008046628963,0.0,0.3157894736842105,0.77777778,0.526315789,0.0,94.4000011625744,3.3750008046628963,82.78523126152069,3.2320678483544603,3.6632207304239595,5.644959373981811,0.07255411148071289,Braxton Roxby,27793,694820
Spencer Strider,ATL,4.0,2.0,0.0,8.0,8.0,39.0,0.27878788,0.12121212,10.615384615384615,4.615384615384615,2.076923076923077,0.2696629213483146,0.72463768,0.288659793,0.173076923,95.1322188449848,5.3076923076923075,126.44345306330891,3.525218571611968,5.357130852723733,4.3703251852439005,0.07154687494039536,Spencer Strider,27498,675911
Ty Johnson,TBR,0.0,0.0,0.0,8.0,0.0,7.2,0.32352941,0.11764706,12.913047761684172,4.695653731521517,1.1739134328803793,0.3333333333333333,0.83333333,0.111111111,0.1,93.21149313038794,3.521740298641138,84.3840127798016,3.8596952144997827,3.49202507394027,3.765802229177561,0.07139662653207779,Ty Johnson,33862,694494
Wyatt Olds,BOS,2.0,0.0,0.0,14.0,0.0,15.2,0.29411765,0.11764706,11.489364266558036,4.595745706623215,1.1489364266558038,0.25,0.87912088,0.394736842,0.125,96.51543493078859,1.1489364266558038,26.96192999089354,3.4611104705185847,4.121997420007524,4.004444116550988,0.07110543549060822,Wyatt Olds,29922,681544
Jose A. Ferrer,SEA,4.0,4.0,3.0,73.0,0.0,64.2,0.18305085,0.06779661,7.515465986439102,2.783505920903371,0.9742270723161798,0.3285024154589372,0.7483731,0.561904761,0.122807017,98.02857317243304,4.175258881355056,107.6091683425121,4.084157799216341,4.090411590412453,4.014082564996483,0.07041096687316895,Jose A. Ferrer,24017,678606
Hunter Stratton,- - -,0.0,0.0,0.0,3.0,0.0,3.1,0.2,0.0,8.10000077247627,0.0,0.0,0.5,0.66666667,0.5,0.0,96.75199951171875,5.40000051498418,124.93957592279568,6.596260911851763,1.3007204246520838,1.7536891926675895,0.07019923813641071,Hunter Stratton,23455,676702
Eduardo Rivera,BOS,0.0,1.0,0.0,4.0,3.0,10.0,0.22727273,0.13636364,9.000001716614097,5.400001029968458,0.9000001716614097,0.25925925925925924,0.55555556,0.5,0.111111111,95.32105348821273,6.300001201629867,147.84124465032394,3.669444510560494,4.200720806121867,4.259626991808442,0.07015930395573378,Eduardo Rivera,31280,700842
Carlos Rodriguez,MIL,0.0,0.0,0.0,4.0,0.0,9.1,0.19047619,0.0952381,7.714285977032729,3.8571429885163644,0.9642857471290911,0.3103448275862069,0.79365079,0.233333333,0.0625,94.09796516262755,3.8571429885163644,92.88862452161678,3.3107328988797464,4.065006343442568,5.2605419545453405,0.06946876645088196,Carlos Rodriguez,30161,692230
Chad Dallas,TOR,2.0,1.0,0.0,6.0,0.0,14.1,0.265625,0.125,10.674420261847514,5.023256593810595,1.2558141484526488,0.2972972972972973,0.71428571,0.358974358,0.111111111,94.4000015258789,5.023256593810595,121.64357707457991,3.492138690567866,4.216999839382498,4.299194514167972,0.06900046765804291,Chad Dallas,30158,689149
Cesar Perdomo,SFG,0.0,1.0,0.0,5.0,4.0,24.2,0.13461538,0.06730769,5.108108634753731,2.5540543173768655,1.4594596099296373,0.2911392405063291,0.84507042,0.407407407,0.129032258,93.01896720096983,3.6486490248240933,89.49753519906331,4.458977685725179,4.925045108725524,4.7145086639554705,0.06414931267499924,Cesar Perdomo,30334,702885
Seth Lonsway,SFG,0.0,0.0,0.0,2.0,0.0,2.1,0.14285714,0.0,7.714286765273879,0.0,0.0,0.5833333333333334,0.57142857,0.909090909,0.0,91.26666259765625,7.714286765273879,189.22336640588574,1.7848821557350258,1.3864346484748369,2.0335329149450327,0.06192977353930473,Seth Lonsway,30064,675920
Daniel Espino,CLE,0.0,0.0,0.0,14.0,3.0,15.1,0.38461538,0.10769231,14.67391426035958,4.108695992900682,1.7608697112431495,0.3,0.81081081,0.393939393,0.2,98.81775263498521,4.108695992900682,99.36195544431664,2.9014899442177478,3.752894563440569,2.6864881428870464,0.059889428317546844,Daniel Espino,25625,682982
Connor Thomas,- - -,2.0,1.0,0.0,19.0,0.0,25.2,0.15254237,0.07627119,6.311689875141955,3.1558449375709774,1.4025977500315456,0.32941176470588235,0.61497326,0.561797752,0.148148148,91.68105211759868,7.012988750157728,166.30663682031684,4.484016030901688,5.009811978300858,4.572169736135103,0.05966874957084656,Connor Thomas,25873,671162
Edwin Diaz,LAD,2.0,2.0,7.0,21.0,0.0,18.2,0.29166667,0.11458333,13.50000183922929,5.303572151125792,1.4464287684888524,0.45098039215686275,0.61452514,0.283018867,0.130434782,96.49004878393666,8.678572610933115,207.3843890866164,4.582523348500622,4.440006493062414,4.2111280102358855,0.05871906876564026,Edwin Diaz,14710,621242
Julian Aguiar,CIN,1.0,0.0,0.0,1.0,0.0,3.0,0.14285714,0.07142857,6.0,3.0,0.0,0.36363636363636365,0.6,0.454545454,0.0,93.42000122070313,6.0,140.3363453759467,2.6085039751948442,2.7673872629801437,5.283880178630353,0.05790424719452858,Julian Aguiar,30031,687924
Codi Heuer,CLE,0.0,1.0,0.0,8.0,0.0,9.2,0.13043478,0.10869565,5.586208366185778,4.655173638488148,0.0,0.35294117647058826,0.72222222,0.411764705,0.0,95.38641734182099,4.655173638488148,112.57760526752061,4.8193377647733975,3.721410414778563,5.751960405057249,0.05760231986641884,Codi Heuer,23293,676051
Kyle Backhus,PHI,2.0,1.0,0.0,21.0,1.0,20.0,0.21276596,0.06382979,9.00000257492139,2.7000007724764172,1.3500003862382086,0.3492063492063492,0.72916667,0.415384615,0.142857142,,4.950001416206765,114.27313410311761,3.990659555719378,4.25072092533121,3.8861113578752073,0.05480221193283796,Kyle Backhus,29615,679775
Seth Johnson,- - -,1.0,0.0,0.0,28.0,1.0,33.2,0.25316456,0.12658228,10.693071629180979,5.3465358145904895,1.3366339536476224,0.3516483516483517,0.67307692,0.368421052,0.121951219,97.70925110514902,5.881189396049538,133.2512388068501,4.686549655784294,4.615572410447449,4.523663253605896,0.054407503455877304,Seth Johnson,26020,686751
Matt Svanson,STL,2.0,3.0,0.0,41.0,1.0,43.1,0.19806763,0.10144928,8.515386364502673,4.361539357428199,1.0384617517686188,0.36231884057971014,0.54929577,0.366197183,0.089285714,96.43332926432292,7.269232262380331,176.36177502462635,6.011057552006639,4.300720842801658,4.751970827011009,0.051618828903883696,Matt Svanson,29629,694335
A.J. Minter,- - -,2.0,2.0,1.0,48.0,0.0,45.2,0.22043011,0.04301075,8.0802937707372,1.5766426869731123,1.7737230228447514,0.2440944881889764,0.90659341,0.360902255,0.136363636,93.46791704963235,2.5620443663313073,61.90898308113447,3.81787890451029,4.458385132318101,4.078526349740544,0.051240961998701096,A.J. Minter,18655,621345
JT Brubaker,SFG,0.0,0.0,2.0,41.0,1.0,60.1,0.156,0.104,5.8176804162918625,3.8784536108612415,0.7458564636271618,0.24719101123595505,0.71428571,0.417582417,0.069444444,93.16333669026693,3.5801110254103765,87.81636993124249,5.02578734647972,4.277516350036332,5.002032931334382,0.050638034008443356,JT Brubaker,17578,664141
Matt Waldron,- - -,2.0,2.0,0.0,17.0,4.0,42.2,0.17010309,0.05670103,6.960937759315139,2.3203125864383796,1.4765625550062416,0.3546099290780142,0.64784053,0.423611111,0.116666666,92.02845602888402,6.53906274359907,161.82887373918368,3.5513493361583808,4.600720652192834,4.59119904941799,0.050275785848498344,Matt Waldron,25550,663362
Cade Winquest,STL,1.0,0.0,0.0,11.0,0.0,13.2,0.28070175,0.14035088,10.536587326531262,5.268293663265631,0.6585367079082038,0.25806451612903225,0.60240964,0.53125,0.1,95.83908045977012,3.951220247449223,95.86214763829884,2.4198177549063646,3.686086558898547,3.8396688431288784,0.04985901340842247,Cade Winquest,31850,685464
Austin Hedges,CLE,0.0,0.0,0.0,4.0,0.0,4.1,0.05,0.0,2.076923686371931,0.0,0.0,0.3684210526315789,0.57142857,0.526315789,0.0,70.57941032858456,6.230771059115794,150.68079931670098,2.3864256353218534,2.6391819993419365,4.729807496582369,0.04777863994240761,Austin Hedges,12976,595978
Vince Velasquez,CHC,0.0,0.0,0.0,2.0,0.0,3.1,0.09090909,0.0,2.70000025749209,0.0,0.0,0.1,1.0,0.3,0.0,92.22380719866071,0.0,0.0,1.044190071664806,2.5007205390930127,5.218533147186046,0.04671308025717735,Vince Velasquez,11189,592826
Ty Blach,CHC,0.0,0.0,0.0,1.0,0.0,3.0,0.22222222,0.0,6.0,0.0,0.0,0.14285714285714285,1.0,0.714285714,0.0,,0.0,0.0,3.014620296708158,1.767387262980144,2.2706858461101858,0.046434998512268066,Ty Blach,14361,621389
Juan Burgos,ARI,0.0,0.0,0.0,4.0,0.0,4.1,0.0,0.0,0.0,0.0,0.0,0.1875,0.75,0.466666666,0.0,97.2000020345052,2.076923686371931,49.37146109153714,3.1225956715967653,3.7930284917707873,6.580529154758031,0.04632734879851341,Juan Burgos,27271,686228
Carlos Vargas,SEA,3.0,0.0,0.0,16.0,0.0,19.0,0.20987654,0.04938272,8.052633195703043,1.8947372225183632,0.9473686112591816,0.25925925925925924,0.66037736,0.482142857,0.111111111,,4.736843056295908,122.0829070343961,4.34768824848778,3.9428260285438603,4.004832540415351,0.04606125131249428,Carlos Vargas,22915,672841
Luis De Leon,BAL,0.0,2.0,0.0,8.0,0.0,9.1,0.16666667,0.05555556,5.785715665136394,1.928571888378798,0.964285944189399,0.18518518518518517,0.75757576,0.607142857,0.125,,1.928571888378798,47.479552908502114,2.125929598050838,3.8507207751274537,3.752059965367848,0.04305880144238472,Luis De Leon,30944,801725
Drey Jameson,ARI,0.0,0.0,0.0,12.0,0.0,19.1,0.15116279,0.11627907,6.051724535956845,4.655172719966804,0.4655172719966804,0.29508196721311475,0.66433566,0.354838709,0.045454545,96.7693579889113,5.120689991963484,121.72616084016053,5.026817205370464,4.135203422972767,5.180946930713166,0.041112080216407776,Drey Jameson,26260,686753
Alimber Santa,HOU,0.0,1.0,0.0,10.0,0.0,15.1,0.15254237,0.10169492,5.282609133729448,3.521739422486299,0.5869565704143831,0.16279069767441862,0.63492063,0.5,0.066666666,95.53889295789931,1.1739131408287662,28.621604784997224,2.9662072342865176,3.9485467535786967,4.577792647555615,0.03979253023862839,Alimber Santa,28846,695001
Cade Horton,CHC,1.0,0.0,0.0,2.0,2.0,7.1,0.15384615,0.07692308,4.909091121894278,2.454545560947139,1.2272727804735695,0.15789473684210525,0.86956522,0.55,0.2,95.47777777777777,2.454545560947139,59.77890506545042,3.3292540164431856,4.600720661336728,3.857467730974485,0.0390290841460228,Cade Horton,31872,690990
Clarke Schmidt,NYY,0.0,0.0,0.0,1.0,0.0,0.2,0.5,0.0,27.000028163224034,0.0,0.0,1.0,1.0,0.0,0.0,94.6500015258789,0.0,0.0,8.500093522753767,-2.8992856621807523,-2.8992856621807523,0.03882039338350296,Clarke Schmidt,19899,657376
Connor Seabold,- - -,1.0,0.0,0.0,21.0,0.0,24.0,0.17391304,0.09565217,7.500001192093085,4.1250006556511964,0.7500001192093085,0.35443037974683544,0.7038835,0.4125,0.06060606,93.57195002858232,5.250000834465159,124.91826677873378,3.9854755263415593,4.267387448416846,5.26016092829203,0.03820591792464256,Connor Seabold,19695,657756
Garrett Acton,MIN,1.0,1.0,0.0,7.0,0.0,11.0,0.2745098,0.11764706,11.454546447627887,4.909091334697666,0.8181818891162776,0.32142857142857145,0.48192771,0.344827586,0.071428571,94.48361732219827,5.727273223813944,137.48624811456577,4.260045772428431,3.9189024854297543,4.658769866980142,0.036865927278995514,Garrett Acton,27583,670183
Ian Hamilton,ATL,0.0,0.0,0.0,4.0,0.0,4.2,0.17391304,0.13043478,7.714286765273879,5.7857150739554095,0.0,0.375,0.55555556,0.6875,0.0,94.647998046875,7.714286765273879,183.77498166352996,5.03606309840241,3.3150063397933067,3.9621046062635026,0.036183763295412064,Ian Hamilton,19261,641656
Yacksel Rios,CHC,0.0,0.0,0.0,1.0,0.0,1.2,0.4,0.0,10.800004119874618,0.0,0.0,0.0,1.0,0.333333333,0.0,98.1,0.0,0.0,4.805720241708667,0.7007196807857836,1.606657476007702,0.03490389138460159,Yacksel Rios,15007,605441
Jason Foley,SFG,3.0,2.0,0.0,24.0,0.0,26.0,0.12820513,0.09401709,5.192308454118648,3.8076928663536758,0.6923077938824864,0.29213483146067415,0.66298343,0.516483516,0.074074074,96.12839385609568,4.1538467632949185,101.88950605558043,4.016867204500934,4.2161053753463715,4.784074121506457,0.034628428518772125,Jason Foley,19531,671345
Matthew Pushard,STL,0.0,0.0,0.0,6.0,0.0,7.0,0.1875,0.125,7.714286765273879,5.14285784351592,0.0,0.2857142857142857,0.54545455,0.35,0.0,95.05000361689815,5.14285784351592,124.77294784976216,5.213285563529816,3.529292083273137,5.2548874605269935,0.03231264650821686,Matthew Pushard,31870,690155
Carl Edwards Jr.,NYM,0.0,0.0,0.0,2.0,0.0,6.0,0.44,0.16,16.500002622604786,6.000000953674468,1.500000238418617,0.2222222222222222,1.0,0.4,0.25,92.45283018867924,1.500000238418617,36.52299653085763,2.7676990241359802,3.600720675786349,2.440650990991655,0.03226533532142639,Carl Edwards Jr.,13607,605218
Sam Aldegheri,LAA,3.0,4.0,0.0,9.0,6.0,33.2,0.14569536,0.11258278,5.8811883964721945,4.544554670001241,1.3366337264709531,0.24528301886792453,0.66666667,0.339449541,0.096153846,92.0902811686198,5.079208160589622,123.30795307260874,5.494720974237009,5.328443473765065,5.729866630388772,0.031646039336919785,Sam Aldegheri,26443,691951
Welinton Herrera,COL,0.0,0.0,0.0,3.0,0.0,2.1,0.2,0.1,7.714286765273879,3.8571433826369397,0.0,0.2857142857142857,1.0,0.285714285,0.0,94.54285539899554,0.0,0.0,4.764955196428847,2.6721491093538168,4.613443908764405,0.030436605215072632,Welinton Herrera,29318,700327
James Karinchak,ATL,0.0,0.0,0.0,9.0,0.0,9.2,0.21621622,0.13513514,7.448276351946887,4.655172719966804,0.9310345439933608,0.13043478260869565,0.92105263,0.291666666,0.066666666,94.98979591836735,1.8620690879867217,44.359475206628076,2.988236418300751,4.342099988304625,5.340214147832463,0.030160054564476013,James Karinchak,20151,675916
Nicky Lopez,TEX,0.0,0.0,0.0,1.0,0.0,1.0,0.14285714,0.0,9.0,0.0,0.0,0.6666666666666666,0.75,0.5,0.0,62.76315789473684,9.0,221.2823422858294,4.976352974082945,1.1007205963134767,2.610616345703602,0.03001144714653492,Nicky Lopez,19339,670032
Hunter Bigge,TBR,1.0,1.0,0.0,18.0,0.0,19.1,0.16470588,0.16470588,6.5172424509184035,6.5172424509184035,0.4655173179227431,0.23214285714285715,0.41353383,0.421052631,0.037037037,96.50244140625,6.982759768841146,167.31310079835563,4.078014748308521,4.497272550081706,5.933506505212646,0.029757514595985413,Hunter Bigge,26259,685801
Eiberson Castellano,COL,0.0,0.0,1.0,1.0,0.0,3.0,0.16666667,0.0,6.0,0.0,0.0,0.4444444444444444,1.0,0.555555555,0.0,95.53333536783855,0.0,0.0,6.2929477942043786,2.7673872629801437,2.7673872629801437,0.02943349815905094,Eiberson Castellano,28040,682769
Noah Murdock,PIT,0.0,0.0,0.0,3.0,0.0,3.1,0.26666667,0.2,10.80000102996836,8.10000077247627,0.0,0.375,1.0,0.75,0.0,94.03333536783855,0.0,0.0,2.7842250361464194,3.4007206249237094,4.30665816095472,0.029148587957024574,Noah Murdock,27908,668716
Ricky Tiedemann,TOR,0.0,0.0,0.0,5.0,0.0,6.0,0.27586207,0.20689655,12.000003814698479,9.000002861023859,0.0,0.35714285714285715,0.91666667,0.23076923,0.0,95.89574675864361,1.5000004768373099,36.324129617605166,5.2284315814853075,3.9340541945564267,4.940651680805233,0.029018256813287735,Ricky Tiedemann,30165,694357
Josh Ekness,MIA,3.0,4.0,1.0,30.0,0.0,30.2,0.17910448,0.14925373,7.043479283049935,5.86956606920828,0.586956606920828,0.2441860465116279,0.68720379,0.406976744,0.051282051,98.04377104377105,3.228261338064554,76.08035535602353,3.854321371666197,4.535503413231056,5.607870989277757,0.02865203469991684,Josh Ekness,33785,694795
Joel Peguero,SFG,0.0,0.0,0.0,11.0,0.0,11.1,0.10416667,0.08333333,3.9705893490144364,3.176471479211549,0.0,0.2702702702702703,0.6875,0.54054054,0.0,99.97123153895548,2.382353609408662,58.4366362903175,2.7018502169995124,3.8066031472493767,5.538542874992883,0.02664322778582573,Joel Peguero,21951,666711
Marco Gonzales,TEX,0.0,0.0,1.0,3.0,0.0,6.2,0.10344828,0.13793103,4.050000386238135,5.40000051498418,0.0,0.3181818181818182,0.90909091,0.333333333,0.0,89.94736842105263,1.350000128746045,33.19235450834401,2.961332175313279,4.000720682144173,6.492048906229455,0.02622693032026291,Marco Gonzales,15467,594835
Braydon Fisher,TOR,3.0,4.0,1.0,75.0,10.0,75.2,0.23870968,0.14193548,8.801763741571387,5.233481143637041,0.9515420261158256,0.2430939226519337,0.74031891,0.429347826,0.112676056,94.3170761480564,3.2114543381409115,77.7688310377138,4.228698338516476,4.382659159275075,4.4249842535311465,0.025011703372001648,Braydon Fisher,24609,680755
Jake Rogers,DET,0.0,0.0,0.0,3.0,0.0,2.1,0.25,0.08333333,11.571430147910819,3.8571433826369397,0.0,0.42857142857142855,1.0,0.428571428,0.0,77.42222086588542,0.0,0.0,4.868276321617494,3.1007205963134767,3.7478188627836726,0.024738285690546036,Jake Rogers,19452,668670
Jake Eder,LAD,1.0,0.0,0.0,4.0,0.0,4.0,0.06666667,0.06666667,2.25,2.25,0.0,0.23076923076923078,0.75,0.307692307,0.0,95.00588091681985,2.25,53.76631577144996,10.544955509053553,3.3507205963134767,6.370512095093727,0.024416862055659294,Jake Eder,27590,671109
Pete Fairbanks,MIA,4.0,5.0,19.0,46.0,1.0,41.1,0.31147541,0.1147541,12.411290704397716,4.572580785830738,1.7419355374593284,0.2872340425531915,0.56485356,0.24,0.142857142,97.20590981104041,6.314516323290066,148.81405049609182,4.405390314411693,4.6007206424590095,4.13025680457888,0.023610390722751617,Pete Fairbanks,17998,664126
Dylan Ross,NYM,0.0,0.0,0.0,1.0,0.0,1.0,0.0,0.0,0.0,0.0,0.0,0.0,1.0,0.666666666,0.0,98.96666463216145,0.0,0.0,0.5640789791012819,3.1007205963134767,4.610616345703602,0.0219696257263422,Dylan Ross,35309,697811
Zach Eflin,BAL,0.0,0.0,0.0,1.0,1.0,3.2,0.41176471,0.11764706,17.181821161065738,4.909091760304496,2.454545880152248,0.42857142857142855,1.0,0.5,0.5,91.85714285714286,2.454545880152248,60.42851795428865,3.969606772866663,4.464357196398059,1.7424816786503503,0.021819081157445908,Zach Eflin,13774,621107
Seranthony Dominguez,- - -,5.0,3.0,12.0,67.0,0.0,62.0,0.25,0.11923077,9.435485322319357,4.500000692183078,1.3064518138596033,0.24342105263157895,0.77151335,0.422360248,0.132352941,97.27130977130977,3.629032816276676,89.59234995222664,3.6455143419793594,4.53620468808514,4.305122571226393,0.020996905863285065,Seranthony Dominguez,19249,622554
Julian Garcia,CIN,2.0,3.0,2.0,33.0,0.0,46.0,0.22905028,0.10614525,8.0217404608918,3.717391920901078,1.3695654445425025,0.1981981981981982,0.81632653,0.406779661,0.134615384,92.41613263248848,3.1304353018114344,73.21897494867756,2.950074079645144,4.600720845098122,4.3292986037394074,0.019054368138313293,Julian Garcia,22362,670062
Guillo Zuniga,NYM,0.0,0.0,0.0,1.0,0.0,1.0,0.25,0.25,9.0,9.0,0.0,0.0,1.0,0.0,0.0,97.41428920200893,0.0,0.0,1.489688291764449,4.100720596313477,7.120512095093727,0.018863793462514877,Guillo Zuniga,19588,670871
P.J. Higgins,CIN,0.0,0.0,0.0,1.0,0.0,1.0,0.33333333,0.0,9.0,0.0,0.0,0.0,1.0,0.0,0.0,,0.0,0.0,0.08887125866232627,1.1007205963134767,4.120512095093727,0.018486404791474342,P.J. Higgins,18433,664731
Reese McGuire,CHW,0.0,0.0,0.0,1.0,0.0,1.0,0.0,0.0,0.0,0.0,0.0,0.0,1.0,0.0,0.0,,0.0,0.0,0.06340179059774526,3.1007205963134767,7.630407844483853,0.018013490363955498,Reese McGuire,15674,624512
Adrian Del Castillo,ARI,0.0,0.0,0.0,1.0,0.0,1.2,0.0,0.0,0.0,0.0,0.0,0.4444444444444444,0.8,0.0,0.0,53.337501525878906,5.400002059937309,128.36581013823155,16.26838671951088,4.900721282959246,8.52447246384692,0.01596011221408844,Adrian Del Castillo,29554,680728
Joey Gerber,NYM,0.0,0.0,0.0,7.0,0.0,8.1,0.23529412,0.11764706,8.640001318359577,4.320000659179788,1.080000164794947,0.23809523809523808,0.69767442,0.227272727,0.1,93.50142996651786,4.320000659179788,105.18622934011384,4.019222209234687,4.180720761108423,4.4325956988096396,0.014540725387632847,Joey Gerber,24591,680702
Gary Sanchez,MIL,0.0,0.0,0.0,2.0,0.0,2.0,0.0,0.0,0.0,0.0,0.0,0.4,1.0,0.6,0.0,73.7,0.0,0.0,3.8973822721311864,3.1007205963134767,3.8556684710085394,0.012807459570467472,Gary Sanchez,11442,596142
Christian Koss,SFG,0.0,0.0,0.0,2.0,0.0,2.0,0.0,0.0,0.0,0.0,0.0,0.5,0.4,0.4,0.0,,13.5,331.1408460959339,7.652760979359889,3.1007205963134767,5.365564220398665,0.011478137224912643,Christian Koss,27653,683766
JP Sears,SDP,3.0,4.0,0.0,8.0,6.0,32.2,0.17482517,0.07692308,6.8877554371773195,3.0306123923580204,1.6530613049225567,0.2727272727272727,0.71808511,0.421568627,0.139534883,93.01867944067651,4.683673697280577,116.39078882271224,5.156184550091377,5.151741104272945,4.7515018161386235,0.011236179620027542,JP Sears,23429,676664
Ethan Pecko,HOU,2.0,0.0,0.0,8.0,5.0,34.1,0.16428571,0.1,6.02912677182751,3.669903252416745,1.3106797330059805,0.20833333333333334,0.73529412,0.376237623,0.102040816,93.45210330225841,3.9320391990179413,95.86848297307243,4.40343547770938,5.052177087677936,5.3138729872514805,0.010974988341331482,Ethan Pecko,33515,814490
Beau Brieske,DET,1.0,0.0,0.0,18.0,0.0,25.1,0.23529412,0.06862745,8.526317501332635,2.4868426045553518,1.7763161461109656,0.2727272727272727,0.69565217,0.442857142,0.185185185,95.55875244140626,4.9736852091107036,118.97511747086995,3.7989962659612324,4.600720897473847,3.644162227798495,0.009662637487053871,Beau Brieske,26079,689225
Jorge Mateo,ATL,0.0,0.0,0.0,3.0,0.0,2.1,0.08333333,0.08333333,3.8571433826369397,3.8571433826369397,0.0,0.5,0.83333333,0.2,0.0,65.60975609756098,3.8571433826369397,91.88749083176498,6.748990855880535,3.5292920832731367,6.764783415624118,0.009199506603181362,Jorge Mateo,17273,622761
Zach Brzykcy,MIA,0.0,0.0,0.0,2.0,0.0,3.0,0.16666667,0.16666667,6.0,6.0,0.0,0.375,0.8,0.75,0.0,94.0173976732337,3.0,70.70092603001852,3.884502234752464,3.7673872629801437,4.270685846110186,0.008692632429301739,Zach Brzykcy,27783,694350
Maxwel Rajcic,STL,0.0,0.0,0.0,6.0,0.0,9.0,0.20512821,0.15384615,8.000001695421366,6.000001271566025,1.0000002119276707,0.20833333333333334,0.66037736,0.36,0.076923076,95.45757871685606,5.000001059638354,121.30704181325497,3.2834355345507107,4.767387616192928,5.503903854733469,0.007047975901514292,Maxwel Rajcic,31873,691008
Enrique Hernandez,LAD,0.0,0.0,0.0,1.0,0.0,1.0,0.0,0.0,0.0,0.0,0.0,0.25,1.0,0.0,0.0,,0.0,0.0,3.933548974161363,3.1007205963134767,9.140303593873977,0.0069235749542713165,Enrique Hernandez,10472,571771
Tanner Andrews,TOR,0.0,0.0,0.0,2.0,0.0,3.0,0.09090909,0.18181818,3.0,6.0,0.0,0.125,1.0,0.5,0.0,95.03125,0.0,0.0,3.1007481377361925,4.434053929646811,6.447248262166978,0.00677071837708354,Tanner Andrews,24698,681084
Kevin Herget,NYM,0.0,0.0,0.0,1.0,0.0,1.0,0.0,0.0,0.0,0.0,0.0,0.0,1.0,0.333333333,0.0,89.2750015258789,0.0,0.0,0.7603126103370597,3.1007205963134767,6.120512095093727,0.00675546657294035,Kevin Herget,15369,643361
Rafael Flores,PIT,0.0,0.0,0.0,1.0,0.0,1.0,0.0,0.0,0.0,0.0,0.0,0.4,1.0,0.4,0.0,,0.0,0.0,5.759762134414774,3.1007205963134767,4.610616345703602,0.006515610963106155,Rafael Flores,31991,804668
Zack Short,NYM,0.0,0.0,0.0,1.0,0.0,1.0,0.0,0.0,0.0,0.0,0.0,0.0,1.0,0.333333333,0.0,56.133331298828125,0.0,0.0,1.7515426162843313,3.1007205963134767,4.610616345703602,0.006395826116204262,Zack Short,19562,670097
Luke Maile,KCR,0.0,0.0,0.0,1.0,0.0,1.0,0.0,0.0,0.0,0.0,0.0,0.0,1.0,0.333333333,0.0,64.125,0.0,0.0,0.13289260978546444,3.1007205963134767,6.120512095093727,0.0063628219068050385,Luke Maile,13355,571912
Jake Meyers,HOU,0.0,0.0,0.0,1.0,0.0,1.0,0.0,0.0,0.0,0.0,0.0,0.0,1.0,1.0,0.0,,0.0,0.0,6.540651579233712,3.1007205963134767,3.1007205963134767,0.005865509621798992,Jake Meyers,20308,676694
Michael Fulmer,- - -,0.0,1.0,0.0,15.0,0.0,13.2,0.29508197,0.13114754,11.853662396669936,5.268294398519972,1.317073599629993,0.28125,0.75581395,0.382352941,0.142857142,93.18888798466435,3.292683999074982,79.37384454240689,3.7612233453569672,4.34462344040847,3.9889067751659186,0.005858920514583588,Michael Fulmer,13218,605242
Josh Rojas,KCR,0.0,0.0,0.0,1.0,0.0,1.0,0.0,0.0,0.0,0.0,0.0,0.25,1.0,0.25,0.0,65.0250015258789,0.0,0.0,4.300055479827058,3.1007205963134767,6.120512095093727,0.005843482445925474,Josh Rojas,19734,668942
Jose Espada,BAL,0.0,0.0,0.0,1.0,0.0,1.0,0.0,0.0,0.0,0.0,0.0,0.5,1.0,0.5,0.0,93.83333333333333,0.0,0.0,4.984673511570061,3.1007205963134767,4.610616345703602,0.0056961230002343655,Jose Espada,21131,664744
Antoine Kelly,CHC,0.0,0.0,0.0,1.0,0.0,1.1,0.25,0.25,6.750001609325793,6.750001609325793,0.0,0.0,1.0,1.0,0.0,96.1500015258789,0.0,0.0,10.194963783716902,3.8507207751274537,3.8507207751274537,0.003949816804379225,Antoine Kelly,25611,681520
Spencer Bivens,- - -,0.0,0.0,0.0,6.0,0.0,7.2,0.28571429,0.14285714,14.086957689945196,7.043478844972598,1.1739131408287662,0.5217391304347826,0.51136364,0.333333333,0.1,94.45868981402853,9.39130512663013,230.3588685612876,5.506865916481626,4.013764150291406,4.28754123741715,0.0033987686038017273,Spencer Bivens,30226,702352
Blake Burkhalter,ATL,0.0,0.0,0.0,1.0,0.0,1.0,0.2,0.2,9.0,9.0,0.0,0.3333333333333333,0.5,0.0,0.0,94.07273171164773,9.0,214.4041160638716,7.103455561217917,4.100720596313477,7.120512095093727,0.0006657494814135134,Blake Burkhalter,31809,686628
Seth Martinez,BOS,0.0,0.0,0.0,1.0,0.0,1.0,0.16666667,0.0,9.0,0.0,0.0,0.5,0.66666667,0.25,0.0,90.8499984741211,9.0,211.2017377883491,5.67371827704242,4.100720596313477,5.610616345703602,-0.0001797932927729562,Seth Martinez,21045,661527
Cameron Weston,BAL,0.0,0.0,0.0,1.0,0.0,1.0,0.33333333,0.33333333,9.0,9.0,0.0,0.0,1.0,1.0,0.0,,0.0,0.0,6.518020974255496,4.100720596313477,4.100720596313477,-0.00021446643222589046,Cameron Weston,31696,687721
Emiliano Teodo,TEX,0.0,0.0,0.0,1.0,0.0,1.2,0.1,0.2,5.400002059937309,10.800004119874618,0.0,0.42857142857142855,0.6,0.428571428,0.0,,10.800004119874618,265.5389120380514,6.448641698872878,5.50072151184117,7.3125971022850065,-0.0011279459577053785,Emiliano Teodo,27999,693713
Franco Aleman,CLE,0.0,1.0,0.0,21.0,0.0,22.1,0.27184466,0.09708738,11.283584659311018,4.029851664039649,1.6119406656158597,0.3684210526315789,0.80838323,0.311475409,0.137931034,96.0508847725265,4.432836830443614,107.20076063050577,4.455156135855135,4.802213521130217,4.434466126884859,-0.0014823582023382187,Franco Aleman,30195,680916
Jackson Rutledge,WSN,0.0,0.0,0.0,1.0,0.0,1.1,0.16666667,0.16666667,13.500003218651585,13.500003218651585,0.0,0.75,0.125,0.75,0.0,,47.25001126528055,1105.8187190520798,8.211897824571876,4.600720953941431,5.733143035974488,-0.0029574802611023188,Jackson Rutledge,26215,671131
Cole Wilcox,SEA,0.0,0.0,0.0,23.0,0.0,27.0,0.22764228,0.13821138,9.333335311324927,5.666667867590134,0.6666668079517806,0.33783783783783783,0.76388889,0.447368421,0.111111111,96.61641499533582,4.000000847710683,103.09223375672322,5.484094635162776,4.100720808241148,4.144355020785563,-0.0035013346932828426,Cole Wilcox,27481,677961
Bryan Torres,STL,0.0,0.0,0.0,1.0,0.0,2.0,0.0,0.125,0.0,4.5,0.0,0.14285714285714285,1.0,0.142857142,0.0,,0.0,0.0,14.819511224528862,4.600720596313477,6.865564220398665,-0.00491804676130414,Bryan Torres,21464,663494
Troy Johnston,COL,0.0,0.0,0.0,2.0,0.0,2.0,0.0,0.11111111,0.0,4.5,0.0,0.14285714285714285,1.0,0.571428571,0.0,,0.0,0.0,3.4953687136407945,6.100720596313477,8.365564220398664,-0.0063985371962189674,Troy Johnston,26143,687859
Justin Hagenman,NYM,0.0,0.0,0.0,3.0,1.0,8.0,0.12121212,0.06060606,4.5,2.25,2.25,0.24,0.97222222,0.296296296,0.133333333,90.89273126775568,3.375,82.17672913278827,6.262071189957726,6.100720596313477,5.681775126419962,-0.006925150752067566,Justin Hagenman,21546,663795
Hoby Milner,- - -,1.0,0.0,1.0,44.0,0.0,42.0,0.14124294,0.05649718,5.357144195206645,2.1428576780826583,1.0714288390413291,0.27611940298507465,0.79166667,0.455882352,0.111111111,87.06923029972957,3.642858052740519,89.63151661093634,5.078550079283589,4.386435203163071,4.456561618834762,-0.008334729820489883,Hoby Milner,13346,571948
Doug Nikhazy,CHW,0.0,0.0,0.0,1.0,0.0,2.0,0.11111111,0.22222222,4.5,9.0,0.0,0.16666666666666666,0.66666667,0.833333333,0.0,87.38888888888889,4.5,108.79603024304308,3.5353504431936615,5.100720596313477,5.855668471008539,-0.00925647933036089,Doug Nikhazy,30142,680951
Jose Tena,WSN,0.0,0.0,0.0,1.0,0.0,1.0,0.0,0.2,0.0,9.0,0.0,0.5,0.66666667,0.75,0.0,38.94545399058949,9.0,210.63208674368607,8.844138462796836,6.100720596313477,7.610616345703602,-0.009584140032529831,Jose Tena,23691,677588
Max Schuemann,NYY,0.0,0.0,0.0,1.0,0.0,1.0,0.0,0.2,0.0,9.0,0.0,0.25,1.0,0.0,0.0,,0.0,0.0,8.844138462796836,6.100720596313477,9.120512095093726,-0.009955232962965965,Max Schuemann,24488,680474
Nick Mears,KCR,2.0,3.0,0.0,21.0,0.0,19.1,0.18072289,0.13253012,6.982759768841146,5.120690497150174,0.9310346358454862,0.2909090909090909,0.6870229,0.464285714,0.105263157,94.7536015625,5.120690497150174,119.76432673613458,6.533287496269556,4.600720842953427,4.739756343663478,-0.01050726417452097,Nick Mears,25376,683232
Dylan Moore,PHI,0.0,0.0,0.0,2.0,0.0,1.2,0.0,0.125,0.0,5.400002059937309,0.0,0.16666666666666666,0.66666667,0.666666666,0.0,72.75,5.400002059937309,124.66161272842591,6.409233568484136,6.700721969605016,7.606659764826935,-0.010603917762637138,Dylan Moore,18042,664238
Sam Haggerty,TEX,0.0,0.0,0.0,1.0,0.0,1.0,0.0,0.0,0.0,0.0,0.0,0.0,1.0,1.0,0.0,,0.0,0.0,3.2101433071659193,6.100720596313477,6.100720596313477,-0.010640031658113003,Sam Haggerty,18054,664059
Ryne Nelson,ARI,3.0,5.0,0.0,19.0,15.0,87.1,0.17647059,0.06417112,6.801527187948069,2.473282613799298,1.8549619603494734,0.26053639846743293,0.66815145,0.338129496,0.134328358,96.40191525829081,4.946565227598596,117.58696492972655,5.27597592172173,5.264842883387862,4.90216381729303,-0.011448834091424942,Ryne Nelson,26253,669194
Victor Robles,SEA,0.0,0.0,0.0,1.0,0.0,1.0,0.0,0.11111111,0.0,9.0,0.0,0.625,0.5,0.375,0.0,76.5,27.0,695.8724303832583,13.752419947476477,6.100720596313477,7.610616345703602,-0.012228516861796379,Victor Robles,18363,645302
Carson Whisenhunt,SFG,3.0,4.0,0.0,8.0,8.0,34.2,0.15853659,0.12804878,6.750000495177085,5.4519234768738,1.2980770183032857,0.32432432432432434,0.66071429,0.339130434,0.102040816,92.76930414244185,6.490385091516428,159.20234153282854,5.96664659011309,5.379566917334801,5.638746505197606,-0.012317704036831856,Carson Whisenhunt,31676,687931
Alek Jacob,SDP,1.0,0.0,0.0,3.0,0.0,5.0,0.26086957,0.08695652,10.8,3.6,1.8,0.3076923076923077,0.75757576,0.428571428,0.142857142,84.30811206714527,5.4,134.1917264662502,3.084914260835427,5.100720596313477,4.614574645459652,-0.013523824512958527,Alek Jacob,29628,689690
Gregory Santos,SFG,0.0,0.0,0.0,3.0,0.0,5.0,0.04545455,0.13636364,1.8000003433228193,5.400001029968458,0.0,0.2777777777777778,0.375,0.5,0.0,96.1000088778409,3.6000006866456387,88.30424246827998,6.2771552018715004,4.500720863342337,6.010616900722276,-0.013531065545976162,Gregory Santos,21894,666619
Anthony Banda,MIN,2.0,0.0,2.0,39.0,0.0,34.1,0.21153846,0.09615385,8.650488640679162,3.9320402912178007,0.7864080582435602,0.28865979381443296,0.70281124,0.391752577,0.071428571,94.62955729166667,4.456312330046841,106.97615405133713,4.488419928583381,4.324022020247904,5.035156889673129,-0.013906361535191536,Anthony Banda,14706,607455
River Ryan,DET,0.0,1.0,0.0,2.0,2.0,4.1,0.28571429,0.14285714,12.461539375711542,6.230769687855771,2.076923229285257,0.36363636363636365,0.90909091,0.25,0.333333333,96.77812194824219,4.153846458570514,99.3638217109337,5.081914538404034,5.408413073297096,3.453725371787532,-0.014925588853657246,River Ryan,29514,689981
Chase Solesky,TBR,0.0,0.0,0.0,1.0,0.0,3.0,0.23529412,0.05882353,12.0,3.0,3.0,0.45454545454545453,0.89285714,0.5,0.25,93.11666870117188,6.0,143.76530741751935,5.437280948548606,5.767387262980144,3.4472482621669776,-0.0160150695592165,Chase Solesky,25480,686678
Nolan Kingham,TEX,0.0,0.0,0.0,1.0,0.0,1.0,0.16666667,0.33333333,9.0,18.0,0.0,0.3333333333333333,0.66666667,0.333333333,0.0,95.36923452524039,9.0,221.2823422858294,4.740939376374307,7.100720596313477,10.120512095093726,-0.01697670854628086,Nolan Kingham,21573,663884
Cody Bolton,HOU,0.0,1.0,1.0,8.0,3.0,20.0,0.23157895,0.14736842,9.90000047206881,6.300000300407424,1.3500000643730194,0.32727272727272727,0.75471698,0.357142857,0.130434782,94.82522610501127,5.400000257492078,131.65937737071982,6.43980613862274,5.100720691680913,4.887100793293367,-0.017718613147735596,Cody Bolton,23265,675989
Parker Mushinski,COL,1.0,0.0,0.0,8.0,0.0,6.2,0.0,0.14705882,0.0,6.750001609325793,0.0,0.3103448275862069,0.85714286,0.379310344,0.0,92.43928745814732,2.7000006437303172,57.10381845884619,6.869923611871688,5.350721132755408,7.842049713228135,-0.01788869872689247,Parker Mushinski,21324,656786
Alex Cook,TBR,0.0,0.0,0.0,4.0,0.0,5.2,0.20833333,0.08333333,7.94117736156434,3.176470944625736,1.588235472312868,0.1875,0.65217391,0.176470588,0.1,95.35151811079545,4.764706416938604,114.16658046423429,2.0453516664320666,4.688956068626345,5.059360373814221,-0.018158862367272377,Alex Cook,32015,702047
Elvis Alvarado,ATH,5.0,4.0,6.0,56.0,0.0,55.1,0.28384279,0.10917031,10.572290857292911,4.0662657143434275,1.6265062857373709,0.2677165354330709,0.80701754,0.367647058,0.149253731,98.70516153247331,3.9036150857696903,87.05174819599797,4.409554164647116,4.56457625347711,4.0434258420987845,-0.018297409638762474,Elvis Alvarado,21662,665660
Shawn Armstrong,CLE,2.0,1.0,0.0,41.0,0.0,35.1,0.22077922,0.12337662,8.660379540161161,4.839623860678296,1.0188681811954308,0.2631578947368421,0.6981982,0.427083333,0.093023255,93.48762685244846,4.584906815379438,110.87831942135311,4.195111042429664,4.430909610651955,4.796726228007462,-0.01881147176027298,Shawn Armstrong,12857,542888
Tyler Callihan,PIT,0.0,0.0,0.0,4.0,0.0,3.0,0.06666667,0.2,3.0000009536746197,9.000002861023859,0.0,0.2727272727272727,1.0,0.363636363,0.0,70.29583231608073,0.0,0.0,6.4582304116397005,5.434054671393737,8.453847130140158,-0.019695699214935303,Tyler Callihan,27497,682997
Orlando Arcia,MIN,0.0,0.0,0.0,1.0,0.0,1.0,0.0,0.4,0.0,18.0,0.0,0.3333333333333333,0.66666667,0.666666666,0.0,58.8999989827474,9.0,216.0497997347314,7.86191632299575,9.100720596313476,10.610616345703601,-0.02733767218887806,Orlando Arcia,13185,606115
Buddy Kennedy,SFG,0.0,0.0,0.0,1.0,0.0,1.0,0.0,0.22222222,0.0,18.0,0.0,0.5714285714285714,0.33333333,0.428571428,0.0,64.5923101963141,36.0,883.0422562558236,14.70444130897972,9.100720596313476,13.630407844483852,-0.027903903275728226,Buddy Kennedy,22505,671083
Tristan Beck,SFG,1.0,0.0,1.0,14.0,0.0,19.0,0.10843373,0.06024096,4.263158322701536,2.3684212903897426,0.947368516155897,0.2878787878787879,0.66115702,0.492537313,0.076923076,94.81297709923665,5.210526838857434,127.80876044628316,4.361678776777457,4.469141786316439,5.166893934474327,-0.02941730059683323,Tristan Beck,21584,663941
Ben Bowden,ATH,0.0,0.0,0.0,1.0,0.0,1.0,0.0,0.25,0.0,18.0,0.0,0.4,0.2,0.2,0.0,93.89999825613839,36.0,802.8104375557335,16.964556157558086,12.100720596313476,15.120512095093726,-0.02961660362780094,Ben Bowden,20198,641386
Shane Smith,CHW,0.0,2.0,0.0,3.0,3.0,8.1,0.2244898,0.18367347,11.880001812744418,9.720001483154523,1.080000164794947,0.4074074074074074,0.48543689,0.444444444,0.1,95.28378378378379,10.80000164794947,261.1105124256057,4.734778987630766,5.62072098083502,5.872595918536236,-0.030357930809259415,Shane Smith,31687,681343
Steven Matz,TBR,6.0,6.0,1.0,36.0,11.0,80.1,0.17836257,0.07309942,6.834025328958303,2.8008300528517633,1.680498031711058,0.24686192468619247,0.6375,0.388888888,0.15625,,5.489626903589456,131.53631656700387,5.038277613555346,5.017733165820906,4.39470398041711,-0.031070202589035034,Steven Matz,13361,571927
Brian Keller,PHI,0.0,0.0,0.0,1.0,0.0,3.0,0.27272727,0.0,9.0,0.0,3.0,0.14285714285714285,1.0,0.25,0.2,92.1181807084517,3.0,69.25642509655255,5.711648038842211,5.434053929646811,3.617213511963686,-0.03316232189536095,Brian Keller,19593,662144
Brett Sullivan,COL,0.0,0.0,0.0,7.0,0.0,7.2,0.02941176,0.05882353,1.1739132868545545,2.347826573709109,1.1739132868545545,0.3333333333333333,0.77586207,0.387096774,0.083333333,68.11714564732142,4.695653147418218,99.31098553569905,8.767579957074759,5.31811236037208,5.985775410881212,-0.034253790974617004,Brett Sullivan,18217,664954
Carlos Hernandez,CLE,0.0,0.0,0.0,2.0,0.0,3.0,0.28571429,0.07142857,12.0,3.0,3.0,0.5,0.86956522,0.222222222,0.5,98.39285714285714,6.0,145.09998639373921,15.627946406819508,5.767387262980144,2.440651095906894,-0.034268323332071304,Carlos Hernandez,22713,672578
Blake Walston,ARI,1.0,0.0,0.0,2.0,0.0,3.0,0.15384615,0.23076923,6.0,9.0,0.0,0.125,0.5,0.5,0.0,91.63529698988971,3.0,71.31431176142281,4.4363727284315555,4.767387262980144,6.780581595500311,-0.03447401151061058,Blake Walston,26270,686796
Joe Rock,- - -,0.0,1.0,0.0,5.0,0.0,10.1,0.21428571,0.23214286,10.45161322475597,11.322580993485635,0.0,0.41379310344827586,0.74074074,0.285714285,0.0,93.3778809767503,5.225806612377985,112.21530850539682,7.354218769547675,5.1329787233493605,6.886406099163656,-0.03600812330842018,Joe Rock,30016,697812
Cameron Foster,BAL,0.0,0.0,0.0,6.0,0.0,9.0,0.18367347,0.16326531,9.000000953674418,8.000000847710593,1.0000001059638242,0.5161290322580645,0.63559322,0.5,0.111111111,96.12000177556818,9.000000953674418,221.57121755817238,4.850055295128509,5.211831931125994,5.277283243007146,-0.03633929044008255,Cameron Foster,31942,671382
Yunior Marte,CIN,0.0,0.0,0.0,1.0,0.0,0.1,0.16666667,0.16666667,27.000028163224034,27.000028163224034,0.0,1.0,0.2,0.0,0.0,97.31667073567708,108.00011265289614,2526.056851649664,19.42637202111431,15.100733113301937,24.160117059316523,-0.037540215998888016,Yunior Marte,14416,628708
Ryne Stanek,STL,2.0,3.0,2.0,70.0,0.0,62.2,0.24344569,0.11985019,9.335108466578404,4.595745706623215,1.2925534799877791,0.27044025157232704,0.7493188,0.397590361,0.138461538,98.02626180305755,4.021277493295313,97.56183472832272,4.085162562753761,4.5209336792630115,4.22002760747872,-0.03801611065864563,Ryne Stanek,15947,592773
Lucas Sims,CHW,0.0,2.0,0.0,9.0,0.0,10.0,0.2173913,0.15217391,9.000001716614097,6.300001201629867,0.9000001716614097,0.2962962962962963,0.64102564,0.384615384,0.1,94.09358723958333,4.5000008583070485,108.79605099424299,4.667996534776762,4.8007209205628065,5.010616709987376,-0.03883180767297745,Lucas Sims,13470,608371
Jedixson Paez,- - -,1.0,1.0,0.0,5.0,1.0,11.2,0.14035088,0.0877193,6.171429412219104,3.8571433826369397,3.085714706109552,0.325,0.48780488,0.431818181,0.210526315,91.94411692899816,10.800001471383432,256.72857199563305,8.200681398697967,7.472149763302008,5.47397971150829,-0.03933931887149811,Jedixson Paez,29114,699151
Julian Fernandez,WSN,0.0,0.0,0.0,3.0,0.0,4.0,0.16666667,0.11111111,6.75,4.5,2.25,0.16666666666666666,0.55555556,0.25,0.111111111,96.3357166108631,2.25,52.65802168592152,3.802733060178349,6.350720596313477,6.497986032441259,-0.03942576050758362,Julian Fernandez,18341,642759
Jonathan Cannon,CHW,0.0,0.0,1.0,2.0,0.0,3.0,0.22222222,0.27777778,12.0,15.0,0.0,0.4444444444444444,0.66666667,0.333333333,0.0,94.76817737926136,9.0,217.59206048608613,7.747926300459892,5.434053929646811,7.447248262166978,-0.04104176536202431,Jonathan Cannon,31730,686563
Myles Straw,TOR,0.0,0.0,0.0,4.0,0.0,4.0,0.0,0.05,0.0,2.250000536441931,2.250000536441931,0.3888888888888889,0.92105263,0.578947368,0.2,53.65999755859375,4.500001072883862,108.97238019246606,5.846996650856155,7.1007215499880205,5.738090911849216,-0.04169982671737671,Myles Straw,17620,664702
Tony Gonsolin,KCR,0.0,0.0,0.0,1.0,0.0,2.2,0.33333333,0.2,16.87500402331448,10.125002413988689,3.3750008046628963,0.5,0.35714286,0.571428571,0.5,91.91351483319256,16.87500402331448,394.6779241289011,5.868024902508747,7.6007216691973385,3.858142588939546,-0.04227445647120476,Tony Gonsolin,19388,664062
Carlos Duran,KCR,1.0,0.0,0.0,2.0,0.0,1.1,0.11111111,0.33333333,6.750001609325793,20.250004827977378,0.0,0.4,0.6,0.8,0.0,95.63846529447116,13.500003218651585,315.7423393031209,4.76590074644569,8.350721848011315,8.350721848011315,-0.042782120406627655,Carlos Duran,24458,679922
Blas Castano,COL,2.0,0.0,0.0,15.0,0.0,27.1,0.18918919,0.08108108,6.91463495052558,2.9634149787966773,1.3170733239096344,0.30666666666666664,0.80246914,0.443037974,0.142857142,94.52678571428571,3.6219516407514947,76.60267394397404,5.939107410847591,4.673891510983318,4.31817492020762,-0.043046072125434875,Blas Castano,26117,680604
Jake Woodford,- - -,1.0,0.0,1.0,19.0,0.0,27.2,0.18656716,0.05970149,8.132531148357192,2.6024099674743013,1.6265062296714383,0.3958333333333333,0.61363636,0.41,0.161290322,92.76666463216146,7.807229902422904,188.16269514188164,6.196625524258778,4.510359328695389,3.8527725551402314,-0.043117985129356384,Jake Woodford,18674,663765
Grant Holman,PHI,0.0,0.0,0.0,1.0,0.0,0.1,0.0,0.14285714,0.0,27.000028163224034,0.0,0.6666666666666666,0.0,0.333333333,0.0,94.88235294117646,0.0,0.0,16.48655104837891,12.100729984054823,21.160113930069407,-0.04359423369169235,Grant Holman,30002,680880
Logan Allen,CLE,0.0,0.0,0.0,7.0,2.0,16.2,0.19753086,0.07407407,8.640000329589856,3.240000123596196,1.620000061798098,0.37037037037037035,0.63432836,0.49122807,0.136363636,90.95454545454545,5.9400002265930265,143.648992009576,4.21080186958097,4.960720667266848,4.613783043227194,-0.045296311378479004,Logan Allen,27589,671106
Ildemaro Vargas,ARI,0.0,0.0,0.0,3.0,0.0,3.2,0.0,0.17647059,0.0,7.363637640456744,0.0,0.23076923076923078,0.71428571,0.23076923,0.0,67.16956627887228,4.909091760304496,116.69616675326225,6.389123204936601,6.373448436516474,9.255977185169193,-0.04609255492687225,Ildemaro Vargas,13324,545121
Wilkin Ramos,SFG,0.0,0.0,0.0,2.0,0.0,2.0,0.06666667,0.26666667,4.5,18.0,0.0,0.5,0.44444444,0.5,0.0,95.8076923076923,22.5,551.9014101598898,10.545346268319614,8.100720596313476,8.855668471008538,-0.04758940264582634,Wilkin Ramos,23988,678576
Patrick Monteverde,MIA,0.0,0.0,0.0,1.0,0.0,4.0,0.11111111,0.05555556,4.5,2.25,2.25,0.2857142857142857,0.43478261,0.2,0.1,89.9857177734375,9.0,212.10277809005552,3.9643127494368318,6.100720596313477,6.62545996978879,-0.048147935420274734,Patrick Monteverde,29564,687287
Marco Raya,MIN,0.0,0.0,0.0,3.0,0.0,6.0,0.16,0.12,6.0,4.5,1.5,0.23529411764705882,0.90909091,0.444444444,0.166666666,94.58444010416666,3.0,72.01659991157713,5.016519426658564,5.434053929646811,4.777283012370269,-0.051357023417949677,Marco Raya,30166,694397
Luke Little,CHC,0.0,0.0,0.0,1.0,0.0,1.0,0.2,0.0,9.0,0.0,9.0,0.3333333333333333,1.0,0.75,1.0,95.74285888671875,9.0,219.1893090717171,15.847308607996414,14.100720596313476,2.610616345703602,-0.052083708345890045,Luke Little,28036,681432
Cesar Salazar,HOU,0.0,0.0,0.0,1.0,0.0,1.0,0.0,0.0,0.0,0.0,9.0,0.0,1.0,0.25,0.333333333,,9.0,219.43228515451915,0.8458904603538979,16.100720596313476,7.630407844483853,-0.052700962871313095,Cesar Salazar,21587,663967
Pierce Johnson,CIN,2.0,1.0,1.0,56.0,0.0,48.2,0.19905213,0.09004739,7.767125520010667,3.5136996400048255,1.4794524800020317,0.2746478873239437,0.74817518,0.369127516,0.121212121,95.75625128495066,4.623289000006349,108.1359136462844,4.896722227533432,4.682912831871205,4.59359334304415,-0.052826687693595886,Pierce Johnson,13435,572955
Taylor Rashi,- - -,1.0,0.0,0.0,4.0,0.0,5.2,0.19230769,0.11538462,7.94117736156434,4.764706416938604,1.588235472312868,0.29411764705882354,0.52631579,0.444444444,0.142857142,90.09729663745777,7.94117736156434,186.43667101045594,5.625683708767304,5.218367892730634,4.7894155350265715,-0.05658581480383873,Taylor Rashi,26344,688497
Domingo Gonzalez,SEA,0.0,0.0,0.0,5.0,0.0,7.2,0.13888889,0.13888889,5.869565704143831,5.869565704143831,1.1739131408287662,0.32,0.79365079,0.24,0.1,92.867998046875,4.695652563315065,121.0213022766456,10.153415992325538,5.448546877971009,5.722323965096754,-0.056786078959703445,Domingo Gonzalez,25241,682445
Andrew Nardi,MIA,3.0,3.0,0.0,25.0,0.0,22.2,0.27272727,0.11111111,10.720590340225343,4.367647916388102,1.5882356059593101,0.30357142857142855,0.72992701,0.423728813,0.153846153,94.58508503107734,5.161765719367757,121.64720543643506,5.2581813413543195,4.600720890830603,4.038542375338497,-0.057181987911462784,Andrew Nardi,25942,677053
Bobby Miller,LAD,1.0,0.0,0.0,3.0,0.0,7.1,0.24242424,0.12121212,9.818182243788556,4.909091121894278,1.2272727804735695,0.23529411764705882,0.8490566,0.555555555,0.2,97.22448979591837,3.681818341420709,87.98124780352978,6.1928587412660425,5.555266157260616,4.812013226898372,-0.05737686529755592,Bobby Miller,27483,676272
Kolby Allard,CLE,0.0,0.0,0.0,4.0,0.0,8.2,0.2,0.06666667,9.346154531783656,3.1153848439278855,2.076923229285257,0.4666666666666667,0.58139535,0.40625,0.2,89.42333170572917,10.384616146426286,251.1346102584431,6.678859349479204,5.408413073297096,4.1506003841669585,-0.057694725692272186,Kolby Allard,18694,663465
John Klein,- - -,0.0,1.0,0.0,4.0,0.0,8.1,0.2,0.17142857,7.560000288391124,6.480000247192392,1.080000041198732,0.19047619047619047,0.72916667,0.409090909,0.1,94.75441607306985,2.160000082397464,51.8519539143306,4.647053970625104,5.140720674133304,5.39259558300972,-0.05778377503156662,John Klein,32155,804619
Ben Williamson,TBR,0.0,0.0,0.0,5.0,0.0,5.0,0.0,0.04761905,0.0,1.8,1.8,0.21052631578947367,0.86956522,0.25,0.09090909,,3.6,86.25918445051161,6.013854301441775,6.300720596313477,7.022491244971752,-0.05808340385556221,Ben Williamson,33197,810938
Jhonny Pereda,SEA,0.0,0.0,0.0,1.0,0.0,0.1,0.0,0.0,0.0,0.0,27.000028163224034,0.6666666666666666,0.625,0.25,0.5,79.94999694824219,54.00005632644807,1391.7463124710468,5.770990242160943,42.10076127652597,12.160104542328064,-0.058251067996025085,Jhonny Pereda,19802,640902
Peter Strzelecki,STL,1.0,1.0,0.0,8.0,0.0,14.0,0.13114754,0.09836066,5.142857493186508,3.8571431198898805,0.6428571866483135,0.2727272727272727,0.6122449,0.386363636,0.047619047,92.54827249461206,5.785714679834821,140.3695567690639,3.6098505062084607,4.600720698492875,5.93699298503296,-0.058507293462753296,Peter Strzelecki,21367,657265
Garrett Stubbs,PHI,0.0,0.0,0.0,5.0,0.0,4.2,0.0,0.04166667,0.0,1.9285716913184698,1.9285716913184698,0.3333333333333333,0.58139535,0.227272727,0.09090909,70.33333333333333,9.64285845659235,222.6099681385488,11.754256634020926,7.172149722430246,7.945475522778535,-0.05907409265637398,Garrett Stubbs,18067,596117
Edward Cabrera,CHC,5.0,5.0,0.0,18.0,15.0,80.0,0.20285714,0.10285714,7.987500095218421,4.050000048279763,1.8000000214576724,0.29777777777777775,0.63894523,0.434599156,0.197530864,96.30921213250411,5.96250007107854,145.21291899108547,5.395221517331448,5.350720623135567,4.279490056623006,-0.05913058668375015,Edward Cabrera,21690,665795
Pedro Pages,STL,0.0,0.0,0.0,2.0,0.0,2.0,0.0,0.0,0.0,0.0,4.5,0.16666666666666666,1.0,0.428571428,0.333333333,,4.5,109.17631449444742,22.36685109077144,9.600720596313476,5.365564220398665,-0.05916169285774231,Pedro Pages,25782,686780
Jhonathan Diaz,SEA,0.0,0.0,0.0,1.0,0.0,1.1,0.16666667,0.0,6.750001609325793,0.0,6.750001609325793,0.25,1.0,0.4,0.5,,6.750001609325793,173.96814907305352,10.412576510106192,11.350722563267222,3.8655644027516383,-0.05923522263765335,Jhonathan Diaz,20298,646242
Chase Shugart,PHI,2.0,1.0,0.0,46.0,0.0,53.2,0.26457399,0.0896861,9.894411813375687,3.3540379028392158,1.6770189514196079,0.25384615384615383,0.73584906,0.357142857,0.151515151,96.08624877929688,4.024845483407059,92.91546991559294,3.784752601665278,4.665938284305112,4.100468353388788,-0.060341302305459976,Chase Shugart,21544,663767
Brycen Mautz,STL,0.0,1.0,0.0,8.0,1.0,15.1,0.25333333,0.14666667,11.152174837873279,6.456522274558215,1.1739131408287662,0.3902439024390244,0.74468085,0.309523809,0.133333333,93.5017195076778,5.869565704143831,142.4039002803177,5.5574389609463095,4.861590307556626,4.643010044268324,-0.06129150092601776,Brycen Mautz,31910,802408
LaMonte Wade Jr.,HOU,0.0,0.0,0.0,1.0,0.0,1.0,0.0,0.0,0.0,0.0,9.0,0.4,0.625,0.333333333,0.333333333,54.599998474121094,18.0,438.8645703090383,24.545976764606017,16.100720596313476,7.630407844483853,-0.06226825341582298,LaMonte Wade Jr.,18126,664774
Jared Simpson,WSN,1.0,1.0,0.0,4.0,1.0,4.1,0.2,0.35,8.30769297427685,14.538462704984488,0.0,0.1111111111111111,0.375,0.222222222,0.0,94.5756745209565,10.384616217846062,243.03704266636015,8.879624166849597,6.100720837024562,6.797595854196718,-0.06458510830998421,Jared Simpson,33458,688692
Alexander Cornielle,NYY,0.0,0.0,0.0,1.0,0.0,1.0,0.28571429,0.14285714,18.0,9.0,9.0,0.6666666666666666,0.76923077,0.25,0.5,92.94762021019345,18.0,433.9102088644702,25.089794239511644,15.100720596313476,5.120512095093727,-0.06478555500507355,Alexander Cornielle,26489,529017
Felix Bautista,BAL,0.0,0.0,0.0,2.0,0.0,1.2,0.3,0.1,16.20000617981193,5.400002059937309,5.400002059937309,0.6,0.55555556,0.166666666,0.5,,16.20000617981193,398.8283014842776,6.304778110416402,9.10072288513271,3.1125955001115435,-0.06548702716827393,Felix Bautista,20666,642585
Braxton Garrett,- - -,1.0,1.0,0.0,3.0,2.0,9.1,0.14285714,0.2244898,6.7500002299036375,10.607143218420003,0.0,0.36666666666666664,0.65217391,0.5,0.0,91.54864996832771,7.714285977032729,182.56165861466724,6.052982189743208,5.457863533740143,6.91383448452784,-0.0666403379291296,Braxton Garrett,21844,666129
Jonathan Hernandez,LAD,0.0,0.0,0.0,16.0,0.0,25.1,0.20183486,0.11926606,7.8157904544366605,4.618421632167117,1.4210528098975745,0.24285714285714285,0.63380282,0.405405405,0.137931034,97.31126898107394,5.684211239590298,135.83070951974977,4.361500607705262,4.955983987013088,4.631785659449203,-0.06735185533761978,Jonathan Hernandez,17464,642546
Winston Santos,TEX,0.0,0.0,0.0,1.0,0.0,2.0,0.11111111,0.11111111,4.5,4.5,4.5,0.16666666666666666,0.625,0.142857142,0.25,97.69999864366319,9.0,221.2823422858294,6.771979250408204,10.100720596313476,6.620512095093727,-0.067513108253479,Winston Santos,28489,692437
Rolddy Munoz,ATL,0.0,0.0,0.0,1.0,0.0,2.0,0.25,0.08333333,13.5,4.5,4.5,0.5714285714285714,0.65217391,0.625,0.5,96.43332926432292,13.5,321.6061740958075,8.580327128856071,8.100720596313476,3.110616345703602,-0.06827353686094284,Rolddy Munoz,27407,691548
Merrill Kelly,ARI,10.0,14.0,0.0,29.0,29.0,162.0,0.16051136,0.09943182,6.277777777777778,3.888888888888889,1.5555555555555556,0.2822085889570552,0.73207171,0.402750491,0.142857142,92.12044630524862,4.944444444444445,117.53655086604873,6.352383990038464,5.322942818535699,4.902816688168196,-0.06891550868749619,Merrill Kelly,11156,518876
Tanner Rainey,DET,0.0,0.0,0.0,6.0,0.0,7.0,0.19354839,0.25806452,7.714286765273879,10.28571568703184,0.0,0.1875,0.75,0.25,0.0,96.7209708921371,3.8571433826369397,92.26641167611626,4.252064840735439,5.2435780311117774,6.969173408365633,-0.07033450156450272,Tanner Rainey,17610,663432
Cionel Perez,- - -,4.0,3.0,0.0,40.0,2.0,45.1,0.22222222,0.0959596,8.735295281484621,3.7720593260956314,1.3897060675089168,0.3125,0.72953737,0.574626865,0.194444444,96.6987951807229,4.764706517173429,113.95029968462964,5.163616619570004,4.4242501844172075,3.6159319953551474,-0.07055536657571793,Cionel Perez,19614,672335
Luisangel Acuna,CHW,0.0,0.0,0.0,3.0,0.0,2.1,0.0,0.1,0.0,3.8571433826369397,3.8571433826369397,0.125,1.0,0.555555555,0.5,65.19999694824219,3.8571433826369397,93.25375291313821,4.984221073260973,9.957864387668035,5.680631590132849,-0.07176149636507034,Luisangel Acuna,26548,682668
Jared Shuster,STL,0.0,0.0,0.0,5.0,0.0,9.0,0.09090909,0.13636364,4.000000423855297,6.000000635782945,1.0000001059638242,0.30303030303030304,0.44871795,0.5,0.083333333,93.43468989158163,9.000000953674418,218.35265212637447,4.069439500477712,5.6562764226654725,6.2250263710081075,-0.07410877197980881,Jared Shuster,27472,694363
Chadwick Tromp,BAL,0.0,0.0,0.0,1.0,0.0,1.0,0.0,0.16666667,0.0,9.0,9.0,0.5,0.76923077,0.2,0.5,54.70000076293945,18.0,443.1423881592827,7.080653799657358,19.100720596313476,9.120512095093726,-0.07493904232978821,Chadwick Tromp,16953,644433
Jhony Brito,SDP,0.0,0.0,0.0,5.0,0.0,9.0,0.17142857,0.02857143,6.000001271566025,1.0000002119276707,2.0000004238553415,0.19230769230769232,0.96153846,0.428571428,0.142857142,94.62000122070313,3.0000006357830125,74.55097494732792,3.3929750192909607,4.9896098855101885,4.449447603419518,-0.07615072280168533,Jhony Brito,25386,666745
Troy Taylor,SEA,0.0,0.0,0.0,2.0,0.0,3.0,0.13333333,0.13333333,6.0,6.0,3.0,0.3,0.65217391,0.363636363,0.142857142,95.46249389648438,9.0,231.95747679441948,3.8516821795501155,8.100720596313478,7.290477344890435,-0.07680802792310715,Troy Taylor,31883,700187
Leo Rivas,SEA,0.0,0.0,0.0,1.0,0.0,1.0,0.0,0.07692308,0.0,9.0,9.0,0.7272727272727273,0.11627907,0.25,0.166666666,,63.0,1623.702337560936,25.356981964235654,19.100720596313476,15.160095092654227,-0.07854390889406204,Leo Rivas,21009,660844
Austin Peterson,CLE,0.0,1.0,0.0,2.0,0.0,7.0,0.2962963,0.07407407,10.285714285714286,2.5714285714285716,2.5714285714285716,0.13333333333333333,1.0,0.529411764,0.285714285,91.925,2.5714285714285716,62.185708454459665,5.666645615191384,5.386434882027762,3.1820449171321736,-0.07855074852705002,Austin Peterson,31994,804926
Andrew Sears,DET,0.0,1.0,0.0,6.0,3.0,19.0,0.16304348,0.08695652,7.105264227806527,3.789474254830148,1.4210528455613054,0.3387096774193548,0.47169811,0.296875,0.09090909,93.9957043232362,7.105264227806527,169.96444499872166,4.42880678087278,5.469142005582319,6.038961024537025,-0.07932918518781662,Andrew Sears,33664,808825
Joe La Sorsa,BOS,0.0,0.0,0.0,1.0,0.0,0.1,0.5,0.0,27.000028163224034,0.0,27.000028163224034,0.0,1.0,0.0,1.0,93.05000305175781,27.000028163224034,633.605874267476,104.7012933471471,36.10075501803174,1.6304063108265408,-0.08033932000398636,Joe La Sorsa,25481,686747
Tyler Uberstine,BOS,0.0,1.0,0.0,1.0,0.0,2.2,0.18181818,0.09090909,6.750001609325793,3.3750008046628963,3.3750008046628963,0.2857142857142857,1.0,0.125,0.25,92.92999877929688,3.3750008046628963,79.20067055354227,6.377528661686963,7.6007216691973385,4.990564670972604,-0.08114150911569595,Tyler Uberstine,29961,700413
Reiver Sanmartin,SFG,3.0,0.0,0.0,24.0,0.0,21.1,0.17204301,0.07526882,6.750002212823163,2.953125968110134,1.265625414904343,0.2835820895522388,0.68548387,0.637681159,0.23076923,92.16785539899554,4.218751383014476,103.48154832887444,4.0380949250294025,4.4132210265846465,3.5051884511929794,-0.08304541558027267,Reiver Sanmartin,19754,665665
Tanner McDougal,CHW,0.0,0.0,0.0,1.0,0.0,0.1,0.0,0.6,0.0,81.0000844896721,0.0,0.0,0.75,1.0,0.0,98.14500122070312,27.000028163224034,652.7768623575861,24.098110321613373,39.10075814727886,39.10075814727886,-0.08398754149675369,Tanner McDougal,29887,701780
Robby Snelling,MIA,0.0,1.0,0.0,1.0,1.0,5.0,0.09090909,0.18181818,3.6,7.2,1.8,0.26666666666666666,0.78947368,0.428571428,0.2,95.31428745814732,5.4,127.26166685403334,6.1171173996480235,7.300720596313477,6.2106163457036025,-0.08489925414323807,Robby Snelling,31893,702281
Blake Adams,COL,0.0,0.0,0.0,1.0,0.0,1.0,0.0,0.22222222,0.0,18.0,9.0,0.6666666666666666,0.35714286,0.142857142,0.25,92.07856968470982,45.0,951.730080737249,47.20645503772673,22.100720596313476,15.140303593873977,-0.08506545424461365,Blake Adams,31492,687060
Kyle Higashioka,TEX,0.0,0.0,0.0,3.0,0.0,3.0,0.0,0.05555556,0.0,3.0,3.0,0.4666666666666667,0.34883721,0.1875,0.166666666,58.96666463216146,21.0,516.3254653336019,20.580521641495395,9.43405392964681,8.120512095093728,-0.08511658012866974,Kyle Higashioka,5517,543309
John Brebbia,COL,0.0,0.0,0.0,3.0,0.0,4.1,0.0952381,0.0,4.153846458570514,0.0,4.153846458570514,0.29411764705882354,0.47619048,0.315789473,0.2,92.26756492820945,10.384616146426286,219.63003474363614,7.97802569459876,8.17764404567744,5.662018667417165,-0.08604905754327774,John Brebbia,12777,605154
Jacob Waguespack,DET,2.0,2.0,0.0,35.0,1.0,47.0,0.19125683,0.09836066,6.702128611522031,3.44680900021133,1.1489363334037768,0.1557377049180328,0.84699454,0.479674796,0.127659574,92.93656193996416,2.489362055708183,59.547826320589174,3.0924135018937897,4.547529312451566,4.397850572496726,-0.08622005023062229,Jacob Waguespack,18318,621097
Thomas Pannone,MIL,0.0,1.0,0.0,1.0,1.0,3.0,0.14285714,0.14285714,6.0,6.0,3.0,0.2222222222222222,0.55555556,0.4,0.25,90.5,6.0,144.4934110010986,7.3908509886022165,8.100720596313478,5.780581595500311,-0.08659010380506516,Thomas Pannone,17281,623381
Kade Strowd,ARI,0.0,0.0,0.0,2.0,0.0,2.2,0.07142857,0.35714286,3.3750008046628963,16.87500402331448,0.0,0.25,0.85714286,0.142857142,0.0,94.13333129882812,3.3750008046628963,80.2286198595942,13.166870674752564,7.975721758604327,8.541932799620856,-0.08765758574008942,Kade Strowd,26191,669704
Ryan Helsley,BAL,0.0,4.0,8.0,17.0,0.0,15.1,0.30882353,0.13235294,12.326087978702045,5.282609133729448,1.7608697112431495,0.2857142857142857,0.73033708,0.594594594,0.272727272,98.7040618648374,4.108695992900682,101.15207525080463,2.914686176047763,4.665938117418499,3.2056458165337394,-0.08789151161909103,Ryan Helsley,18138,664854
Carter Baumler,TEX,0.0,0.0,0.0,4.0,0.0,5.2,0.22222222,0.22222222,9.529412833877208,9.529412833877208,1.588235472312868,0.23076923076923078,0.9375,0.285714285,0.142857142,94.97435897435898,3.176470944625736,78.09965898107377,5.632239738664441,6.983073973078265,6.5541216153742035,-0.08789481967687607,Carter Baumler,30231,691945
Caleb Ferguson,- - -,1.0,0.0,1.0,35.0,1.0,33.0,0.20666667,0.12666667,8.454548630833834,5.181820128575575,1.363636875940941,0.3368421052631579,0.75510204,0.494949494,0.166666666,92.25101725260417,5.181820128575575,123.10218960019498,4.771317707361145,4.918903097568065,4.321838403005499,-0.08807797729969025,Caleb Ferguson,19349,657571
Wyatt Mills,LAD,0.0,0.0,0.0,6.0,0.0,6.1,0.13888889,0.25,7.1052635145319645,12.789474326157537,0.0,0.25,0.6875,0.368421052,0.0,90.53571428571429,5.684210811625571,135.8306992930446,5.973852224673636,6.7322997259631485,8.401131953790257,-0.0888540968298912,Wyatt Mills,20010,670090
Adam Macko,- - -,2.0,0.0,0.0,30.0,1.0,31.0,0.22068966,0.09655172,9.290325438691859,4.064517379427688,1.451613349795603,0.36666666666666664,0.75510204,0.347826086,0.135135135,94.55478436013927,5.22580805926417,127.19457315519925,5.06297048480697,4.874914690508103,4.580274042686246,-0.08900963515043259,Adam Macko,25590,671936
Erick Fedde,CHW,8.0,9.0,0.0,33.0,15.0,141.0,0.16336634,0.08580858,6.319149278094205,3.319149115766653,1.4680851858198658,0.27102803738317754,0.78009828,0.380846325,0.127777777,94.44482842807112,3.8297874412692154,92.59237117438937,4.788974261068746,5.008522117982771,4.8154812202340995,-0.08961600251495838,Erick Fedde,17425,607200
Chayce McDermott,- - -,1.0,0.0,0.0,5.0,0.0,7.2,0.16666667,0.11111111,7.043478844972598,4.695652563315065,2.3478262816575324,0.25,0.76086957,0.24,0.133333333,95.25312042236328,5.869565704143831,141.8536238376536,4.838597435544385,6.4920252253743564,6.054864698797752,-0.08979267254471779,Chayce McDermott,29866,694646
Lou Trivino,- - -,0.0,0.0,0.0,5.0,0.0,6.0,0.19444444,0.19444444,10.500001668930318,10.500001668930318,1.500000238418617,0.45,0.48192771,0.38095238,0.125,94.51428658621651,15.00000238418617,360.084101506573,4.648667037166419,6.934054538938831,6.780582180398557,-0.09011799627842265,Lou Trivino,15043,642152
Joey Wiemer,WSN,0.0,0.0,0.0,2.0,0.0,2.0,0.0,0.125,0.0,9.0,4.5,0.5,0.58139535,0.153846153,0.142857142,78.20454545454545,22.5,526.5802168592153,11.470192737105183,14.100720596313476,12.885355719178914,-0.0904274582862854,Joey Wiemer,27690,686894
Jonathan Heasley,TBR,0.0,0.0,0.0,1.0,0.0,4.0,0.10526316,0.0,4.5,0.0,4.5,0.4,0.57692308,0.294117647,0.25,91.40400390625,11.25,269.55995140784876,11.890962289770407,8.600720596313476,5.120512095093727,-0.09116600453853607,Jonathan Heasley,22224,669169
Carson Kelly,CHC,0.0,0.0,0.0,3.0,0.0,3.0,0.0,0.0,0.0,0.0,6.0,0.18181818181818182,1.0,0.307692307,0.25,64.82069133890086,6.0,146.12620604781142,9.923467395400836,11.767387262980144,7.1271092613538105,-0.09162706136703491,Carson Kelly,13620,608348
Craig Yoho,- - -,2.0,1.0,0.0,34.0,0.0,38.1,0.25,0.1097561,9.626088233760434,4.226087517260678,1.4086958390868927,0.23958333333333334,0.69711538,0.383838383,0.15,94.25728155339806,4.9304354368041245,119.06820353197199,4.286603348782005,4.639851235315822,4.180611956353907,-0.09217794425785542,Craig Yoho,33248,684974
Manuel Rodriguez,TBR,0.0,0.0,0.0,6.0,0.0,6.2,0.28571429,0.22857143,13.50000128746045,10.80000102996836,1.350000128746045,0.3333333333333333,0.88235294,0.533333333,0.333333333,95.59999778053977,2.70000025749209,64.69439450762195,5.347573042276994,6.1007208824158,4.8301738484725485,-0.09221553802490234,Manuel Rodriguez,20794,655889
Adam Frazier,LAA,0.0,0.0,0.0,3.0,0.0,2.0,0.0,0.14285714,0.0,9.000004827978817,4.500002413989408,0.5454545454545454,0.65789474,0.333333333,0.25,72.58846341646634,18.000009655957633,436.98629309684964,10.881060937834329,12.60072569251334,9.120515324363264,-0.09258553385734558,Adam Frazier,15223,624428
Brody Hopkins,TBR,0.0,0.0,0.0,6.0,0.0,5.1,0.29166667,0.25,11.812500704079909,10.125000603497064,1.687500100582844,0.1,0.75757576,0.363636363,0.25,99.9228087308114,5.062500301748532,121.3019853636937,3.028538674910496,6.2882207863032935,4.983142520557161,-0.0928931012749672,Brody Hopkins,33903,811315
Jason Alexander,HOU,1.0,1.0,0.0,4.0,2.0,18.1,0.16666667,0.0952381,6.872727391897157,3.9272727953698037,1.9636363976849018,0.2982456140350877,0.45081967,0.459016393,0.181818181,91.53478473165761,9.327272889003284,227.41164492153158,4.726608619652675,5.882538826367088,4.858050071507446,-0.09571366757154465,Jason Alexander,19666,669920
Zak Kent,- - -,0.0,0.0,0.0,11.0,0.0,16.1,0.15584416,0.1038961,6.612245412728868,4.4081636084859115,1.653061353182217,0.2962962962962963,0.61403509,0.368421052,0.111111111,92.84285755317752,5.510204510607389,129.62182397397697,5.2819901002954,5.488475884243346,5.596670906964395,-0.09572780877351761,Zak Kent,25703,687849
Jorbit Vivas,WSN,0.0,0.0,0.0,4.0,0.0,4.0,0.0,0.03703704,0.0,2.250000536441931,2.250000536441931,0.45454545454545453,0.58823529,0.347826086,0.09090909,,13.500003218651585,315.94820544345134,14.891973550813757,9.35072208642995,10.252935612357263,-0.09753771871328354,Jorbit Vivas,23917,678391
Beck Way,KCR,1.0,1.0,0.0,19.0,1.0,23.1,0.2,0.0952381,8.100001103537574,3.8571433826369397,1.542857353054776,0.3333333333333333,0.77160494,0.520547945,0.222222222,97.44727616743607,3.8571433826369397,90.21208772593045,5.003958765145756,4.943577990240015,3.8797831376961356,-0.09838171117007732,Beck Way,27877,694360
James McCann,ARI,0.0,0.0,0.0,4.0,0.0,4.0,0.0,0.13043478,0.0,6.75,2.25,0.42105263157894735,0.56603774,0.55,0.166666666,65.0,11.25,267.42866910533553,29.05249453593812,8.600720596313476,7.615564220398665,-0.09865978360176086,James McCann,12859,543510
Nick Lodolo,CIN,3.0,6.0,0.0,21.0,21.0,108.2,0.17078189,0.09465021,6.874233289712386,3.8098160400815635,1.6564417565572014,0.296875,0.78666667,0.415430267,0.17094017,93.75508337332053,4.969325269671605,116.22949122167563,6.470833848415923,5.705015135789521,4.938062381754396,-0.10004764795303345,Nick Lodolo,26378,666157
Sammy Peralta,- - -,0.0,1.0,0.0,16.0,1.0,23.0,0.20535714,0.08035714,9.000002262385564,3.52174001571609,1.5652177847627067,0.4166666666666667,0.70048309,0.364864864,0.153846153,88.36271512306342,6.652175585241504,157.8235378989929,5.984401265472783,5.05724282726686,4.5032117960029225,-0.10052180849015713,Sammy Peralta,25589,671111
Yerry De Los Santos,NYY,1.0,0.0,0.0,16.0,0.0,22.0,0.18085106,0.08510638,6.95454666043137,3.2727278402029976,1.6363639201014988,0.24615384615384617,0.84821429,0.447761194,0.148148148,94.83695652173913,2.0454549001268734,49.30798682982808,4.76592279323502,5.009811836431892,4.499229258514411,-0.10164610296487808,Yerry De Los Santos,21420,660787
J.P. France,HOU,0.0,0.0,0.0,3.0,0.0,6.2,0.12903226,0.16129032,5.40000051498418,6.750000643730225,1.350000128746045,0.25,0.56603774,0.476190476,0.111111111,92.33461350661058,8.10000077247627,197.48907547309315,8.28882879653389,6.550720925331148,6.639080195434413,-0.10191285610198975,J.P. France,21212,641585
Sean Sullivan,COL,0.0,3.0,0.0,5.0,5.0,22.1,0.14035088,0.09649123,6.447761561138185,4.432836073282502,2.014925487855683,0.3670886075949367,0.63414634,0.192771084,0.1,87.63227513227513,8.865672146565004,187.50504150756194,4.824412862615451,6.458929742739615,6.928845626338206,-0.10291854292154312,Sean Sullivan,33502,807743
Hancel Rincon,STL,0.0,0.0,0.0,3.0,0.0,2.1,0.21428571,0.07142857,11.571430147910819,3.8571433826369397,3.8571433826369397,0.5,0.0,0.333333333,0.5,95.80909312855114,27.00000367845858,655.0579762112513,12.646083183703274,8.672149926789057,4.394917129253869,-0.10377204418182373,Hancel Rincon,27144,684516
Jose Quintana,COL,2.0,3.0,0.0,11.0,11.0,48.0,0.11792453,0.09433962,4.687500372529059,3.7500002980232474,1.8750001490116237,0.2692307692307692,0.69491525,0.331288343,0.12345679,89.6835514745671,5.437500432133709,115.0007272285209,5.581223291705745,6.079887499743057,5.919503230759363,-0.10444546490907669,Jose Quintana,11423,500779
Ben Casparius,LAD,0.0,1.0,0.0,5.0,0.0,4.2,0.17391304,0.17391304,7.714286765273879,7.714286765273879,1.9285716913184698,0.35714285714285715,0.58139535,0.266666666,0.142857142,95.77072813452745,9.64285845659235,230.42709898512925,6.6690077072816,6.743578235470586,6.2227075028784835,-0.10469231754541397,Ben Casparius,30085,676508
Ryan Borucki,SFG,1.0,1.0,0.0,21.0,0.0,23.2,0.14423077,0.08653846,5.704226424783652,3.4225358548701914,1.1408452849567305,0.32,0.71005917,0.448717948,0.103448275,,4.943662901479165,121.26286785251037,4.053156402136298,4.875368817357279,5.077635477885337,-0.10500066727399826,Ryan Borucki,16350,621366
Elieser Hernandez,ATL,2.0,0.0,1.0,5.0,0.0,12.0,0.24528302,0.11320755,9.75,4.5,2.25,0.23333333333333334,1.0,0.333333333,0.176470588,92.20987654320987,2.25,53.6010290159679,2.772477738139626,5.934053929646811,4.823072907949488,-0.10789848119020462,Elieser Hernandez,16933,622694
Max Lazar,PHI,0.0,0.0,0.0,8.0,0.0,10.0,0.17777778,0.06666667,7.2000006866455735,2.70000025749209,2.70000025749209,0.2903225806451613,0.74074074,0.558823529,0.272727272,94.74590163934427,6.300000600814877,145.43850657285716,3.4154819559598217,6.300720901489287,4.061606012279789,-0.10932467877864838,Max Lazar,23426,676661
CJ Van Eyk,TOR,0.0,2.0,0.0,5.0,1.0,11.2,0.05454545,0.03636364,2.314285840404284,1.5428572269361893,1.5428572269361893,0.2826086956521739,0.67901235,0.4375,0.1,93.52820763221153,5.400000294276662,130.76683217993804,7.090776347062855,5.84357788864448,6.203399192921971,-0.10967572033405304,CJ Van Eyk,27568,669310
Andrew Wantz,- - -,0.0,0.0,0.0,2.0,0.0,3.2,0.05,0.15,2.454545880152248,7.363637640456744,2.454545880152248,0.3076923076923077,0.46511628,0.214285714,0.142857142,94.30357142857143,14.727275280913489,353.8443653649003,10.8033941090139,10.191630916753304,9.52870450518611,-0.1098882146179676,Andrew Wantz,24933,681806
Yilber Diaz,- - -,0.0,0.0,0.0,5.0,0.0,6.0,0.17647059,0.14705882,9.000002950430884,7.5000024586924035,3.000000983476961,0.47619047619047616,0.42253521,0.217391304,0.181818181,97.02941176470588,16.500005409123286,393.12572976179405,11.568005249752307,7.93405551413747,6.368863874909562,-0.11118972674012184,Yilber Diaz,29271,700270
PJ Poulin,WSN,3.0,0.0,3.0,35.0,11.0,36.2,0.16339869,0.1372549,6.136365019585787,5.154546616452062,0.9818184031337259,0.22549019607843138,0.85253456,0.46226415,0.093023255,90.13386398396165,2.7000006086177466,63.18964026693093,5.431201491866076,4.955266468899403,5.307780654463976,-0.11222352087497711,PJ Poulin,23394,676571
Gavin Collyer,TEX,1.0,1.0,0.0,24.0,0.0,25.0,0.20353982,0.16814159,8.280001263427927,6.840001043701331,0.720000109863298,0.23809523809523808,0.66326531,0.338461538,0.064516129,97.28346456692914,5.400000823974735,132.76942563050423,4.585994146399273,5.300720932006888,6.132991788245097,-0.11592802405357361,Gavin Collyer,26349,686560
Nick Raquet,BAL,0.0,0.0,0.0,4.0,0.0,3.2,0.05882353,0.11764706,2.454545880152248,4.909091760304496,2.454545880152248,0.16666666666666666,0.65217391,0.23076923,0.142857142,,7.363637640456744,181.28555386286592,8.091621405452619,8.555266996651806,7.89234058508461,-0.11719468235969543,Nick Raquet,20333,675919
Justin Verlander,DET,0.0,1.0,0.0,2.0,2.0,9.0,0.17948718,0.07692308,7.000000741746769,3.0000003178914727,3.0000003178914727,0.3076923076923077,0.71428571,0.172413793,0.1875,92.88872689260563,7.000000741746769,167.44644575011378,6.529036915371933,6.878498774399034,5.22942437635038,-0.1179489940404892,Justin Verlander,8700,434378
Brandon Leibrandt,CIN,0.0,0.0,0.0,1.0,0.0,6.0,0.1,0.1,4.5,4.5,3.0,0.36363636363636365,0.78431373,0.304347826,0.153846153,87.8913043478261,7.5,175.4204317199334,9.192871184158225,7.93405392964681,6.872161386658749,-0.11832745373249054,Brandon Leibrandt,16135,605335
Michael Grove,TBR,1.0,0.0,0.0,3.0,0.0,7.0,0.21428571,0.0,7.714285714285714,0.0,3.857142857142857,0.21052631578947367,0.71428571,0.272727272,0.272727272,94.1624984741211,5.142857142857143,123.22740635787375,8.45359548381872,6.9578634534563335,3.7591282024979593,-0.11836596578359604,Michael Grove,23221,675627
Alek Manoah,LAA,0.0,0.0,0.0,3.0,0.0,7.1,0.12820513,0.20512821,6.136363902367847,9.818182243788556,1.2272727804735695,0.28,0.47945205,0.346153846,0.076923076,88.72105648643092,9.818182243788556,238.3560423392569,6.416879076619787,6.782538937734186,7.686445078109047,-0.11870748549699783,Alek Manoah,26410,666201
Jefry Yan,NYM,2.0,1.0,0.0,18.0,1.0,20.1,0.27083333,0.15625,11.508200679535395,6.639346545885806,1.3278693091771612,0.3333333333333333,0.75471698,0.509433962,0.166666666,97.16841848273026,4.868854133649591,118.55007624532709,4.35104142753004,4.822032663765352,4.2406287009575845,-0.11924197291955352,Jefry Yan,27902,642376
Luis Torrens,NYM,0.0,0.0,0.0,2.0,0.0,2.1,0.0,0.0,0.0,0.0,7.714286765273879,0.2222222222222222,1.0,0.454545454,0.666666666,45.70000076293945,7.714286765273879,187.83254932224148,5.681322787614539,14.243579257264635,5.042015395724065,-0.12022519111633301,Luis Torrens,15905,620443
Weston Wilson,- - -,0.0,0.0,0.0,4.0,0.0,3.1,0.0,0.0,0.0,0.0,5.40000051498418,0.47368421052631576,0.48780488,0.238095238,0.2,67.81333414713542,18.90000180244463,474.6472072764322,10.987501458341107,10.900721340179516,7.630408276468533,-0.12027300521731377,Weston Wilson,19358,642215
Rodolfo Duran,SDP,0.0,0.0,0.0,2.0,0.0,3.0,0.0,0.05263158,0.0,3.0,6.0,0.4375,0.13888889,0.277777777,0.2,74.06856863839286,27.0,670.9586323312511,4.701273570997608,12.767387262980144,9.133706427613895,-0.12032420933246613,Rodolfo Duran,20958,660710
Joel Payamps,ATL,0.0,2.0,0.0,12.0,0.0,7.2,0.25,0.11111111,10.565219581690991,4.695653147418218,2.347826573709109,0.3333333333333333,0.39215686,0.217391304,0.153846153,93.90983606557377,8.217393007981883,195.76032046953276,6.3417478882382206,5.709416789323598,4.87837027903996,-0.1206439658999443,Joel Payamps,14332,606303
Tommy Kahnle,BOS,0.0,0.0,0.0,8.0,0.0,9.0,0.11627907,0.13953488,5.0,6.0,2.0,0.3333333333333333,0.65789474,0.387096774,0.166666666,93.64117072610294,8.0,187.73487803408807,6.488813776469462,6.878498374091254,6.0028038177225325,-0.12117790430784225,Tommy Kahnle,11384,592454
Peyton Pallette,CLE,1.0,2.0,0.0,16.0,0.0,20.2,0.22680412,0.16494845,9.580645456026307,6.9677421498373135,0.8709677687296642,0.2777777777777778,0.69277108,0.357142857,0.1,95.36969866071429,5.225806612377985,126.3774113920597,5.534546792112707,4.987817428561082,5.1909423535745916,-0.12179314345121384,Peyton Pallette,31865,688883
Michael Kelly,ATH,0.0,0.0,0.0,5.0,0.0,5.0,0.1875,0.1875,10.800002059936917,10.800002059936917,1.8000003433228193,0.5789473684210527,0.54216867,0.25,0.166666666,95.87037037037037,16.200003089905376,361.26476580586575,9.12206261451966,6.900721321106095,6.112596070051284,-0.12241850048303604,Michael Kelly,12791,547184
Javier Sanoja,MIA,0.0,0.0,0.0,5.0,0.0,4.2,0.03703704,0.03703704,1.9285716913184698,1.9285716913184698,3.8571433826369397,0.4090909090909091,0.58823529,0.208333333,0.125,60.17123287671233,13.50000183922929,318.15421048015463,10.849131965798533,9.529292900708377,9.134649701994366,-0.12286461144685745,Javier Sanoja,28253,691594
Johan Oviedo,BOS,0.0,0.0,0.0,1.0,0.0,3.2,0.16666667,0.05555556,7.363637640456744,2.454545880152248,4.909091760304496,0.36363636363636365,0.76923077,0.461538461,0.333333333,93.04,9.818183520608992,230.40193571972787,12.200723049361242,10.191630916753304,5.571459523730092,-0.12344657629728317,Johan Oviedo,22487,670912
Jared Koenig,MIL,0.0,0.0,0.0,9.0,0.0,7.0,0.17073171,0.17073171,9.000002452306052,9.000002452306052,1.285714636043722,0.44,0.59139785,0.5,0.111111111,95.94999694824219,9.000002452306052,216.74017555865893,4.884037914803834,6.3864357773141,6.470587478030922,-0.12502430379390717,Jared Koenig,27517,657649
TJ Shook,COL,0.0,0.0,0.0,5.0,0.0,7.2,0.19444444,0.05555556,8.217391985801363,2.3478262816575324,3.521739422486299,0.375,0.71428571,0.259259259,0.23076923,92.49322199417372,8.217391985801363,173.79420306880783,4.5937219751724845,7.14419919250145,4.617500471063169,-0.12526097893714905,TJ Shook,27567,669298
Gavin Hollowell,CHC,0.0,0.0,1.0,15.0,0.0,14.2,0.203125,0.140625,7.97727514791168,5.52272894855424,1.22727309967872,0.23076923076923078,0.87912088,0.175,0.083333333,94.42717179008152,2.45454619935744,59.77892061352962,5.652930861861633,5.146175762444677,5.844187200525294,-0.12606170773506165,Gavin Hollowell,25427,668970
Tyler Heineman,- - -,0.0,0.0,0.0,5.0,0.0,5.1,0.0,0.03846154,0.0,1.687500100582844,3.375000201165688,0.30434782608695654,0.55555556,0.32,0.222222222,55.76153799203726,10.125000603497064,245.290621768053,7.533514278652904,8.538220920413753,6.211169858806537,-0.12667830660939217,Tyler Heineman,13897,623168
Cole Irvin,LAD,0.0,1.0,0.0,1.0,0.0,6.0,0.16666667,0.1,7.5,4.5,1.5,0.35,0.56603774,0.45,0.166666666,90.78095354352679,9.0,215.06526308579984,6.869376037563216,5.600720596313478,4.943949679036936,-0.12719012796878815,Cole Irvin,19244,608344
Jayden Murray,- - -,0.0,0.0,0.0,10.0,0.0,16.1,0.17721519,0.11392405,7.714285864426863,4.959183769988698,1.6530612566628993,0.41509433962264153,0.5704698,0.267857142,0.103448275,95.34938633294753,9.367347121089763,228.2994528798646,5.784648783614957,5.427251253839039,5.720331467644018,-0.12771406583487988,Jayden Murray,26482,681151
Brandon Williamson,CIN,5.0,5.0,0.0,12.0,9.0,52.2,0.15584416,0.12987013,6.15189891983886,5.126582433199051,1.537974729959715,0.25,0.6871345,0.396226415,0.128571428,92.80061499472777,5.297468514305685,123.90456184030097,6.002857339541649,5.8918599210551825,5.677164391613273,-0.12904852628707886,Brandon Williamson,25463,682227
Jose Trevino,CIN,0.0,0.0,0.0,7.0,0.0,9.0,0.06122449,0.02040816,3.0,1.0,3.0,0.4634146341463415,0.45454545,0.318181818,0.1875,52.877777099609375,15.0,350.8408634398668,9.629067275854736,7.43405392964681,5.784979706340366,-0.1304350346326828,Jose Trevino,16725,624431
Miguel Rojas,LAD,0.0,0.0,0.0,4.0,0.0,4.0,0.0,0.04347826,0.0,2.25,4.5,0.3684210526315789,0.6097561,0.428571428,0.285714285,60.19000244140625,13.5,322.5978946286998,9.27893941342616,11.100720596313476,7.243038157746196,-0.1305101066827774,Miguel Rojas,7802,500743
Danny Coulombe,BOS,0.0,2.0,0.0,29.0,0.0,22.0,0.10416667,0.15625,4.090910509598649,6.136365764397973,0.40909105095986487,0.2463768115942029,0.70552147,0.420289855,0.038461538,89.7897448417468,4.5000015605585135,105.60090551558231,4.363795758732607,4.96435760624175,6.157871178511257,-0.1315527856349945,Danny Coulombe,13293,543056
Cody Laweryson,MIN,1.0,0.0,1.0,15.0,0.0,16.2,0.23076923,0.1025641,9.720001483154523,4.320000659179788,1.6200002471924206,0.2553191489361702,0.625,0.4,0.166666666,92.58620689655173,4.860000741577261,116.6669096587126,4.637776509066778,5.080720898437546,4.371408199546353,-0.1342577338218689,Cody Laweryson,26429,689520
Josh White,MIA,0.0,0.0,0.0,1.0,0.0,0.2,0.125,0.5,13.500014081612017,54.00005632644807,13.500014081612017,0.0,0.2173913,0.0,0.5,94.38636363636364,67.50007040806008,1590.772494980433,45.6364400149537,42.10076127652597,27.130432909427014,-0.13426047563552856,Josh White,31738,687985
Javier Assad,CHC,6.0,2.0,2.0,28.0,11.0,94.1,0.16666667,0.07142857,6.0106010307932625,2.5759718703399694,1.5265018490903524,0.241635687732342,0.81264108,0.460992907,0.155339805,93.51052631578948,3.625441891589587,88.29534481079786,4.476162142961913,4.92404224939362,4.367709309720764,-0.13579244911670685,Javier Assad,21741,665871
Joey Estes,ATH,0.0,0.0,0.0,2.0,1.0,7.1,0.14705882,0.05882353,6.136363902367847,2.454545560947139,4.909091121894278,0.34782608695652173,0.5952381,0.148148148,0.285714285,93.29301984920058,11.045455024262125,246.316849473057,7.132687692362942,9.646175425505849,5.437794401004046,-0.13819731213152409,Joey Estes,26257,683155
Alex Jackson,MIN,0.0,0.0,0.0,2.0,0.0,2.0,0.0,0.1,0.0,4.5,9.0,0.14285714285714285,0.83333333,0.333333333,0.333333333,75.5,13.5,324.0746996020971,1.9331874486560938,17.600720596313476,9.130407844483852,-0.1382971853017807,Alex Jackson,17276,656577
Zac Gallen,ARI,3.0,9.0,0.0,22.0,20.0,105.1,0.13559322,0.07415254,5.46835469443187,2.9905064735174287,1.6234177999094612,0.31142857142857144,0.63390313,0.433242506,0.141791044,93.35821367717055,6.066455989135355,144.20837789871646,6.616988458034343,5.341227033615423,4.917107048752364,-0.1410420648753643,Zac Gallen,19291,668678
Woo Suk Go,MIN,0.0,0.0,0.0,4.0,0.0,4.0,0.22727273,0.09090909,11.25,4.5,4.5,0.46153846153846156,0.83333333,0.466666666,0.4,94.47353228400735,9.0,216.0497997347314,6.715877010333698,8.600720596313476,3.9880902830511333,-0.14359837770462036,Woo Suk Go,33827,808970
Zach McKinstry,DET,0.0,0.0,0.0,2.0,0.0,2.0,0.0,0.33333333,0.0,22.5,4.5,0.25,0.65789474,0.333333333,0.2,47.29091205018939,18.0,430.5765291604712,10.23830269482572,18.600720596313476,15.875459969788789,-0.14421850442886353,Zach McKinstry,19392,656716
Andruw Monasterio,BOS,0.0,0.0,0.0,1.0,0.0,0.2,0.0,0.375,0.0,40.50004224483605,27.000028163224034,0.3333333333333333,0.3125,0.0,0.5,,67.50007040806008,1584.0146856686897,24.921345498634317,55.60077535813799,25.66011862394008,-0.15086884796619415,Andruw Monasterio,19455,655316
Tanner Houck,BOS,0.0,1.0,0.0,1.0,1.0,3.0,0.07692308,0.0,3.0,0.0,6.0,0.2,0.83333333,0.583333333,0.5,93.27272727272727,9.0,211.2017377883491,11.0893511783287,11.100720596313478,4.447248262166978,-0.15288664400577545,Tanner Houck,19879,656557
Josh Fleming,TOR,0.0,0.0,0.0,1.0,0.0,3.0,0.05555556,0.11111111,3.0,6.0,3.0,0.38461538461538464,0.65789474,0.642857142,0.25,,12.0,290.5929445638027,11.247030612414315,9.767387262980144,7.447248262166978,-0.15351326763629913,Josh Fleming,20418,676596
Christian Roa,HOU,0.0,1.0,0.0,7.0,0.0,8.2,0.13953488,0.1627907,6.230771059115794,7.269232902301759,1.0384618431859656,0.34615384615384615,0.80645161,0.333333333,0.076923076,96.01555989583333,5.1923092159298285,126.59558627559464,8.054960521248603,6.677644722842913,7.442488571362543,-0.15704692900180817,Christian Roa,27662,685005
Yunior Marte,SFG,0.0,2.0,0.0,5.0,3.0,24.1,0.14563107,0.09708738,5.547945495393596,3.6986303302623975,1.8493151651311988,0.2602739726027397,0.81481481,0.402597402,0.166666666,93.0005916819853,4.438356396314877,108.86822906303766,5.686450099069317,5.771953612614096,4.96223600105634,-0.15848684310913086,Yunior Marte,31097,805074
Easton McGee,- - -,0.0,0.0,0.0,9.0,0.0,11.1,0.17307692,0.09615385,7.147059023999018,3.9705883466661214,2.3823530079996726,0.4,0.73033708,0.342105263,0.1875,92.33684660259046,7.147059023999018,167.15767387797172,5.688504882897574,6.277191273646373,4.967632294876763,-0.15930063091218472,Easton McGee,22176,668834
Angel Zerpa,MIL,0.0,2.0,2.0,12.0,0.0,12.2,0.14545455,0.10909091,5.68421166755509,4.263158750666317,1.4210529168887724,0.358974358974359,0.57291667,0.575,0.222222222,95.39091352982955,6.394738125999476,153.99958738073954,7.562671070920645,5.311247355918233,4.331436244291072,-0.1612829864025116,Angel Zerpa,22717,672582
Tom Cosgrove,WSN,1.0,2.0,1.0,18.0,0.0,16.1,0.18918919,0.08108108,7.714289017392341,3.3061238645967177,1.6530619322983588,0.30612244897959184,0.4587156,0.31372549,0.111111111,88.58800130208333,7.714289017392341,180.5418659419165,4.345535892075255,5.2435786567002385,5.3517737173251945,-0.16344916820526123,Tom Cosgrove,23443,676680
Hunter Harvey,CHC,0.0,1.0,0.0,4.0,0.0,4.0,0.22222222,0.05555556,9.000002145767724,2.250000536441931,4.500001072883862,0.2727272727272727,0.9375,0.461538461,0.333333333,96.73684210526316,6.750001609325793,164.3920209978999,5.128516050486892,8.350721848011315,4.115564462356297,-0.1640835702419281,Hunter Harvey,15507,640451
Carlos Carrasco,ATL,0.0,0.0,0.0,8.0,0.0,16.2,0.09589041,0.04109589,3.7800005767823146,1.6200002471924206,1.6200002471924206,0.3103448275862069,0.68807339,0.413793103,0.176470588,91.76129347278226,5.940000906372209,141.50673819436997,8.90081092471588,5.50072096252447,4.700814504846359,-0.16491283476352692,Carlos Carrasco,6632,471911
Jose Cabrera,ARI,0.0,4.0,0.0,8.0,5.0,28.1,0.15503876,0.08527132,6.352941247748669,3.494117686261768,1.9058823743246007,0.29213483146067415,0.74468085,0.418604651,0.15,93.9691650390625,5.717647122973802,135.9166898231853,5.200867118841962,5.92425003975733,5.302926384866443,-0.1661067552631721,Jose Cabrera,30412,703615
Joe Ross,- - -,0.0,1.0,0.0,8.0,0.0,11.2,0.12280702,0.10526316,5.400000735691716,4.628572059164328,2.314286029582164,0.3170731707317073,0.50561798,0.431818181,0.166666666,95.23658715224848,9.257144118328656,222.57198901595262,6.930884237735671,6.786435384166553,5.773131545173911,-0.17053121700882912,Joe Ross,12972,605452
Trey Gibson,BAL,2.0,3.0,0.0,9.0,8.0,39.2,0.2,0.14594595,8.394958521415552,6.126050812924862,1.5882353959434827,0.3008849557522124,0.70945946,0.533333333,0.24137931,95.42317876752638,6.126050812924862,150.81737706803546,6.1203056061674275,5.646939246953028,4.4566948865840965,-0.17104430496692657,Trey Gibson,33794,694346
Yovanny Cruz,- - -,0.0,2.0,1.0,17.0,0.0,16.0,0.21428571,0.12857143,8.43750201165724,5.0625012069943445,1.1250002682209654,0.3333333333333333,0.74380165,0.34090909,0.117647058,99.8125,5.0625012069943445,118.87576574104891,5.376719782429865,4.9132210284472535,4.892485257230469,-0.1713976413011551,Yovanny Cruz,22622,672442
Nick Davila,SEA,0.0,0.0,1.0,24.0,0.0,27.1,0.1092437,0.1092437,4.280488302706312,4.280488302706312,0.6585366619548172,0.25287356321839083,0.62827225,0.505617977,0.071428571,94.75417073567708,4.939024964661129,127.29375206971578,4.988937804243462,4.966574471852126,5.562077503900053,-0.17395544052124023,Nick Davila,27741,689546
Kyle Nicolas,CIN,1.0,0.0,0.0,7.0,0.0,7.1,0.16666667,0.30952381,8.590910580532869,15.954548220989613,1.227272940076124,0.3333333333333333,0.71428571,0.227272727,0.09090909,96.80208333333333,8.590910580532869,200.93616572058926,9.044792986461282,8.28253967663489,8.774656113323497,-0.17645935714244843,Kyle Nicolas,27775,693312
Yaramil Hiraldo,BAL,1.0,0.0,0.0,8.0,0.0,9.1,0.27083333,0.20833333,12.535717274462186,9.64285944189399,1.928571888378798,0.3181818181818182,0.63953488,0.166666666,0.125,95.74418604651163,8.67857349770459,213.65798808825951,4.248873359194237,6.6364357250079395,6.439114105488729,-0.17707476019859314,Yaramil Hiraldo,25215,682274
Jose Butto,SFG,0.0,0.0,0.0,3.0,0.0,2.0,0.3125,0.25,22.500012069947044,18.000009655957633,9.000004827978817,0.8,0.69444444,0.142857142,0.5,94.1187515258789,22.500012069947044,551.9017062230362,13.004662536619502,17.100728106502746,7.120514251479083,-0.17713037133216858,Jose Butto,23313,676130
Ben Peoples,TEX,0.0,1.0,0.0,16.0,0.0,16.1,0.14705882,0.11764706,5.510204510607389,4.4081636084859115,1.653061353182217,0.2391304347826087,0.95744681,0.448979591,0.142857142,96.0,2.7551022553036946,67.73949781006363,3.924246039757088,5.917047346179476,5.470586744311432,-0.1780577301979065,Ben Peoples,26406,687239
Bennett Sousa,HOU,1.0,3.0,0.0,35.0,1.0,30.0,0.22695035,0.12765957,9.600003070832281,5.400001727343158,1.500000479817544,0.36046511627906974,0.68085106,0.311111111,0.113636363,94.0046123798077,6.000001919270176,146.28823689743948,4.135352150244728,4.934054516090475,4.981901630501243,-0.17972083017230034,Bennett Sousa,21345,656986
Caleb Thielbar,CHC,3.0,4.0,3.0,58.0,0.0,50.0,0.28301887,0.08490566,10.800003295899444,3.240000988769833,1.9800006042482312,0.29508196721311475,0.71146245,0.305343511,0.164179104,93.30484730113636,4.86000148315475,118.36226302002333,4.578908470383855,4.700721084594876,3.8639811334248755,-0.18001262843608856,Caleb Thielbar,10078,573204
DJ Herz,WSN,0.0,1.0,0.0,2.0,2.0,7.0,0.17142857,0.08571429,7.714285714285714,3.857142857142857,3.857142857142857,0.34782608695652173,0.6122449,0.346153846,0.25,92.85806766633064,10.285714285714286,240.722384849927,11.803874751195854,8.24357773917062,5.260541880982263,-0.1802806556224823,DJ Herz,26389,687792
Carson Spiers,CIN,0.0,0.0,0.0,2.0,0.0,6.0,0.25,0.0,9.0,0.0,6.0,0.14285714285714285,1.0,0.444444444,0.5,91.95,7.5,175.4204317199334,9.13856893445869,9.767387262980144,3.113914928833644,-0.18098460137844086,Carson Spiers,27685,686730
Jason Adam,SDP,2.0,2.0,2.0,38.0,0.0,34.1,0.15492958,0.07042254,5.766991145604868,2.6213596116385762,1.3106798058192881,0.24509803921568626,0.91666667,0.46226415,0.116279069,93.45522388059702,2.6213596116385762,65.1416244397555,3.774309518563914,4.848293670739194,4.846124269168551,-0.18341942131519318,Jason Adam,11861,592094
Ethan Roberts,CHC,0.0,2.0,0.0,23.0,0.0,25.2,0.15454545,0.12727273,5.961040437634069,4.909092125110409,1.0519483125236593,0.2602739726027397,0.7183908,0.486842105,0.115384615,,4.207793250094637,102.47814391165318,5.042630500037466,5.282539318584771,5.292563586683829,-0.18371383845806122,Ethan Roberts,24930,681799
Bradley Blalock,MIA,0.0,0.0,0.0,4.0,0.0,11.1,0.25,0.08333333,9.52941203199869,3.176470677332897,3.176470677332897,0.25,0.85106383,0.5,0.285714285,95.86666304976852,5.55882368533257,131.0046607302043,4.985684451099229,6.6301324600166955,3.907062427000911,-0.18488027155399323,Bradley Blalock,26419,687134
Tanner Banks,PHI,0.0,4.0,0.0,32.0,1.0,36.1,0.21590909,0.08522727,9.412845354391026,3.71559685041751,1.9816516535560054,0.38596491228070173,0.68661972,0.33898305,0.150943396,91.97162990705341,6.192661417362516,142.9605305332927,4.196559357851174,5.192464008400371,4.532587073392178,-0.18493867758661509,Tanner Banks,16990,621383
Andrew Hoffmann,ARI,1.0,0.0,0.0,8.0,0.0,11.2,0.20338983,0.13559322,9.257144118328656,6.171429412219104,2.314286029582164,0.37142857142857144,0.625,0.314285714,0.2,94.43025374212185,7.714286765273879,183.37968379858646,4.8431250832501185,6.700721086774621,5.299158287899861,-0.1860646903514862,Andrew Hoffmann,29633,694851
Spencer Arrighetti,- - -,9.0,9.0,0.0,24.0,19.0,110.2,0.21544715,0.1300813,8.620482125810419,5.204819396715725,1.4638554553262977,0.24567474048442905,0.70728291,0.361842105,0.131386861,92.40458125858517,4.960843487494675,120.7370645220111,5.274558046692702,5.44108209587836,5.195802430601271,-0.1865389496088028,Spencer Arrighetti,29921,681293
Lyon Richardson,- - -,0.0,1.0,0.0,3.0,1.0,3.1,0.25,0.1875,10.800004312993819,8.100003234745364,5.400002156496909,0.0,0.3125,0.625,0.666666666,96.30000114440918,13.500005391242272,315.75690319375303,11.771846145387812,12.100724190474992,5.6596277926670435,-0.18654616922140121,Lyon Richardson,24581,680689
Kohl Drake,ARI,0.0,1.0,0.0,5.0,5.0,20.2,0.17894737,0.07368421,7.403226034202146,3.0483871905538247,2.1774194218241605,0.3064516129032258,0.71428571,0.261538461,0.135135135,91.5618193655303,6.532258265472482,155.2811674833452,7.911762045158234,6.197494885130061,5.755534035764423,-0.18918535113334656,Kohl Drake,32070,684442
Yariel Rodriguez,TOR,0.0,1.0,0.0,10.0,0.0,9.1,0.13333333,0.15555556,5.785715665136394,6.750001609325793,1.928571888378798,0.3448275862068966,0.52325581,0.387096774,0.153846153,95.63055419921875,7.714287553515192,186.8097946156561,7.410813939371778,7.1721501384464945,6.489504769484544,-0.1899356245994568,Yariel Rodriguez,33838,684320
Landon Knack,LAD,1.0,0.0,1.0,4.0,0.0,11.2,0.16,0.04,6.171428907744757,1.5428572269361893,3.0857144538723786,0.22857142857142856,1.0,0.282051282,0.181818181,93.69404529389881,3.857143067340473,92.17083205968311,4.092396191209865,6.957863663653949,5.347952703342144,-0.19128234684467316,Landon Knack,27487,689017
Lucas Giolito,SDP,2.0,3.0,0.0,7.0,5.0,29.2,0.13043478,0.16666667,5.4606742743304455,6.977528239422235,1.2134831720734323,0.30434782608695654,0.73412698,0.305263157,0.1,90.79912663755458,5.157303481312087,128.16064038290213,5.587658052371283,6.0670127947151995,6.350018305575932,-0.1914302371442318,Lucas Giolito,15474,608337
Jose Franco,CIN,1.0,0.0,0.0,10.0,0.0,20.1,0.16129032,0.17204301,6.639344677493279,7.08196765599283,1.3278689354986557,0.2711864406779661,0.77922078,0.338709677,0.107142857,95.08687133789063,4.426229784995519,103.5268186367389,5.228694410969348,5.903999460143972,6.065167387415732,-0.19217415153980255,Jose Franco,27014,683742
Luis Garcia,- - -,0.0,1.0,2.0,15.0,0.0,15.0,0.08108108,0.08108108,3.6000002288818505,3.6000002288818505,1.2000000762939502,0.3559322033898305,0.51470588,0.383333333,0.08,95.86000366210938,9.000000572204627,217.07919507604518,7.189502447937016,5.434054077996158,6.217213710104982,-0.19995518773794174,Luis Garcia,6984,472610
Jeff Criswell,COL,0.0,0.0,0.0,3.0,0.0,4.0,0.16666667,0.16666667,6.75,6.75,4.5,0.2,1.0,0.333333333,0.4,95.3545439749053,4.5,95.17300807372489,9.169874867624022,10.350720596313476,5.738090283051133,-0.2006676197052002,Jeff Criswell,27608,676105
Shaun Anderson,LAA,2.0,0.0,0.0,12.0,0.0,20.0,0.1827957,0.10752688,7.650000729560921,4.500000429153483,1.8000001716613934,0.3442622950819672,0.55921053,0.444444444,0.181818181,93.10000415558511,7.650000729560921,185.71909265018516,6.918142291400292,5.650720839500451,4.711606074268625,-0.20202328264713287,Shaun Anderson,19453,641312
Jose Corniell,TEX,0.0,1.0,0.0,2.0,0.0,4.1,0.14285714,0.14285714,8.307692917141027,8.307692917141027,4.153846458570514,0.5,0.40983607,0.157894736,0.2,94.19629810474537,20.76923229285257,510.65159658232255,5.884400304952393,10.023798027264334,7.50817264900406,-0.20795457065105438,Jose Corniell,27984,692030
Charlie Barnes,- - -,0.0,1.0,0.0,5.0,0.0,13.0,0.0952381,0.11111111,4.153846153846154,4.846153846153846,2.076923076923077,0.30434782608695654,0.67307692,0.469387755,0.23076923,89.34477757695896,6.923076923076923,166.38652067813467,7.482951814404424,7.023797519390399,5.5336932687805245,-0.2094631213694811,Charlie Barnes,19865,656212
Brendon Little,TOR,0.0,3.0,0.0,30.0,0.0,28.1,0.33333333,0.18939394,13.976474038095237,7.94117843073593,1.588235686147186,0.41379310344827586,0.65957447,0.580645161,0.3125,95.98817624327957,6.352942744588744,153.84336156627413,3.3235979307998833,4.936015166972448,3.4945441755308124,-0.2102881819009781,Brendon Little,21574,663893
Mitch Farris,LAA,1.0,4.0,1.0,33.0,0.0,60.0,0.24418605,0.1124031,9.450000600814857,4.350000276565569,1.5000000953674377,0.3225806451612903,0.80263158,0.402439024,0.172413793,91.72320004350348,4.050000257492082,98.32186945394143,4.939726202789763,4.667387362586134,3.960286542040329,-0.21037490665912628,Mitch Farris,33628,815083
Chase Petty,CIN,1.0,2.0,1.0,16.0,3.0,31.2,0.10791367,0.0647482,4.263158493887438,2.557895096332463,1.7052633975549754,0.2358490566037736,0.69364162,0.375,0.127659574,96.88028169014085,4.831579626405764,113.00770452711113,5.725398073579646,5.753352548065661,5.531197786991152,-0.21350888162851334,Chase Petty,30170,695534
Antwone Kelly,PIT,0.0,0.0,0.0,8.0,0.0,18.2,0.17283951,0.09876543,6.7500002299036375,3.8571429885163644,1.9285714942581822,0.2777777777777778,0.80357143,0.49122807,0.222222222,98.72894608347039,4.821428735645456,111.55318594914783,5.128552748822648,5.832863546512568,4.503120116705112,-0.21734346449375153,Antwone Kelly,29000,699008
Ricky Vanasco,DET,0.0,1.0,0.0,5.0,0.0,6.1,0.1,0.15,5.68421166755509,8.526317501332635,2.842105833777545,0.42857142857142855,0.46511628,0.433333333,0.133333333,93.73333108836206,15.631582085776497,373.92179776559124,7.268112901996622,8.784932263868566,8.255737879860106,-0.21738967299461365,Ricky Vanasco,23391,676568
Angel Chivilli,NYY,1.0,1.0,0.0,15.0,0.0,16.2,0.21917808,0.09589041,8.640002307129523,3.780001009369166,2.1600005767823807,0.2222222222222222,0.79268293,0.375,0.166666666,98.01525258209746,3.780001009369166,91.1211681935157,4.016757788371737,5.740721301269719,4.7949709278489046,-0.21848689019680023,Angel Chivilli,26790,683409
John Schreiber,- - -,2.0,4.0,2.0,66.0,0.0,60.1,0.16260163,0.10569106,5.966851897650474,3.8784537334728078,1.044199082088833,0.2441860465116279,0.75528701,0.471590909,0.116666666,93.7999989499328,3.2817685437077606,76.96919162035941,4.01328317681615,4.6255827479352645,4.618849237835203,-0.22071070969104767,John Schreiber,20020,670167
Tyler Ferguson,- - -,0.0,1.0,0.0,18.0,0.0,18.2,0.26923077,0.05128205,10.125001896705301,1.9285717898486288,2.8928576847729435,0.20454545454545456,0.80882353,0.326530612,0.23076923,95.45185456452546,5.30357242208373,125.20371636808062,4.467199636256832,6.154292596907139,4.078789859041774,-0.22222978621721268,Tyler Ferguson,19481,621053
Zach Maxwell,CIN,0.0,1.0,1.0,12.0,0.0,13.0,0.17910448,0.14925373,8.307693526589837,6.923077938824865,2.0769233816474593,0.35714285714285715,0.67226891,0.266666666,0.125,98.77894279970761,8.307693526589837,194.31189133750465,5.898933446204543,6.56225956572591,6.349759379575991,-0.225612074136734,Zach Maxwell,31610,687209
Tyler Gilbert,CHW,0.0,0.0,0.0,5.0,1.0,6.0,0.125,0.125,6.000001966953922,6.000001966953922,3.000000983476961,0.45454545454545453,0.60606061,0.375,0.2,91.12499872843425,12.000003933907845,290.1228424244608,9.98785670620175,8.100722235441745,6.283881222151724,-0.22743303701281548,Tyler Gilbert,17964,656457
Corbin Martin,CHC,0.0,0.0,1.0,7.0,0.0,5.0,0.16,0.2,7.2,9.0,3.6,0.21428571428571427,0.55555556,0.375,0.222222222,94.88392857142857,10.8,263.02717088606056,7.139200432425196,9.700720596313477,7.218532945215702,-0.22999835014343262,Corbin Martin,19884,656686
Andre Granillo,WSN,0.0,0.0,0.0,8.0,0.0,9.1,0.06,0.16,2.892857832568197,7.714287553515192,1.928571888378798,0.3055555555555556,0.52083333,0.305555555,0.111111111,94.16530811543367,9.64285944189399,225.67728960246527,7.065017487272639,8.136436082635893,8.262663629411842,-0.23082907497882843,Andre Granillo,29542,701552
Matt Seelinger,NYM,0.0,1.0,0.0,1.0,0.0,2.0,0.13333333,0.26666667,9.0,18.0,4.5,0.5,0.26315789,0.333333333,0.25,92.78499755859374,31.5,766.9828052393572,7.759492953421269,13.600720596313476,10.120512095093726,-0.23119841516017914,Matt Seelinger,23563,676910
Osvaldo Bido,- - -,2.0,0.0,1.0,11.0,0.0,18.2,0.13580247,0.12345679,5.303571880167882,4.8214289819708025,1.4464286945912408,0.22641509433962265,0.64516129,0.303571428,0.115384615,94.41739024286684,6.267857676562043,150.34186148172705,6.317592409335474,6.2614351511610025,6.27521851755661,-0.23204510286450386,Osvaldo Bido,23150,674370
Bradley Hanner,NYY,1.0,0.0,0.0,5.0,0.0,7.1,0.20588235,0.02941176,8.590910580532869,1.227272940076124,4.909091760304496,0.3181818181818182,0.78125,0.24,0.307692307,92.5763671875,8.590910580532869,207.093544685278,5.701227856939476,8.691630656660264,4.277354174255104,-0.23782937228679657,Bradley Hanner,26097,690440
Mitch Spence,KCR,0.0,2.0,0.0,3.0,1.0,9.1,0.10714286,0.16071429,5.785714482774546,8.67857172416182,2.892857241387273,0.42105263157894735,0.25210084,0.463414634,0.23076923,,21.214286436840005,496.1664317946267,5.703936356134647,8.886435079088024,6.810932659333078,-0.23987890034914017,Mitch Spence,27707,687765
Cole Ragans,KCR,1.0,4.0,0.0,8.0,8.0,35.1,0.29801325,0.15231788,11.46226456344405,5.858490776871403,2.5471699029875667,0.2328767123287671,0.83333333,0.341463414,0.227272727,94.91564464036313,4.8396228156763765,113.19062702557218,5.115854394408436,6.18562636770953,4.386628556925233,-0.24113918840885162,Cole Ragans,21846,666142
Chris Martin,TEX,1.0,1.0,0.0,16.0,0.0,14.0,0.13636364,0.03030303,5.7857150739554095,1.28571446087898,2.57142892175796,0.42,0.58035714,0.314814814,0.210526315,94.51692457932693,9.00000122615286,221.2823724331601,7.678772011007397,6.17214958619104,4.507007876362941,-0.24131816625595093,Chris Martin,11847,455119
Jonathan Pintaro,NYM,2.0,3.0,0.0,22.0,0.0,30.2,0.23076923,0.12307692,8.80434910381242,4.695652855366624,1.46739151730207,0.27631578947368424,0.68421053,0.417721518,0.161290322,95.64761788504464,5.282609462287452,128.62446426568894,4.320743687687297,5.122460020151884,4.529202376374031,-0.24165543913841248,Jonathan Pintaro,33980,702752
AJ Smith-Shawver,ATL,0.0,3.0,0.0,9.0,5.0,31.1,0.1875,0.11111111,7.75531922761754,4.595744727477061,2.010638318271214,0.2717391304347826,0.67164179,0.408163265,0.162790697,96.29866027832031,6.606383045748275,157.38174636700074,4.78087541312455,6.004975944927453,5.172811592562691,-0.2519599497318268,AJ Smith-Shawver,29960,700363
Cole Sands,MIN,1.0,1.0,1.0,13.0,0.0,12.0,0.19642857,0.08928571,8.250001966953747,3.750000894069885,2.250000536441931,0.3333333333333333,0.5952381,0.394736842,0.1875,93.12530002823796,8.250001966953747,198.04569697461076,5.820631743480087,6.017387958367832,4.780581996010478,-0.2525900900363922,Cole Sands,21461,663485
Carlos Estevez,KCR,0.0,1.0,0.0,1.0,0.0,0.1,0.0,0.28571429,0.0,54.00005632644807,27.000028163224034,0.75,0.0,0.0,0.5,91.17999674479167,162.0001689793442,3788.9111204336473,29.54090194020014,60.10078005200866,30.16012331781075,-0.25681599974632263,Carlos Estevez,14542,608032
John King,MIA,6.0,2.0,1.0,50.0,1.0,49.2,0.16751269,0.08629442,5.9798672262291275,3.080537661996823,1.2684566843516332,0.19117647058823528,0.67873303,0.471830985,0.132075471,90.5,3.9865781508194185,93.95158898465723,4.05767987316962,4.872533107788774,4.651549323524751,-0.2628161311149597,John King,22051,667463
Bryan Abreu,HOU,6.0,4.0,9.0,66.0,0.0,62.2,0.29850746,0.15298507,11.489363567167821,5.888298828173508,1.2925534013063797,0.2631578947368421,0.80103359,0.398550724,0.155172413,95.71022801409185,3.734043159329542,91.04106925747574,4.111613429440921,4.6166782892036755,4.14711364060743,-0.2642327845096588,Bryan Abreu,16609,650556
Eric Cerantola,KCR,0.0,0.0,0.0,4.0,0.0,5.1,0.25925926,0.37037037,11.812500704079909,16.87500100582844,3.375000201165688,0.25,0.71428571,0.5,0.5,94.34285315688776,10.125000603497064,236.8067121329907,7.421469776225208,10.975721065700082,7.23314265466762,-0.26900288462638855,Eric Cerantola,30128,672021
Owen Murphy,ATL,0.0,1.0,0.0,5.0,1.0,12.0,0.16071429,0.05357143,6.750000536441846,2.2500001788139485,3.000000238418598,0.3333333333333333,0.71428571,0.209302325,0.181818181,92.86818403764205,6.000000476837196,142.93608873545412,7.488206303293847,6.934054234292796,5.368862983784468,-0.27453430369496346,Owen Murphy,31761,702566
Chris Devenski,- - -,0.0,0.0,0.0,9.0,0.0,7.2,0.13157895,0.02631579,5.8695671644018965,1.1739134328803793,3.521740298641138,0.39285714285714285,0.50847458,0.387096774,0.23076923,92.86604049970519,11.739134328803793,282.9873245042038,4.782149785262871,7.6659395019593966,5.139240151917165,-0.2754383683204651,Chris Devenski,12763,606965
George Soriano,STL,6.0,5.0,4.0,70.0,0.0,66.0,0.22758621,0.12068966,9.000002080744444,4.772728376152357,1.3636366789006733,0.26704545454545453,0.7654321,0.445054945,0.142857142,96.56092838921283,4.227273704592087,102.55959187258968,4.55091019071962,4.797690685612093,4.429398213454693,-0.27724432945251465,George Soriano,21863,666277
Eli Morgan,KCR,0.0,1.0,1.0,16.0,0.0,19.1,0.17582418,0.0989011,7.448276351946887,4.189655447970124,2.327586359983402,0.3220338983050847,0.85714286,0.3125,0.192307692,91.16587611607143,5.120689991963484,119.76431492066872,7.280871187390755,6.514513924289133,5.182994327273368,-0.28160908818244934,Eli Morgan,20203,669212
Andrew Vaughn,MIL,0.0,0.0,0.0,2.0,0.0,3.0,0.03846154,0.19230769,3.0,15.0,12.0,0.5333333333333333,0.64516129,0.421052631,0.571428571,62.18333435058594,30.0,722.467055005493,18.26598617722224,25.767387262980144,11.957144011557103,-0.2863785922527313,Andrew Vaughn,26197,683734
Dennis Santana,- - -,2.0,5.0,3.0,57.0,0.0,56.2,0.196,0.1,7.782353552386058,3.970588547135744,1.5882354188542975,0.2822085889570552,0.65714286,0.337209302,0.126582278,94.06425702811245,5.558823965990041,129.31966075671457,4.681669077445299,5.147779580614571,4.958634228144552,-0.2877814918756485,Dennis Santana,17878,642701
Nick Sandlin,LAA,0.0,1.0,0.0,8.0,0.0,8.2,0.15,0.125,6.230770373485707,5.192308644571423,2.076923457828569,0.2916666666666667,0.42253521,0.423076923,0.181818181,91.39523460751488,11.42307901805713,277.31812656006144,6.320205593752855,7.485336785062678,6.40174272978941,-0.28892576694488525,Nick Sandlin,20517,680704
Bailey Falter,- - -,0.0,2.0,0.0,7.0,2.0,13.0,0.11594203,0.08695652,5.5384619447606855,4.153846458570514,2.7692309723803428,0.43137254901960786,0.64393939,0.351851851,0.25,92.27833353678385,10.384616146426286,242.8786824515362,6.72295912356192,7.2545670548839905,5.112900127790858,-0.2891988456249237,Bailey Falter,20070,663559
Joey Lucchesi,LAA,0.0,1.0,0.0,5.0,0.0,3.1,0.16666667,0.25,10.800007982259928,16.20001197338989,2.700001995564982,0.5,0.63492063,0.692307692,0.333333333,92.44999694824219,13.50000997782491,327.7397862410389,8.800142405753522,10.90072636127898,8.35963065761237,-0.2907761335372925,Joey Lucchesi,19320,664192
Jalen Beeks,TEX,2.0,1.0,0.0,29.0,0.0,26.0,0.18584071,0.07079646,7.269232902301759,2.7692315818292417,2.076923686371931,0.28205128205128205,0.9057971,0.4125,0.2,93.39420101147343,3.8076934250152075,93.61947997707969,5.788225408233524,5.408413581171178,4.150600615223193,-0.29218795895576477,Jalen Beeks,17192,656222
Robby Ahlstrom,TEX,3.0,1.0,0.0,42.0,0.0,37.0,0.20731707,0.09146341,8.27027197559913,3.648649400999616,1.7027030537998207,0.29523809523809524,0.64935065,0.366972477,0.159090909,94.39857634774881,6.08108233499936,149.51512696907102,4.311055471214343,5.181802106513258,4.517894212133535,-0.29531005024909973,Robby Ahlstrom,30167,695239
Tyler Tolbert,KCR,0.0,0.0,0.0,5.0,0.0,4.2,0.0,0.09090909,0.0,5.7857150739554095,7.714286765273879,0.52,0.51948052,0.379310344,0.5,,25.07143198714011,586.3785702185479,22.196505329770694,16.815008179022595,8.26054258395222,-0.2994489371776581,Tyler Tolbert,25779,686475
Roddery Munoz,HOU,0.0,0.0,0.0,3.0,0.0,4.0,0.24,0.24,13.500003218651585,13.500003218651585,6.750001609325793,0.4,0.68181818,0.23076923,0.5,94.98621026400862,15.750003755093516,384.0065905747142,9.403721655576643,14.35072327852313,6.865565118007546,-0.3039853274822235,Roddery Munoz,25311,682610
Jimmy Herget,COL,0.0,6.0,3.0,51.0,3.0,53.2,0.19831224,0.10970464,7.881989071672157,4.360249273690981,1.6770189514196079,0.304635761589404,0.67605634,0.335443037,0.136986301,91.98518390420043,5.701864434826667,120.59190886467623,4.4833117671830784,5.3926464965869405,5.024119526834685,-0.3047739416360855,Jimmy Herget,17556,623474
Connor Brogdon,CLE,2.0,2.0,1.0,16.0,0.0,16.0,0.21428571,0.04285714,8.43750201165724,1.6875004023314482,2.8125006705524136,0.21739130434782608,0.58333333,0.375,0.2,94.59552093050372,5.0625012069943445,122.42814270886129,5.147126304399637,6.03822129666822,4.334932998994715,-0.30844563245773315,Connor Brogdon,21205,641401
Carlos Cortes,ATH,0.0,0.0,0.0,9.0,0.0,9.1,0.02040816,0.16326531,0.9642858456592349,7.714286765273879,3.8571433826369397,0.3055555555555556,0.63218391,0.35,0.2,71.52450460471854,10.607144302251584,236.5423932918722,7.694262284146376,11.029293105067186,8.693355106942587,-0.31000566482543945,Carlos Cortes,21842,666126
Cole Henry,WSN,0.0,2.0,0.0,11.0,0.0,13.2,0.21428571,0.1,9.878049929322257,4.609756633683721,2.6341466478192688,0.3170731707317073,0.60747664,0.272727272,0.16,93.82941032858456,7.902439943457806,184.94526840635274,6.212260147456384,6.9055990876079765,5.862725337155533,-0.3124838173389435,Cole Henry,27570,669371
Trevor Martin,- - -,0.0,1.0,0.0,8.0,0.0,15.1,0.12328767,0.09589041,5.282608805171486,4.1086957373556,2.3478261356317716,0.3137254901960784,0.64102564,0.481481481,0.181818181,94.92195042555895,4.1086957373556,98.81908015593062,5.632117729251753,7.0789815483562,5.8540493373031985,-0.3145003356039524,Trevor Martin,31878,694680
Mike Paredes,MIN,0.0,3.0,0.0,9.0,5.0,34.1,0.12337662,0.08441558,4.980582708732187,3.40776711650097,1.5728155922312168,0.26548672566371684,0.75688073,0.384615384,0.127659574,93.03382305070465,4.718446776693651,113.2688312404058,5.261781956886379,5.663827487356942,5.458927486214963,-0.31594615429639816,Mike Paredes,30187,702474
Hurston Waldrep,ATL,0.0,1.0,0.0,3.0,2.0,10.2,0.16071429,0.17857143,7.593750452622798,8.43750050291422,2.531250150874266,0.3125,0.72115385,0.685714285,0.375,,8.43750050291422,201.003870790644,5.65506923544942,8.444470914825816,5.920642576436519,-0.31985850632190704,Hurston Waldrep,33527,694462
JR Ritchie,ATL,1.0,5.0,1.0,17.0,11.0,73.1,0.20858896,0.13190184,8.345454690160834,5.277272818778173,1.5954545731189826,0.2653061224489796,0.74112735,0.463768115,0.183098591,94.65785103790031,4.909090994212255,116.94770169902125,5.157386013648192,5.555266093419604,4.712574236171797,-0.32032154221087694,JR Ritchie,31760,702275
Duncan Davitt,- - -,0.0,1.0,0.0,6.0,0.0,8.0,0.13513514,0.10810811,5.625000670552334,4.500000536441867,3.3750004023314,0.28,0.6122449,0.428571428,0.272727272,93.03673693598533,7.875000938773267,192.7694535886373,7.668752059266802,8.225721207261158,5.426827529018453,-0.3232741728425026,Duncan Davitt,31886,701474
Luis Curvelo,TEX,0.0,0.0,0.0,9.0,0.0,10.1,0.10909091,0.12727273,5.225806612377985,6.096774381107649,3.4838710749186568,0.34210526315789475,0.65217391,0.238095238,0.181818181,95.49649636787281,9.580645456026307,235.55862967995435,6.765596560866685,9.003946584370091,7.186305220702683,-0.3277612626552582,Luis Curvelo,24710,681168
Lazaro Estrada,TOR,1.0,1.0,1.0,8.0,0.0,13.0,0.15789474,0.1754386,6.230769687855771,6.9230774309508565,1.3846154861901714,0.17142857142857143,0.61728395,0.4,0.133333333,92.77722772277228,5.5384619447606855,134.11983040688108,4.765844520470888,6.254566981524423,5.996754365753855,-0.3305705785751343,Lazaro Estrada,24914,681751
Yunior Tur,ATH,0.0,0.0,0.0,8.0,0.0,12.2,0.17948718,0.14102564,9.947370418221407,7.815791042888248,4.263158750666317,0.41304347826086957,0.34965035,0.307692307,0.23076923,94.92209642986919,16.34210854422088,364.4337586380349,9.258126443835678,9.890195643670946,6.8315599888523035,-0.33671748638153076,Yunior Tur,33026,814305
Brandan Bidois,PIT,0.0,0.0,0.0,15.0,0.0,15.2,0.25,0.15,11.489364266558036,6.893618559934822,2.872341066639509,0.3333333333333333,0.64,0.239130434,0.192307692,96.87921348314607,6.3191503466069205,146.20590540809775,5.80482209038273,7.185827891089668,5.542675789282821,-0.3402726650238037,Brandan Bidois,28052,684049
Aaron Brooks,TBR,0.0,1.0,0.0,1.0,0.0,0.1,0.0,0.5,0.0,54.00005632644807,27.000028163224034,0.0,-0.625,0.0,0.5,92.5,81.0000844896721,1940.8336745837917,13.65670421628065,60.10078005200866,30.16012331781075,-0.3443375825881958,Aaron Brooks,12272,605156
Xzavion Curry,NYM,0.0,1.0,0.0,9.0,1.0,21.1,0.15957447,0.09574468,6.328125377185665,3.796875226311399,2.9531251760199773,0.24193548387096775,0.85585586,0.246376811,0.152173913,90.78484922466856,5.484375326894243,133.5371928002179,5.0106248898207655,7.366345850564555,6.356433499991546,-0.34973413683474064,Xzavion Curry,25595,675540
Matt Krook,- - -,0.0,1.0,0.0,11.0,0.0,8.1,0.19565217,0.2173913,9.720003707887157,10.800004119874618,2.1600008239749235,0.30434782608695654,0.54945055,0.52,0.333333333,,10.800004119874618,245.60937408954217,7.836352014484168,8.3807226104744,6.347846774554702,-0.3503047227859497,Matt Krook,19315,640454
Kade Morris,ATH,0.0,1.0,0.0,6.0,2.0,17.1,0.11235955,0.07865169,5.192308073213143,3.6346156512491996,2.5961540366065714,0.390625,0.57575758,0.52173913,0.263157894,94.54745845471399,10.9038469537476,243.1589484438573,5.6588660698652316,7.427643990657762,5.332721869960521,-0.3504399973899126,Kade Morris,33787,695034
Connor Phillips,CIN,2.0,0.0,1.0,27.0,0.0,30.0,0.2,0.2137931,8.700001659393626,9.300001773834566,0.9000001716614097,0.25316455696202533,0.71969697,0.25609756,0.068181818,98.29522184300342,5.400001029968458,126.30273492868692,6.166529248355045,5.8673877906800325,6.781901730881907,-0.35128024220466614,Connor Phillips,27649,683175
Gus Varland,WSN,2.0,2.0,6.0,34.0,0.0,33.0,0.20645161,0.09677419,8.72727474496431,4.09091003670202,1.9090913504609426,0.3564356435643564,0.66390041,0.285714285,0.134615384,95.08438321133633,6.545456058723232,153.1870075931086,6.950898957159438,5.282539282554554,4.904193103213167,-0.35726580023765564,Gus Varland,24737,681402
Max Kranick,WSN,0.0,1.0,0.0,17.0,0.0,18.1,0.11702128,0.13829787,5.400000936334946,6.381819288395845,1.9636367041217984,0.35384615384615387,0.62146893,0.298507462,0.133333333,95.43385519192914,9.327274344578543,218.2914732032695,6.030839017805698,7.0279940045570735,6.662368803797758,-0.358367919921875,Max Kranick,22175,668820
Tyler Kinley,- - -,7.0,5.0,1.0,64.0,0.0,57.1,0.20689655,0.11206897,7.534885517386932,4.0813963219179215,1.5697678161222774,0.20689655172413793,0.81818182,0.328947368,0.133333333,94.37625934408723,3.45348919546901,82.31763007292918,3.4673500075742587,5.2111862157667606,4.9188986089449545,-0.3586864173412323,Tyler Kinley,18297,641755
Steven Cruz,KCR,2.0,4.0,8.0,56.0,2.0,58.2,0.26422764,0.08130081,9.971591827636747,3.0681821008113066,2.1477274705679146,0.2777777777777778,0.81881533,0.441558441,0.237288135,98.48298297831023,4.295454941135829,100.46345689840825,4.0586869867025825,5.163220786303299,3.5794226156486535,-0.3756031496450305,Steven Cruz,23165,674444
Corbin Burnes,ARI,0.0,0.0,0.0,3.0,3.0,10.1,0.17021277,0.08510638,6.967742792897722,3.483871396448861,4.3548392455610765,0.23333333333333334,0.77777778,0.171428571,0.217391304,,7.8387106420099375,186.33741817729316,6.856812047366178,9.003947129185159,6.07435988829581,-0.37780943512916565,Corbin Burnes,19361,669203
Mike Burrows,HOU,4.0,9.0,0.0,18.0,17.0,94.2,0.17730496,0.08274232,7.130281881689203,3.327464878121628,1.9964789268729768,0.3159722222222222,0.67434211,0.376623376,0.159090909,94.96577006431767,5.98943678061893,146.0306443955265,4.796960722590055,5.635931932025192,4.857476688431346,-0.38252968341112137,Mike Burrows,24728,681347
Phil Maton,CHC,0.0,1.0,0.0,31.0,0.0,27.2,0.22794118,0.11764706,10.084340362007065,5.204820832003647,1.6265065100011395,0.3670886075949367,0.75,0.414634146,0.227272727,,6.18072473800433,150.527642765071,6.84200656044589,5.486263477648482,4.337505537596479,-0.3835795223712921,Phil Maton,18064,664208
Ronel Blanco,HOU,0.0,1.0,0.0,8.0,5.0,33.2,0.2027972,0.11188811,7.752475613531529,4.27722792470705,2.4059407076477157,0.23863636363636365,0.63953488,0.354166666,0.2,93.3834141735782,6.683168632354766,162.9447738967343,4.870228810505614,6.368047483242473,4.9109773765079705,-0.3865048959851265,Ronel Blanco,19407,669854
Colton Gordon,- - -,0.0,1.0,0.0,5.0,1.0,14.1,0.17142857,0.05714286,7.534884389379137,2.5116281297930456,3.7674421946895684,0.40425531914893614,0.69444444,0.403846153,0.315789473,91.28181992567978,8.79069845427566,213.95357629629532,6.089531083646865,7.914674511750148,4.4743034557330095,-0.38692906498908997,Colton Gordon,31312,676467
Ken Waldichuk,WSN,0.0,0.0,0.0,5.0,0.0,9.1,0.19512195,0.14634146,7.714286765273879,5.7857150739554095,3.8571433826369397,0.18181818181818182,0.85106383,0.391304347,0.333333333,93.19374593098958,6.750000919614645,157.97408658002584,7.208014308015706,9.207864285488633,5.57772975442364,-0.39099812507629395,Ken Waldichuk,27681,686610
Jordan Leasure,CHW,2.0,1.0,0.0,18.0,1.0,18.2,0.23076923,0.1025641,8.67857305431883,3.8571435796972575,2.8928576847729435,0.1956521739130435,0.61643836,0.23076923,0.176470588,95.77622055425877,6.267858317008044,151.53735622584807,7.600752675628529,6.636435544369297,5.208031106034188,-0.39188219606876373,Jordan Leasure,29950,673929
Josh Simpson,SEA,0.0,0.0,0.0,8.0,0.0,7.1,0.26315789,0.10526316,12.2727309967872,4.90909239871488,4.90909239871488,0.3684210526315789,0.76923077,0.304347826,0.307692307,93.375,9.81818479742976,253.04459692368172,6.024607404818994,9.509813450191237,5.095536393724705,-0.39642858505249023,Josh Simpson,25957,681006
Joel Kuhnel,- - -,1.0,3.0,8.0,45.0,0.0,45.0,0.13861386,0.08910891,5.600001305474479,3.6000008392335943,1.4000003263686198,0.2896551724137931,0.71895425,0.503311258,0.179487179,95.30925722475405,4.4000010257299484,101.95321977560982,5.757626259857277,5.345165563983803,4.631519491534241,-0.4016685038805008,Joel Kuhnel,19995,669270
Bryan King,HOU,3.0,6.0,6.0,60.0,1.0,60.2,0.18345324,0.08273381,7.565935579887667,3.412088594851301,1.335165102333118,0.31746031746031744,0.69086651,0.497435897,0.155172413,92.01088169642857,5.192308731295459,126.59557445954718,4.0770442608391155,4.782039614066292,4.29699479389765,-0.4085354898124933,Bryan King,25890,687911
Brenan Hanifee,DET,0.0,1.0,0.0,23.0,2.0,21.1,0.10752688,0.07526882,4.21875100582862,2.9531257040800343,2.10937550291431,0.2714285714285714,0.8,0.602739726,0.263157894,96.18148012514467,5.0625012069943445,121.0996776987956,6.048722285804859,6.335096367448752,4.6329718634312265,-0.4094959385693073,Brenan Hanifee,22304,669724
Jeffrey Springs,ATH,4.0,14.0,0.0,29.0,29.0,142.2,0.17777778,0.09047619,7.065421064531634,3.595794648913421,2.2079440826661356,0.27790973871733965,0.66060606,0.342920353,0.171568627,91.33771106941839,6.18224343146518,137.86582095251723,4.940654748316,6.02361800098579,4.993375400953658,-0.42138543725013733,Jeffrey Springs,17677,605488
Justin Sterner,ATH,2.0,3.0,1.0,46.0,0.0,42.2,0.2173913,0.07065217,8.43750201165724,2.7421881537886033,2.320313053205741,0.2916666666666667,0.64220183,0.388888888,0.192982456,93.48501469947735,6.1171889584515,136.41508734293194,3.5639776897264834,5.491346166283028,4.156909700829453,-0.4269598424434662,Justin Sterner,27694,686993
Jack Ralston,MIA,0.0,3.0,0.0,16.0,1.0,17.1,0.24675325,0.11688312,9.865385881895307,4.67307752300304,2.5961541794461334,0.23255813953488372,0.77777778,0.478260869,0.25,93.60120217196912,5.711539194781493,134.60370337593267,4.5601002990502035,6.389182556945246,4.381369702326221,-0.4273209571838379,Jack Ralston,26104,667652
Austin Voth,- - -,0.0,1.0,0.0,3.0,0.0,10.0,0.05357143,0.10714286,2.70000025749209,5.40000051498418,2.70000025749209,0.36363636363636365,0.625,0.255319148,0.136363636,92.07777687355325,9.900000944137663,238.79174769403258,7.441483473015332,8.200721082687425,7.622491676201447,-0.435562439262867,Austin Voth,15047,608723
Justin Topa,- - -,0.0,1.0,2.0,25.0,0.0,22.0,0.13888889,0.11111111,6.136365764397973,4.909092611518378,1.6363642038394595,0.36,0.65989848,0.506329113,0.153846153,,6.954547866317703,166.94763041817143,5.933260610978119,6.009812514250294,5.430598199027054,-0.4411011300981045,Justin Topa,15145,623437
Seth Halvorsen,- - -,1.0,2.0,0.0,32.0,0.0,29.0,0.16312057,0.12056738,7.137931973415503,5.275862762959284,1.8620692104562182,0.2903225806451613,0.75688073,0.43877551,0.181818181,98.70286530901672,5.896552499778024,132.3809666979313,6.257158582373183,6.169686517250577,5.198188449109304,-0.44194620847702026,Seth Halvorsen,33294,678020
Luis Perales,WSN,0.0,0.0,0.0,6.0,0.0,11.0,0.21666667,0.21666667,10.636363636363637,10.636363636363637,4.090909090909091,0.3448275862068966,0.66666667,0.382352941,0.3125,99.05535888671875,11.454545454545455,268.07720131014594,7.048181933433966,10.191629687222568,6.478750777244568,-0.45036783814430237,Luis Perales,28148,691384
Chase Lee,TOR,1.0,0.0,1.0,8.0,0.0,9.2,0.11904762,0.19047619,4.655173638488148,7.448277821581037,2.793104183092889,0.19230769230769232,0.6779661,0.464285714,0.25,90.14615572415866,6.517243093883407,157.8220717574739,4.100722437343822,8.58348065942174,6.423350676579004,-0.4561639130115509,Chase Lee,29574,695445
Brendan Beck,NYY,0.0,2.0,0.0,4.0,2.0,12.2,0.22413793,0.13793103,9.236842568891554,5.684210811625571,4.263158108719178,0.22580645161290322,0.55555556,0.243243243,0.3,92.54070666827987,9.94736892034475,239.79249588215163,7.390199334713576,9.100720897473803,5.326871891299112,-0.45961011201143265,Brendan Beck,33043,694341
Ron Marinaccio,- - -,1.0,0.0,0.0,41.0,0.0,57.2,0.18461538,0.10384615,7.491330553477042,4.213873436330836,1.7167632518384885,0.2994011976047904,0.70351759,0.393258426,0.146666666,93.73918742961712,6.086706074700096,147.90691501608174,5.209431345253986,5.684535995545142,5.168504381773463,-0.4677332080900669,Ron Marinaccio,23488,676760
Luis Gil,NYY,1.0,2.0,0.0,9.0,4.0,27.1,0.13709677,0.14516129,5.597561236012214,5.926829544012932,1.9756098480043107,0.189873417721519,0.78034682,0.409638554,0.162162162,95.300395256917,4.609756312010059,111.12335134214412,5.76941862080036,7.125111027433369,6.315335723692591,-0.4684734679758549,Luis Gil,21052,661563
Tyler Zuber,MIA,2.0,1.0,1.0,44.0,0.0,39.2,0.24,0.06285714,9.529414208526408,2.495798959375964,2.26890814488724,0.32727272727272727,0.71111111,0.432203389,0.204081632,95.46496492928833,5.6722703622181,133.67825576714944,3.8018455682971037,5.243578288706981,3.8314323396739907,-0.47655439376831055,Tyler Zuber,20379,676604
Paul Sewald,- - -,2.0,5.0,24.0,62.0,0.0,53.1,0.24200913,0.05936073,8.943751332722803,2.193750326894272,2.193750326894272,0.19852941176470587,0.69587629,0.209459459,0.136842105,91.35835508060254,4.725000704079972,112.39509101876305,4.123484837605642,5.2382209148258445,4.758972647013448,-0.47781333327293396,Paul Sewald,13892,623149
Ryan Walker,SFG,0.0,1.0,3.0,33.0,0.0,32.2,0.1483871,0.12258065,6.336735927180062,5.234694896366138,1.3775512885174048,0.32710280373831774,0.62264151,0.444444444,0.128205128,94.327998046875,7.163266700290505,175.7074219218538,4.42298855312057,5.519088413932921,5.3319230987160795,-0.47929197549819946,Ryan Walker,20423,676254
Trent Thornton,CHC,5.0,5.0,3.0,48.0,0.0,48.1,0.15816327,0.08673469,5.7724148561386635,3.165517824334106,1.4896554467454615,0.24087591240875914,0.80321285,0.451388888,0.137931034,95.13451500276548,3.351724755177288,81.62913703176446,4.955318964553393,5.211065812536214,4.871216511287431,-0.48614853620529175,Trent Thornton,17948,663423
Simeon Woods Richardson,- - -,2.0,7.0,0.0,20.0,10.0,66.0,0.1320132,0.12211221,5.45454576980971,5.045454837073981,1.5000000866976702,0.3192488262910798,0.62378168,0.363636363,0.114583333,92.59385317847843,6.681818568016895,160.63030407973918,5.974297704888127,5.827993481218332,5.857538815372249,-0.4875363176688552,Simeon Woods Richardson,24494,680573
Lucas Erceg,KCR,4.0,4.0,13.0,52.0,0.0,48.1,0.14912281,0.14035088,6.33103514899262,5.958621316698936,0.9310345807342089,0.33112582781456956,0.6744186,0.519480519,0.116279069,97.28139383478683,5.586207484405253,130.65198506929613,4.643995935394936,5.397272562124526,5.395731539005988,-0.4899144470691681,Lucas Erceg,19360,668674
Taijuan Walker,PHI,1.0,4.0,0.0,5.0,4.0,22.2,0.14782609,0.09565217,6.750000189332407,4.3676471813327336,3.176470677332897,0.358974358974359,0.625,0.406976744,0.228571428,91.89999752952939,9.13235319733208,210.82471172209708,7.836709554923322,7.777191315720242,5.520412630154057,-0.5013285428285599,Taijuan Walker,11836,592836
Eric Lauer,- - -,8.0,7.0,0.0,22.0,18.0,108.1,0.15450644,0.0751073,5.98153853174695,2.9076923418214338,2.160000025353065,0.24695121951219512,0.75045208,0.309248554,0.143646408,91.10039680088933,5.233846215278581,125.7863700780133,5.031549847764672,5.9991821687957945,5.40186952153509,-0.5051922500133514,Eric Lauer,19316,641778
Mason Englert,TBR,0.0,4.0,1.0,15.0,4.0,39.1,0.2122905,0.05027933,8.694915956959155,2.0593222003324314,2.97457651159129,0.3305084745762712,0.79908676,0.325581395,0.224137931,92.75689907731682,5.94915302318258,142.5469688752847,6.180227024860959,6.227839493114576,4.157685600329456,-0.5091437920928001,Mason Englert,22288,669438
Mason Black,KCR,0.0,0.0,0.0,17.0,0.0,31.1,0.13380282,0.14084507,5.457447362194403,5.744681433888845,1.7234044301666533,0.25263157894736843,0.82568807,0.336633663,0.130434782,93.99152542372882,4.308511075416633,100.76881789079538,6.747316843826621,6.483699662936907,6.210993395012521,-0.5093041062355042,Mason Black,30171,696131
Eduard Bazardo,SEA,4.0,4.0,1.0,73.0,0.0,67.1,0.23569024,0.08417508,9.356437410493871,3.341584789462097,1.7376240905202904,0.32085561497326204,0.80684597,0.346938775,0.152941176,95.41538649338942,4.009901747354516,103.34741016776525,4.935725362231191,4.734384271161613,4.130539682347944,-0.5101049542427063,Eduard Bazardo,20997,660825
Hunter Barco,PIT,0.0,1.0,0.0,7.0,0.0,17.2,0.16091954,0.14942529,7.1320764983665175,6.622642462768909,2.0377361423904334,0.3148148148148148,0.625,0.465517241,0.181818181,94.05923227163461,7.641510533964126,176.80129527281184,6.483527360838394,7.006381535895141,5.9432326934152595,-0.5117684602737427,Hunter Barco,33174,682995
Danny Young,ATL,0.0,1.0,0.0,16.0,1.0,12.1,0.23076923,0.2,10.94595051295239,9.486490444558738,2.189190102590478,0.3870967741935484,0.74626866,0.4375,0.23076923,,8.027030376165087,191.225372491058,6.932959781178024,7.722344146226709,6.151693064581492,-0.5130507685244083,Danny Young,18439,664849
Richard Lovelady,- - -,3.0,4.0,4.0,38.0,6.0,35.0,0.18023256,0.13953488,7.971431177879719,6.171430589326234,1.2857147061096321,0.3333333333333333,0.79032258,0.440366972,0.147058823,91.27928466796875,4.114287059550822,97.01805917182288,5.704935347632869,5.586435694792099,5.196048580838907,-0.5175561606884003,Richard Lovelady,19337,663992
Mitchell Parker,WSN,3.0,3.0,1.0,22.0,0.0,39.2,0.19101124,0.07303371,7.714286208868344,2.9495800210378964,2.0420169376416206,0.30833333333333335,0.61983471,0.375,0.173076923,93.64026202986726,6.579832354623,153.99153547531824,5.208460133808908,5.470468647403752,4.500247886921926,-0.5229379534721375,Mitchell Parker,27636,680730
Valente Bellozo,COL,0.0,1.0,0.0,3.0,0.0,10.2,0.16666667,0.14583333,6.750000402331376,5.9062503520399545,4.21875025145711,0.18518518518518517,0.72727273,0.258064516,0.294117647,90.36666531032986,7.593750452622798,160.60446069718256,11.599954454029781,9.944471004232788,6.257117135039883,-0.5251873731613159,Valente Bellozo,23899,678368
Sam Bachman,LAA,1.0,3.0,1.0,44.0,0.0,48.2,0.22580645,0.13364055,9.061645729722477,5.36301481963167,1.2945208185317822,0.265625,0.73208723,0.507462686,0.162790697,98.37931034482759,4.808220183118048,116.72917706012353,4.03375303377743,4.99113195035989,4.455354795022252,-0.531436562538147,Sam Bachman,29754,696147
Carson Seymour,SFG,0.0,2.0,1.0,25.0,1.0,31.2,0.16428571,0.11428571,6.536843023960739,4.547369060146601,1.7052633975549754,0.26595744680851063,0.73232323,0.489795918,0.193548387,97.23595728499166,4.547369060146601,111.54219541388275,6.2331938371484705,5.721773596259087,4.73672403353752,-0.5533657670021057,Carson Seymour,30084,693313
Kodai Senga,NYM,0.0,9.0,8.0,31.0,8.0,61.1,0.26501767,0.14487633,11.005435695269684,6.016304846747427,2.054347996450341,0.3087248322147651,0.6323185,0.28125,0.177215189,96.34583333333333,7.33695713017979,178.64507814686343,5.337283626018458,5.823546909069087,4.800966892776299,-0.5647901892662048,Kodai Senga,31838,673540
German Marquez,SDP,4.0,2.0,1.0,13.0,10.0,53.0,0.15677966,0.10169492,6.283018867924528,4.0754716981132075,2.3773584905660377,0.2578616352201258,0.7980456,0.374269005,0.179487179,94.64056919642857,5.264150943396227,130.8158339765332,5.738267498652737,6.610154558577628,5.398303019944228,-0.6004592254757881,German Marquez,15038,608566
Luis Morales,ATH,0.0,2.0,0.0,5.0,2.0,16.0,0.14444444,0.15555556,7.312500435858991,7.875000469386606,3.937500234693303,0.36363636363636365,0.49689441,0.387096774,0.291666666,97.16582402096519,13.500000804662752,301.05393202761275,7.664610648383077,9.975721006095434,6.553064426174393,-0.6180325597524643,Luis Morales,32227,806960
Ryan Weiss,HOU,0.0,3.0,0.0,9.0,2.0,26.0,0.22900763,0.15267176,10.384616527331778,6.9230776848878515,2.7692310739551407,0.3698630136986301,0.70776256,0.320987654,0.242424242,95.21173220264669,7.6153854533766365,185.67349248521327,6.419868429446878,7.100721036470902,5.0171269506502725,-0.6267769634723663,Ryan Weiss,24621,680802
Scott Barlow,ATH,2.0,0.0,2.0,36.0,0.0,33.1,0.19078947,0.125,7.830002090836129,5.130001369858154,1.890000504684583,0.2111111111111111,0.61611374,0.37113402,0.155555555,88.99868292557566,6.4800017303471416,144.50591734727496,5.623516859103898,6.430721485519647,5.739080562508264,-0.6318862438201904,Scott Barlow,14993,605130
Mason Barnett,ATH,1.0,4.0,2.0,20.0,6.0,50.0,0.21834061,0.13100437,9.00000068664556,5.400000411987336,2.5200001922607567,0.2932330827067669,0.68807339,0.333333333,0.208955223,94.86040181068233,7.020000535583537,156.54804726703617,5.071037920289985,6.6607208679199434,5.043981048755251,-0.6384709775447845,Mason Barnett,31741,686930
Philip Abner,- - -,0.0,0.0,0.0,13.0,0.0,19.0,0.11627907,0.12790698,4.736842580779485,5.210526838857434,2.8421055484676914,0.2542372881355932,0.63559322,0.40625,0.222222222,90.56436893857759,7.105263871169228,170.6964473021105,7.67990572540015,7.890194761323845,5.930572734789687,-0.6542001813650131,Philip Abner,33821,691769
Drew Pomeranz,- - -,2.0,3.0,0.0,31.0,0.0,29.0,0.12592593,0.11851852,5.275862762959284,4.965517894549915,2.1724140788655877,0.26881720430107525,0.77114428,0.272727272,0.134615384,92.1424074364255,5.586207631368654,135.73642912297746,5.34022949104637,6.928307306695703,6.497775490348737,-0.6549217402935028,Drew Pomeranz,11426,519141
Jesse Scholtens,TBR,5.0,3.0,0.0,12.0,2.0,47.2,0.17703349,0.07177033,6.986014358734684,2.8321679832708178,2.265734386616654,0.2605633802816901,0.83665339,0.381578947,0.193548387,93.14329417158918,4.342657574348587,104.05391686420725,5.177971693353733,5.953867601682597,4.6450606044879,-0.6659251749515533,Jesse Scholtens,19205,669947
Clayton Beeter,WSN,6.0,5.0,12.0,50.0,0.0,48.0,0.22488038,0.14832536,8.812501400709374,5.812500923872141,1.500000238418617,0.23333333333333334,0.76530612,0.491935483,0.177777777,95.70913309010152,4.500000715255851,105.31606011137997,4.769638805545963,5.434054300520215,4.682914779516379,-0.7378610968589783,Clayton Beeter,27494,690925
Chris Roycroft,- - -,2.0,0.0,1.0,27.0,0.0,38.1,0.15343915,0.11111111,6.8086963861967424,4.930435314142469,2.347826340067842,0.3333333333333333,0.75806452,0.578947368,0.333333333,95.08765251253858,6.5739137521899575,156.20240371651084,6.247378593270227,6.8572427404220235,4.647595697382233,-0.7754713445901871,Chris Roycroft,31261,688297
Matt Gage,SFG,4.0,1.0,1.0,34.0,0.0,27.1,0.17460317,0.13492063,7.243905303452426,5.59756318903142,1.975610537305207,0.275,0.74468085,0.411764705,0.181818181,92.20345052083333,5.59756318903142,137.30235633269027,5.378348018559096,6.320234064514555,5.289498037296045,-0.782768189907074,Matt Gage,17381,657424
Kyle Finnegan,DET,3.0,1.0,2.0,63.0,0.0,60.2,0.17407407,0.12592593,6.972528641674107,5.043956889721695,1.4835167322710867,0.3202247191011236,0.80681818,0.459459459,0.142857142,96.19561901231752,4.302198523586151,102.91253933583494,5.75056980467696,5.424896810204846,5.024227003306242,-0.8050044178962708,Kyle Finnegan,15009,640448
Justin Lawrence,- - -,0.0,3.0,1.0,37.0,0.0,34.1,0.24293785,0.15819209,11.271847269337679,7.339807524219884,2.3592238470706772,0.32967032967032966,0.62913907,0.424242424,0.257142857,95.63656123991936,7.339807524219884,172.76269272449494,6.468660337697536,6.974507900762861,5.105954591405391,-0.8785573989152908,Justin Lawrence,17639,664875
Miles Mikolas,WSN,3.0,9.0,0.0,25.0,11.0,116.0,0.11646586,0.04618474,4.50000014798395,1.7844828173039804,2.094827655095977,0.28350515463917525,0.66022544,0.438256658,0.176470588,93.20044432511087,5.8189657085999364,136.18454332137298,5.470749473233859,5.773134477300114,4.7387728023941875,-0.8872731328010559,Miles Mikolas,9803,571945
Zack Littell,- - -,8.0,8.0,0.0,26.0,14.0,124.1,0.13518519,0.07222222,5.284182440734291,2.823056372447087,2.171581824959298,0.2683544303797468,0.71323529,0.344418052,0.15625,91.67599245101687,5.211796379902315,122.24090444673934,6.614723058887244,6.076591986072515,5.271498002079854,-0.9281471371650696,Zack Littell,15823,641793
Aaron Bummer,- - -,1.0,2.0,0.0,21.0,0.0,16.2,0.14772727,0.125,7.020001874542737,5.9400015861515465,3.780001009369166,0.30357142857142855,0.57251908,0.451612903,0.269230769,90.64444421838832,10.260002739716308,243.013418787231,6.526484618637114,9.160722214508489,6.056158754549203,-0.9348517954349518,Aaron Bummer,16258,607481
Jameson Taillon,- - -,2.0,6.0,0.0,18.0,18.0,86.0,0.20540541,0.08648649,7.953488372093023,3.3488372093023258,2.8255813953488373,0.24892703862660945,0.78817734,0.339768339,0.2109375,91.81341660897942,5.651162790697675,137.57260799159613,5.943652897800577,6.600720596313478,4.766611944242966,-1.047221340239048,Jameson Taillon,11674,592791
Alex Lange,KCR,2.0,7.0,10.0,59.0,0.0,60.0,0.21818182,0.12,9.000001144409325,4.950000629425129,1.9500002479553538,0.31901840490797545,0.66433566,0.451428571,0.196969696,95.92930866109914,6.7500008583069935,157.87115208649558,5.4077448382076545,5.867387614780047,4.711606125477302,-1.0647372007369995,Alex Lange,19883,656638
Tim Hill,NYY,5.0,2.0,2.0,67.0,0.0,58.2,0.10373444,0.05394191,3.835228436496,1.99431878697792,1.8409096495180801,0.22826086956521738,0.71678322,0.6875,0.307692307,89.19183474170919,4.6022741237952,110.94298479486233,4.504444196918627,5.930266909461636,4.274913013286687,-1.1376261711120605,Tim Hill,16814,657612
Tony Santillan,CIN,3.0,4.0,5.0,44.0,0.0,40.2,0.18848168,0.14659686,7.967213612991934,6.196721698993726,2.4344263817475356,0.2543859649122807,0.71428571,0.327868852,0.186440677,94.50820401480638,6.418033188243503,150.11388702327145,6.680137170029525,7.059737237337247,5.733930167885992,-1.192572832107544,Tony Santillan,19926,663574
Matt Strahm,KCR,3.0,4.0,0.0,41.0,0.0,35.2,0.1863354,0.08695652,7.570094807365419,3.5327109101038623,3.0280379229461674,0.2621359223300971,0.68062827,0.278260869,0.176470588,91.25732024898375,7.317758313786571,171.1500427835168,4.225031028528189,7.1381044935750335,5.642952197853713,-1.2800167798995972,Matt Strahm,13799,621381
